id,x1,x2,x3,x4,x5
0,-7.865552721,-4.157707055,5.205916923,9.783767632,-3.762057687
1,-5.305651826,-1.711761235,4.452315095,9.804252913,-2.362342523
2,4.655486881,-4.822279112,-1.722423173,3.538365051,2.437118414
3,5.509964347,-2.689786406,-1.057307668,3.228316035,0.808281341
4,6.574348753,-5.327830261,-1.267339317,3.534195758,1.584522691
5,6.030009958,-6.787484258,-3.206655116,3.02676414,-1.62287241
6,7.211191183,-9.388552131,-2.241587066,3.521278311,-1.528645609
7,5.975207894,-5.264675601,-6.359597893,4.052720072,0.478843641
8,9.307978776,-11.25201645,-1.207721163,7.622720912,-10.05694925
9,8.374544523,-1.948049227,0.691798778,4.981671531,-0.983013619
10,10.17385575,-8.059105408,-3.623900464,8.326235181,-7.872564704
11,-5.162426575,-4.438647625,5.644549753,8.594090086,-3.22793874
12,8.395037936,-8.743105089,-1.052869409,7.285987136,-8.267118736
13,7.629297872,-2.921855267,-6.76251286,1.410473458,0.036756754
14,7.53923223,-5.105859097,-2.425475626,4.071807489,-0.354881734
15,-6.018059567,-4.214821413,5.220651345,11.21979347,-3.24745206
16,6.786095377,-3.26966905,-3.282229479,6.750446306,-1.108119435
17,-9.707978992,-3.793037369,6.091459465,5.445946583,-2.526691119
18,9.672611891,-3.973744987,-2.323972738,2.051634553,0.094829455
19,5.500303731,-9.086683244,-4.874501278,7.231990556,-3.792129744
20,9.15746274,-8.988002957,-2.09570846,6.04323276,-4.772888165
21,7.304507194,-7.124061343,-2.591221582,4.428957775,-7.079223709
22,-6.281362144,-4.509937466,8.231318097,8.066427236,-1.580740007
23,-5.74703855,-6.410300945,4.833329043,8.454825238,-3.880605399
24,7.875362933,-11.03306002,0.029370994,7.083092568,-3.926797007
25,9.37260374,-5.91986919,-4.423939185,2.395930308,-0.029599782
26,7.267898172,-5.31387796,-3.306434575,2.454165387,0.448661969
27,10.72284058,-10.48172771,-1.836173723,6.134152995,-5.488124873
28,11.49921849,-9.439367128,-4.259705911,2.856657208,-7.942356491
29,9.957926139,-11.67144171,0.30343085,4.926203586,-9.172155078
30,9.291496062,-8.752601071,-3.182800023,6.96603451,-6.196637724
31,-6.40818753,-5.023350729,3.69433191,8.108768632,-4.609248596
32,11.17598382,-10.7046344,-3.231102353,8.937377341,-9.765057766
33,-9.408120687,-2.458015606,3.068594513,10.18813307,-2.720455952
34,9.651457912,-2.760481732,-4.210776264,2.816943451,1.262466402
35,-5.808910334,-2.885383071,3.331579398,9.441580448,-3.641830394
36,11.18363919,-10.80285741,-2.610835032,6.524358467,-9.854472529
37,7.844387884,-6.894348166,-2.314597902,4.013331938,-1.360529724
38,-8.173112566,-2.338640233,4.528800904,7.110062354,-3.124205689
39,-5.959947047,-3.229651052,3.730550599,5.467292551,-2.442833388
40,5.431199252,-6.576261117,-1.728211113,3.413541185,-7.080020142
41,9.215140689,-10.45642797,-3.536459556,6.238252041,-6.260788334
42,8.70754625,-9.834130112,1.739627818,5.440692165,-8.963704003
43,-7.651461637,-3.152003572,7.352449288,6.682351143,-7.34986418
44,5.801887422,-6.662883875,-0.998695999,2.138485547,-0.038113873
45,-8.728946057,-3.928718836,4.738551641,8.503616932,-3.257204139
46,-11.07678602,-3.380244874,4.319915669,7.48946988,-4.713260664
47,10.13285957,-10.28058281,-1.725945894,7.865390953,-4.595021392
48,6.346612762,-6.431870537,-2.667172672,2.267481225,2.291437147
49,-9.031260338,-4.533464405,6.000432645,7.386839592,-3.697147466
50,-5.05214007,-3.260380159,3.591138309,8.440556824,-4.68003715
51,11.83474728,-7.29444387,-1.643542208,7.364825988,-11.90368693
52,8.332700881,-9.576608836,-1.413958069,6.29670252,-9.039416638
53,7.195505995,-6.696268967,-3.046777475,3.524176587,-0.747408755
54,7.500145036,-3.104359134,-0.142325675,3.814479789,1.545279677
55,-7.43026837,-5.874981053,5.798509828,8.984596362,-4.325252352
56,-8.156710275,-5.045160744,4.533422314,5.632511267,-1.961636493
57,-8.080587966,-2.613108001,5.021022103,9.540426114,-3.008633476
58,10.65126838,-8.760206016,-2.269148103,7.356392328,-7.81074396
59,8.672838969,-9.400295749,-1.017347409,7.145434143,-7.313200987
60,6.309544943,-6.511517469,-1.717293562,1.646686738,0.360125772
61,-7.729901067,-1.706825326,7.655363051,6.609202497,-4.415376737
62,-6.408056491,-1.0528029,3.673723739,6.862299016,-6.247440353
63,10.40744914,-8.581266241,-1.263056523,7.653615966,-6.20702478
64,7.822179756,-10.45677571,-4.978248204,4.438021582,-6.684219754
65,9.470669659,-11.8645555,-1.738709312,7.774839709,-7.643186193
66,7.741287784,-8.46993886,-3.11453804,7.268037942,-5.497504824
67,8.974517856,-5.016307812,-4.627524106,2.657158427,-0.117977817
68,6.255112686,-5.245537649,-2.216300351,2.292877996,-1.239739084
69,10.05703696,-8.832714942,-1.064836921,6.57410569,-10.27976885
70,9.002270455,-9.067001691,-1.054094389,4.18131142,-8.431087755
71,8.236846505,-3.57357329,-1.768623601,0.643272796,0.442052981
72,-6.210561021,-3.051056346,7.235537008,7.740881131,-2.226536975
73,3.932689965,-5.544025878,-4.341121848,4.567568982,-0.131219225
74,9.042158331,-4.500948339,-3.266535662,2.381005872,0.631947314
75,8.085562722,-4.141088704,-3.230925804,2.740529014,-0.956485125
76,-6.244162375,-3.420342874,5.78166982,9.602666228,-3.057587865
77,6.076662687,-5.845086851,-1.816694866,1.081977184,-2.41241991
78,-8.371481072,-4.750877702,4.173018033,9.235746612,-0.138821279
79,9.001742903,-5.971582189,-1.472254982,4.553984532,-1.062050985
80,-7.422965955,-3.82600077,6.541762246,8.04459058,-2.721188912
81,4.312589338,-4.763162207,-5.692412431,4.355969212,-0.873996476
82,-7.335531455,-1.691177493,3.347832694,7.39539663,-0.340440823
83,-4.432338318,-3.089668536,3.313793008,8.537368426,-1.110769254
84,9.482197056,-7.644309368,1.247268471,6.716013887,-8.04637877
85,-3.91935398,-3.34059555,7.156052177,8.00259235,-2.11158179
86,8.884585822,-12.99184612,-3.009022944,5.682834379,-7.720610416
87,10.27101155,-2.497683363,-3.352383276,1.259655585,-0.892572561
88,-7.276859545,-2.998588503,5.999310238,8.944638488,-2.925826334
89,11.69036942,-7.179414767,-2.06642532,8.215543268,-7.738420697
90,8.845424014,-7.979461446,-0.458633601,4.400163346,0.908630647
91,-8.327307353,-4.503673006,4.233108479,8.005258461,-5.812270786
92,8.82003158,-2.7581095,-2.029320063,4.780270762,-2.261049187
93,3.927134825,-4.733732779,-1.565247509,3.480010251,-1.33877719
94,-8.643024703,-4.632512509,4.065426438,9.02362487,-0.660209033
95,-4.981565693,-2.948037828,6.663716331,4.594247235,-3.293386167
96,9.264695049,-8.791601667,-0.841939238,3.623675296,-6.568040748
97,10.46082416,-7.472114955,-3.624851638,7.282111799,-6.968903504
98,-8.010646529,-2.85440223,4.599531638,8.39494275,-2.610745523
99,-3.802616199,-5.065220349,4.157031198,11.73524451,-2.21848381
100,-4.416458658,-2.829308935,5.68609952,8.797734808,-4.407484444
101,11.35014983,-9.029496053,-2.165886263,3.336015885,-6.157632784
102,-6.215371199,-6.995945093,2.40223902,7.651626251,-3.507002868
103,-5.672610823,-5.800288161,3.320584727,6.852718151,-4.52037745
104,-8.457134988,-4.870592737,4.643297609,8.664988853,-3.672580927
105,8.706019903,-8.198606006,-1.967014679,4.180009571,-6.211023033
106,9.411919658,-8.789694043,-4.08960746,4.905474656,-9.124360778
107,7.277821323,-5.725326982,-3.876474188,2.220902182,2.759920881
108,5.713908681,-7.340102228,-5.168477049,0.669938854,4.431250058
109,-6.483990486,-1.839845937,0.987235363,8.233362386,-3.437747091
110,-6.818105091,-1.69372768,4.896398349,6.061511934,-2.253949439
111,5.134749284,-7.555323171,-2.601104835,4.032241308,-0.672437387
112,6.924643523,-9.867102455,-3.467373319,7.774190008,-7.847678205
113,-4.586338364,-4.130454982,3.947390104,6.404690393,-2.965048462
114,9.918344139,-9.0626514,-1.840839345,6.416743072,-9.200268119
115,5.009906361,-4.299836594,-3.610950662,4.288240445,-0.43481706
116,-5.458697201,-3.682394538,3.531316766,7.577007274,-2.515199722
117,7.830707319,-5.746261785,-2.70380371,2.915552499,-1.534358782
118,-9.580138564,-3.544524747,1.908816179,8.453479254,-6.139554165
119,-8.426937443,-1.274877997,4.437063199,9.520381947,-2.597403994
120,10.71978074,-6.101193286,-0.721700796,6.050378862,-6.193060749
121,7.798179439,-7.156035895,-2.678913618,6.331656613,-4.786569097
122,-6.534467778,-3.570601352,6.755104442,7.722058061,-2.873491361
123,7.882870237,-9.499069362,-4.590102343,7.133054655,-9.229945669
124,8.584362993,-4.045089081,-2.241132997,3.181314785,2.138507257
125,7.083691184,-4.672664167,-1.498083552,4.754985385,-0.470939502
126,10.5866138,-4.204959351,-3.083134723,4.235988939,-0.201439458
127,-6.784852318,-4.20121362,4.817429612,9.24112014,-3.175924476
128,8.829727525,-7.111899174,-4.105180244,7.994658639,-8.533608587
129,8.785762104,-7.328484133,-3.928627901,2.86276486,-0.387537884
130,10.02976348,-11.01478199,-2.644657007,5.502071399,-7.998923599
131,7.232733088,-7.828983475,-4.114768685,3.16300023,-0.7875872
132,6.333808609,-8.397815524,-1.941863745,4.700968446,-0.577950267
133,-6.963392548,-3.951046949,2.766441106,11.25607098,-3.743136717
134,-6.642926439,-4.288348126,4.690740447,9.592794951,-2.802161728
135,8.297940916,-8.206855421,-4.326978331,7.256364371,-6.920742226
136,4.93965514,-5.443492299,-7.018253092,5.252104284,-1.860731718
137,9.025785836,-2.938280142,-3.188834509,6.035185376,0.455797505
138,-6.040330486,-1.901007248,3.13190238,4.305312556,-5.249401695
139,-7.707207059,-3.100205589,3.482694555,9.516556654,-2.99632931
140,10.21082268,-9.654632906,-4.170865606,6.677662913,-7.423266306
141,7.004785077,-8.066575513,-0.21869122,8.365949498,-7.654344864
142,7.412722833,-5.843335301,-3.493791786,1.544842019,-2.480164387
143,8.778623315,-9.282271263,-1.44705443,6.863130996,-6.964744431
144,10.55765831,-9.580381274,-3.050690067,9.394474334,-9.054422828
145,10.13869907,-3.760939109,-0.902924838,2.304677188,0.509457192
146,-8.437768187,-2.233941873,5.431380152,6.933652515,-0.188920645
147,4.694423207,-4.618649686,-3.480721731,1.543985559,1.847064885
148,5.057106332,-4.588296091,-2.335792706,3.096494884,0.259201274
149,4.324850696,-2.876033722,-3.796766089,2.102927481,3.088019521
150,6.453192329,-7.579354051,-3.289559898,2.059753562,-9.814569976
151,-6.229112081,-3.690964792,6.41541132,9.445312382,-3.248657778
152,-8.546365777,-4.152833371,5.093941942,8.888276394,0.403054327
153,-5.814043952,-4.938630554,6.522739703,8.62313184,-4.13470629
154,8.310895942,-7.915330567,-2.706544223,4.256811497,0.70278732
155,10.62797674,-9.157786605,-4.085447732,6.564585429,-8.603289283
156,10.00341239,-4.978898066,-1.412210547,1.827579899,-1.019396829
157,8.653951031,-2.466092387,-2.654061502,3.304930058,-0.138303573
158,4.996742598,-4.686096499,-3.13794245,2.567940083,0.589307245
159,9.732910154,-8.106695303,0.55209584,5.491575334,-5.973775147
160,8.587734726,-5.142834026,-2.299368562,4.666892691,2.951725593
161,9.044983363,-8.13291973,-1.247363225,7.606756679,-7.27600813
162,8.819078435,-9.647402508,-2.2333516,7.197972838,-6.882943836
163,7.459707766,-10.48457145,-2.805051892,5.260520717,-5.973856104
164,7.37282381,-7.529844674,-3.408929092,4.908714761,-5.831235062
165,-6.964331565,-3.819687998,7.629633844,8.223966646,-0.387477596
166,5.67287138,-2.395990071,-1.331148267,2.675289392,-0.176855424
167,6.418590985,-4.094401949,-4.11867358,2.944289407,0.418988319
168,8.149375526,-12.22374737,-2.501819172,6.286908359,-5.435214856
169,7.352099033,-6.32230323,-2.808935035,4.777794335,0.09269669
170,4.78256318,-5.725534106,-2.710487725,4.641251732,0.094822734
171,-8.726571996,-3.693959683,6.145289185,9.227281261,-1.222647965
172,-5.056276917,-3.202880909,4.669207198,8.416327179,-2.506957159
173,-8.101183006,-4.418812518,2.850553689,6.898818732,-3.661702167
174,6.944778417,-4.958943231,-6.246961241,0.613991739,2.463895064
175,6.95954983,-4.521446265,-3.916001809,4.385411952,-0.648740324
176,-7.953897019,-4.509227138,5.826947911,7.700029483,-2.703591247
177,5.684788874,-4.18348666,-1.758508535,2.540460403,-0.672049125
178,5.455819606,-4.342493118,-1.737664543,1.775464296,2.366093028
179,8.795650144,-8.541817569,-2.890864972,4.572099744,-6.819307558
180,9.959595407,-5.509637819,-0.655192834,5.837911826,-6.688624372
181,-5.262812413,-4.440636793,7.90472735,9.60999699,-3.591323266
182,8.751246382,-9.602388556,-1.505372087,6.778378437,-9.821601152
183,6.757332982,-2.713222066,-2.726905245,3.357767324,-2.037379701
184,7.126517988,-10.02091484,-3.684606397,6.410556881,-6.756620579
185,5.737004135,-4.600163346,-2.055525524,1.863275076,1.461990001
186,7.227430937,-6.232373937,-2.919327353,4.171397308,1.068268941
187,8.795497651,-7.472555512,-2.050625239,7.307921816,-9.912597617
188,-6.588325419,-3.938622578,6.314568578,6.94220088,-3.18277348
189,8.681271322,-5.950053614,-2.296175771,4.774688134,-2.428133607
190,-5.399548332,-6.557921017,7.832055342,8.998746005,-2.444437422
191,10.90155466,-8.623193144,-4.277249065,6.743008686,-9.392944634
192,7.851105288,-4.091376717,-3.659555935,3.875736695,-1.053648501
193,-7.842895401,-5.183751645,5.109864204,9.019534709,-4.18561964
194,7.293532684,-8.962866756,-3.505194512,6.702637549,-7.042542687
195,9.974974264,-3.949889369,-3.250517766,5.467737431,-0.071823825
196,8.565855614,-9.764354678,-1.893949105,6.454247626,-6.31215669
197,7.197387349,-5.420750608,-2.32478577,4.066103613,0.297537123
198,-7.073031224,-3.422125245,3.734009336,7.57229894,-4.579243129
199,8.738505821,-5.830583055,-3.288165299,2.860601542,-2.126153102
200,-5.836379476,-1.660859734,5.130857626,7.508985088,-4.865562723
201,-8.186556227,-1.856481756,3.004801875,8.875118631,-4.538884373
202,-7.528696582,-1.292286486,6.767794213,8.228643976,-1.815589584
203,10.5260751,-12.56096469,-1.358791527,2.68102748,-7.573396101
204,7.135443441,-9.285376255,-4.567680335,4.196513543,-6.152961877
205,-6.196125036,-3.181921166,3.524676702,7.546815493,-4.89949091
206,8.026682611,-7.320348742,-1.803774771,7.079416115,-5.838219517
207,10.54748722,-8.382451388,-5.020197013,8.682548432,-7.948750118
208,10.01699405,-8.451605571,-3.627529764,5.507351438,-7.686848986
209,6.07522931,-2.658163278,-3.739068987,5.737214963,-0.459182777
210,10.40114444,-7.971785432,-1.155152797,4.760312752,-7.800603711
211,9.477830691,-10.74322269,-2.482940889,7.9598792,-6.824974709
212,7.038167494,-2.92514728,-5.669837076,3.850552455,-0.20834809
213,9.870034517,-8.043158563,-3.566050121,6.027861658,-10.07571893
214,-5.988513919,-2.525061094,7.077482126,10.0221084,-4.698515792
215,6.580964414,-4.465435738,-1.042336471,4.156956767,0.986414887
216,6.430926681,-11.31123904,-1.283086596,5.793709186,-6.92691016
217,10.50903351,-10.0228168,-0.789649346,6.120958902,-7.724958711
218,-7.923536661,-5.37420964,6.019403339,8.640043749,-3.875369293
219,8.555860963,-4.651639505,-3.284413745,0.689352738,0.553224955
220,8.066351195,-7.701678291,-1.815636013,9.075529205,-6.156460374
221,8.577131878,-10.40443201,-2.222500829,8.165721048,-7.253547844
222,6.909523039,-5.8274349,-4.024375187,1.151922722,-1.425652736
223,-5.232656194,-1.988306927,3.199120177,9.794914626,-1.895542133
224,6.848461345,-5.974766968,-4.365000648,4.114728662,0.134448172
225,9.939671964,-7.7693449,-1.901077729,4.027970698,-5.638374007
226,7.051571305,-10.76067727,-2.247452182,5.992585718,-6.949988723
227,-8.580594618,-4.970105039,5.000425874,6.42795618,-2.699400416
228,12.1982735,-6.658541144,-4.700219431,7.14627671,-9.998495104
229,8.831988627,-6.165475297,-2.412258854,1.533411455,-3.195381875
230,13.67169585,-8.430145818,-4.487443023,8.082329594,-6.822232752
231,-7.693342115,-4.694484267,4.763469016,7.850554951,-1.919335787
232,9.134698887,-8.357774303,-4.346976489,4.798604953,-9.543837004
233,-6.329364322,-3.177418161,5.610644056,8.313652968,-2.001258834
234,7.527796716,-7.625855133,-2.495244126,6.415127153,0.124891379
235,7.492148099,-7.928242108,-2.296190896,7.647642027,-6.959271989
236,8.408280291,-7.177132188,-3.177997722,4.29233337,1.089798566
237,7.214454895,-3.810657409,-3.204347999,4.890177511,0.234225405
238,4.676032724,-1.933759459,-6.153611769,5.024269448,0.74392048
239,8.039699805,-2.991930172,-4.43527238,2.952229651,-1.974011769
240,-6.722297733,-4.237707259,5.372085703,7.353471563,-3.742140673
241,10.32089404,-4.841637865,-3.281197224,5.171667239,-1.183518385
242,8.172768674,-4.203210354,-2.114093217,4.912194218,1.699898832
243,7.579679022,-4.984733452,-3.662473132,2.798872642,-1.30561182
244,6.231784515,-2.513411833,-5.599672206,3.820295629,0.175247397
245,8.78698146,-8.276192361,-5.789571467,2.165612532,-9.456563452
246,-2.677778067,-2.227325084,6.162978254,6.902267245,-1.557225276
247,-6.82862272,-1.961631907,6.347994189,9.875632684,-2.355623273
248,7.432721044,-4.942304756,-4.25131347,4.256832083,-1.425143647
249,-7.831833974,-4.238833251,4.312757335,8.605340616,-0.019061276
250,8.717885341,-11.08020982,-3.828043716,7.890006537,-6.531601481
251,5.405256352,-5.80254959,-0.560561952,4.080690015,1.387614739
252,6.952496133,-10.40430876,-3.725812074,5.338388144,-7.845096019
253,7.574074096,-8.23400485,-0.958276641,6.339594894,-6.177477335
254,-7.107932722,-1.915970604,3.453713435,6.369533593,-3.446281283
255,9.011456608,-11.68250144,-1.829596358,3.447060592,-7.010865947
256,4.71785371,-5.981069934,-4.089591462,3.289604558,-1.251449154
257,-6.451290036,-0.691067164,5.962772488,7.013644247,-2.293788335
258,6.009884463,-6.474385998,-4.200432828,1.473338839,0.731406207
259,7.973118194,-8.910799261,-5.818423119,6.221820649,-7.463478429
260,8.013215889,-4.90867946,-4.259696084,3.892982289,-1.461683156
261,-7.180147481,-2.573742452,6.355110383,6.551703892,-3.08525419
262,6.730758979,-5.205345155,-4.076894582,1.901351103,2.701820266
263,6.858100108,-3.623025122,-4.012823041,3.083414796,0.499112012
264,8.45993093,-10.0986414,-4.544492207,6.227442619,-10.76674127
265,8.308046578,-11.02760197,-0.364603331,6.577118196,-5.710339898
266,4.397214991,-5.396960207,-3.81932813,3.432787829,0.544295905
267,9.762646408,-10.53750787,-2.110948004,5.514561128,-8.214387233
268,-6.849282685,-0.876119913,2.557912935,9.312319668,-3.502020966
269,-6.162170468,-1.464084335,5.188054354,9.887987473,-5.823226865
270,6.922648964,-7.129230596,-0.536697434,6.899226999,-9.747790011
271,9.025466142,-8.873296878,-0.004264945,6.178162058,-9.242417856
272,9.307219857,-8.817985558,-2.329740005,6.017340897,-8.582548513
273,9.749589492,-5.84782443,-3.835276978,1.722821214,2.575064875
274,-6.923412176,-2.310107347,5.181942209,9.342358252,-5.247803233
275,-5.870602692,-3.3944768,4.795736588,9.685345586,-3.592532891
276,8.823929815,-3.975433258,-1.797488621,3.580447362,-1.516022189
277,-5.365932786,-4.140731786,4.249453364,7.038489827,-4.782100118
278,9.046991461,-9.138751424,-2.241881981,7.021512187,-6.259486876
279,7.393078342,-6.925158617,-0.172891929,2.064577748,-2.552788078
280,10.88123435,-7.918624126,-3.30409914,5.213857471,-10.47520406
281,6.017363543,-3.816155595,-4.561725979,4.168045806,0.078714214
282,8.013937851,-10.69238094,-3.198808144,7.506957569,-5.601214933
283,8.463421079,-7.858403872,-1.9637265,5.130190902,-7.045524431
284,7.563332988,-5.746412042,-2.740224915,4.512033218,-2.166677125
285,8.732155181,-10.59748083,-4.587876372,4.939799487,-7.531145302
286,5.53885,-5.21896099,-2.893501912,4.614289383,-0.307928548
287,-7.480241396,-3.205552281,4.875050947,9.122073862,-1.044861781
288,6.459462247,-9.581170846,-0.729711706,7.034333311,-7.853230492
289,6.120025388,-5.399092454,-1.653145707,3.134554354,1.089434892
290,5.604920173,-12.26939791,-2.814138603,5.388396991,-7.13961019
291,-8.8178398,-1.208749234,6.051754917,7.193839824,-3.097834868
292,9.549231576,-8.123435042,-2.088165199,6.011471611,-6.403016448
293,-8.490433508,-4.288428786,7.592826928,8.91226536,-3.223129719
294,9.516595624,-10.81936107,-0.110301967,5.598016545,-8.133681729
295,6.54075774,-4.742291029,-2.814808339,3.706577233,-1.430353733
296,8.859396956,-7.354487855,1.191317647,5.740294036,-7.438281036
297,-7.994349461,-3.623374405,4.794127476,7.263701229,-3.695564289
298,-2.6229792,-6.49762168,3.319709278,9.624914976,-3.649324016
299,7.803869321,-5.713299535,-2.501688056,1.691594913,-0.901819282
300,6.47901673,-9.193899808,-0.56951756,4.629005665,-8.274019369
301,-9.278313002,-1.181599677,4.735934114,12.50854002,-2.538343766
302,-7.166772338,-2.744234062,3.742854373,6.724895905,-4.416446037
303,10.4987273,-6.844178476,1.433941617,6.904267024,-7.653424204
304,-10.76919987,-3.215717964,6.406996887,8.87270147,-1.378125174
305,6.291975461,-3.531116734,-4.788647876,2.316122221,1.250341157
306,7.345938661,-4.037608397,-2.925266181,2.405303202,0.862841662
307,8.44129114,-8.973671933,-4.536732014,7.008423697,-9.03587107
308,7.172089582,-11.7589947,-0.408259659,7.863712747,-6.085193983
309,8.806468849,-11.33354182,-2.604221694,5.277032929,-6.013094596
310,-7.592427396,-1.935757614,3.421532631,9.543106567,-3.024038108
311,7.650328444,-3.970214537,-2.546636593,0.396715572,0.009423896
312,7.007238156,-11.45473012,-3.437022103,7.953565784,-8.751701945
313,9.649253991,-9.078673751,-2.887770334,9.405314654,-6.540123597
314,5.997219724,-6.966716995,-3.430855114,3.924300562,2.207457049
315,-3.197006368,-5.423093791,7.338170516,7.011630763,-2.218463667
316,5.877392355,-5.151599516,-4.500656027,6.198241465,0.718042597
317,-5.720452199,-4.683089294,3.909734032,4.921727084,-4.934825286
318,-8.2261629,-4.257815653,4.657155928,8.754303395,-6.288265264
319,9.0428407,-11.02650677,-1.666304289,5.583570735,-8.69750254
320,8.199494243,-6.167928735,-2.232240357,-0.313582172,0.575610341
321,9.055107991,-8.791072006,0.072362191,3.671759906,-8.39571855
322,-7.823517655,-1.557933127,4.249905636,9.546764025,-3.728691093
323,-9.072056131,-5.199296528,3.441619236,7.843219365,-1.283086305
324,-7.384584282,-4.438950722,8.192595929,10.16740301,-4.414957495
325,7.257646041,-4.117264264,-1.702163813,2.65325233,1.644067084
326,6.541452958,-6.349203476,-4.151327416,3.724276024,-0.265261866
327,-5.63014072,-4.024027552,5.625152344,6.724348842,-4.806908678
328,12.06002158,-10.01488747,-3.039663853,6.678683288,-8.49001362
329,-5.539821191,-1.527732205,5.420268361,8.360180925,-2.313902918
330,9.283042445,-7.847636311,-2.029562504,6.174225827,-7.678969617
331,-8.702549067,-6.423397868,5.162240996,8.651570393,-0.201822061
332,4.463218458,-5.078377196,-3.59975415,3.730907583,1.14701529
333,9.268614491,-7.895407598,-3.274591814,5.845067557,-7.241578578
334,8.604324845,-4.688076834,-4.195299132,4.305130566,-0.443904814
335,-6.199641313,-3.613971367,2.538059235,9.423577299,-2.744032832
336,6.841367052,-1.46944173,-1.951292079,4.753995626,-1.490960807
337,6.341574545,-8.403762536,-2.409708525,7.506433062,-0.888723716
338,-7.814376977,-1.334418912,4.56967937,9.95842046,-4.085859164
339,8.354418318,-4.337751281,-1.937780783,5.151758307,3.708960479
340,-7.992364203,-3.648817546,5.696717658,9.81569181,-3.19714758
341,-4.742175002,-4.008706867,6.755517907,9.973104199,-2.533952818
342,12.39134096,-8.038222153,-1.856601635,7.000309772,-8.925406014
343,5.25894773,-5.171235576,-3.920969376,3.686452052,1.245142408
344,9.10844943,-7.64501965,-5.127715213,6.495919258,-8.997396954
345,-2.92133302,-0.856975985,5.857125495,8.153984653,-2.071519707
346,7.892891384,-7.957210136,0.264753679,7.245976721,-7.146536568
347,9.235268417,-4.875169666,-3.143377602,1.660043477,-0.883117051
348,7.028332872,-5.926550121,-3.107886778,2.489509844,0.261777622
349,-8.262506481,-3.68571408,8.018950448,8.514697574,-3.729751987
350,7.868526704,-7.40586351,-5.405726057,2.929745918,1.544451206
351,-8.394796469,-3.857450988,5.978183867,10.67103991,-5.028389832
352,-5.002057396,-3.842810425,7.376000729,9.553011628,-2.023167193
353,9.17487712,-10.47587192,-0.053908239,6.49184524,-9.425344672
354,-6.560147821,-2.495686496,6.513013925,8.373338962,-1.98122077
355,8.711290779,-8.406094968,0.704096446,6.448631392,-6.181709829
356,8.007778276,-6.965451531,-3.864425699,2.194007027,-2.289338745
357,-8.125031899,-3.197650063,3.433334531,10.59435641,-3.421217066
358,8.053982377,-13.64641755,-3.204098658,7.895028179,-6.647923674
359,8.95730294,-7.580021974,-3.700912672,1.917813958,-1.094404875
360,-5.643826158,-4.315662948,5.267840463,8.235260967,-3.765145503
361,6.041280677,-6.142495785,-3.86225519,4.118913174,1.665210144
362,-8.373475082,-5.381111348,3.476014548,9.843353762,-5.301190305
363,-4.576714697,-5.271534882,5.722389192,9.831340566,-4.843483556
364,9.59551396,-11.29317049,-2.419198315,7.736158281,-5.978800229
365,6.415378111,-4.478708319,-2.236787219,3.058998768,-0.054149827
366,9.896893544,-8.984859878,-5.011990137,5.39534411,-8.358494662
367,7.811723949,-7.031921571,-2.341199235,4.043031387,1.264453539
368,-6.108230281,-2.809741267,3.929266341,8.263946287,-5.867179278
369,-7.744216956,-3.162096132,2.21946187,8.174543015,-3.784838897
370,-6.684569427,-3.289001752,5.125189568,8.203964084,-1.281121544
371,-9.389914752,-3.389366306,3.379546404,7.186806612,-3.310745975
372,5.151084818,-4.730359943,-0.228397808,1.976106551,-2.049413884
373,-7.800789017,-3.755664109,6.796791436,9.435770725,-2.26662754
374,7.363274616,-4.585449563,-0.805398993,4.496817337,2.463380982
375,6.264621918,-5.689488266,-0.968431155,1.134204219,4.556930752
376,6.570877102,-11.00866419,-2.127754606,6.38641373,-8.829865497
377,7.384278384,-4.946187314,-1.080574026,2.502884138,0.902480253
378,5.788616465,-3.471857828,-1.971537337,3.092287669,0.226833955
379,-8.577678356,-3.880352005,6.24587855,10.02301133,-4.272055183
380,8.4245268,-10.94928417,-2.777221225,7.278417126,-8.148565782
381,7.837193154,-10.4723355,-2.937037699,2.788476689,-5.885683164
382,7.072587789,-4.794763902,-3.662451741,1.788622704,2.806739042
383,-6.865305766,-3.213180388,3.620914552,6.9183259,-1.908143033
384,7.838375696,-3.034318603,-1.852953438,4.010928002,1.115380415
385,9.990691886,-7.028529655,-0.599525712,7.207449604,-8.364460135
386,6.864469732,-5.703409658,-1.573564394,2.571975332,3.709620655
387,7.860696518,-10.32385784,-2.76332393,7.661984786,-6.93616848
388,9.537149831,-6.059766632,-2.460666065,1.140573977,0.047549376
389,6.641489281,-8.490834408,-2.065457287,6.786740813,-10.66577506
390,3.661064402,-4.743129158,-2.215725575,4.423108187,1.480965739
391,10.99219718,-7.140777719,-1.141735072,6.484025814,-6.963272017
392,9.722603173,-12.20226985,-0.602923576,6.540593263,-6.157338973
393,-7.638275227,-3.036586783,5.447274384,10.91270261,-1.313979366
394,6.909726178,-4.438764755,-2.191811658,2.112171031,2.163858378
395,-4.030123511,-2.990619303,4.900889303,5.451723795,-2.218430149
396,7.85986031,-10.54320854,-3.315696632,2.359839462,-8.101966281
397,-5.396947395,-3.838118001,5.36636798,5.675874021,0.39811337
398,9.388411237,-7.426363645,-0.692975316,5.353923065,-5.29835666
399,7.503838245,-8.761381428,-3.981660879,6.456304158,-8.531356539
400,10.01907209,-9.723912936,-3.685137932,7.698851992,-4.699098984
401,7.888611892,-3.103680642,-4.967603433,4.506899387,-1.059390798
402,-6.930331835,-2.73403352,6.643465963,9.731052514,-3.756204529
403,11.0735758,-8.295523355,-0.378372354,6.562694855,-8.025097261
404,4.103893223,-3.74629111,-3.434887654,2.074195297,1.737858388
405,7.081673156,-7.675803524,-2.904871523,4.203318544,0.23475112
406,-6.934419886,-4.272803289,8.618082151,7.479197004,-2.361700908
407,9.60114892,-10.06821396,-1.885846248,6.306434436,-6.460574314
408,7.606873836,-5.111906916,-4.989109812,3.095191225,1.015585859
409,-5.021371901,-4.055374565,2.624682652,7.851423818,-1.812935623
410,9.155742501,-9.561616812,-1.928169562,6.905727149,-6.300786496
411,-9.54302328,-3.537646826,6.783760884,5.791783885,-3.219169278
412,7.819693587,-4.546985575,-2.828790492,3.393618358,2.342059042
413,8.331195364,-7.309331609,-4.352899922,2.695565633,-8.116937523
414,-8.459435625,-1.564646971,5.476754514,6.751994593,-3.067862515
415,10.6359059,-12.05509828,-3.186932752,9.338587625,-7.433403188
416,7.650955265,-3.801327253,-4.712632448,6.427633202,2.859927119
417,7.336828281,-4.656391467,-2.62202411,0.810853141,-0.362045648
418,8.03135336,-10.50465002,0.862756119,8.076816374,-9.608229108
419,9.783674177,-9.222697327,-1.35243149,8.075472237,-6.394698766
420,8.085442608,-7.481874686,0.533662937,6.322261477,-8.721763257
421,6.483063858,-6.054990521,-2.318536277,4.093664905,1.202139652
422,7.449607939,-2.116601653,-4.794531745,5.275007983,1.601165446
423,7.952219669,-5.540066234,-2.67107703,6.97007374,-0.923971487
424,-7.35026733,-3.456929683,4.599059078,8.71253439,-3.549134177
425,5.506138573,-4.400047858,-3.880179942,5.091529626,-1.28021202
426,5.836320356,-3.956883887,-3.670809374,1.57156418,0.5330002
427,-8.747483882,-4.725632867,7.538178518,8.550228348,-3.297689483
428,-5.794416159,-4.815471134,4.968310981,5.94663831,-4.632279465
429,-8.409140017,-4.988930108,3.851364588,7.189516141,-3.495123313
430,-7.700262324,-6.709276524,5.30388896,11.5920176,-3.499586439
431,-7.459147782,-4.769241832,4.644082559,5.938521084,-2.313224759
432,9.016529541,-5.937080781,-4.226320335,3.502935269,0.605992724
433,9.130949751,-5.712316531,-3.373643091,1.359156027,-0.23289668
434,5.03856421,-5.71052029,-4.157240029,2.306712135,1.544558793
435,-6.424979717,-3.936025835,3.095341971,8.378850655,-2.545761176
436,-8.766823153,-3.181413958,4.306702715,10.42616573,-3.275430845
437,-4.219116639,-4.005585196,6.371580498,8.448308098,-1.077700041
438,-6.07813149,-4.774150192,5.573837821,5.118174756,-4.390759713
439,-10.15097641,-0.843770564,4.691557061,5.870715011,-3.994881383
440,-6.232469228,-6.383912984,3.969922542,8.083024553,-1.001256383
441,-4.459579388,-6.799517775,2.71491372,9.862963088,-2.61789202
442,7.872100824,-5.145496796,-6.175295007,2.202507898,0.261744878
443,5.990043545,-4.91171354,-5.624113964,4.8234558,-1.671994817
444,5.477123294,-4.502462537,-3.356871704,1.350273507,-1.77713091
445,7.974888492,-4.259260812,-2.337015975,0.524966364,0.547749744
446,-10.41595319,-5.281938253,4.769836644,7.138997558,-1.346958901
447,-8.229810782,0.563318733,3.534114412,10.75423168,-3.307749942
448,6.566190175,-9.778581536,-1.157031091,8.122768172,-6.989032896
449,8.103683406,-6.658093171,-2.025747083,6.397962217,2.966144184
450,8.915364022,-8.387054194,-0.610808289,3.700839038,-8.928789923
451,-6.443840045,-1.571897685,3.788735618,8.159702884,-2.765788517
452,-5.472222115,-4.732841654,5.803941867,7.097849221,-5.12623083
453,6.339251116,-5.334424306,-3.235658368,5.79303519,1.51452545
454,7.586918117,-10.59875852,-2.137658481,7.267959711,-8.722852077
455,-6.643110864,-4.595058082,3.643980555,6.651222845,-2.980596981
456,-8.673817214,-1.803567185,5.554961198,6.941799492,-5.371529242
457,-6.163866334,-6.044524538,7.718688738,7.502105024,-5.150556112
458,5.368296473,-7.813085141,-2.353730098,4.66914553,0.167969583
459,-9.222006659,-3.411574288,5.80407367,10.23586445,-3.225431738
460,-4.972246177,-2.763003933,5.494243022,7.969717766,-4.47107514
461,9.6777481,-7.680415232,-3.078310151,6.917569332,-5.619626969
462,7.7514165,-5.939328989,-4.95074174,4.134038637,2.348170201
463,10.60961205,-10.66391697,-3.505584586,6.414166957,-8.487449495
464,9.473444635,-6.251821637,-2.763702547,5.51470428,-7.463922028
465,-9.324931025,-5.719158067,6.227687274,11.1374263,-4.159644816
466,5.31738373,-6.377760157,-2.16444447,0.938921068,-0.099958137
467,8.657603285,-7.241342797,-4.858357427,4.654962933,-0.500092524
468,-5.991887967,-2.092769421,2.396859199,9.172541349,-0.890576806
469,7.026235195,-6.167203187,-3.755051688,5.193947835,0.282891064
470,10.46795638,-10.22810232,-1.539254714,5.23009818,-7.600330978
471,-8.86383214,-2.052587379,5.300978434,9.635817719,-4.490702732
472,10.44902599,-8.52317828,-3.340653483,1.41738304,-8.918476221
473,9.993779546,-8.80038594,-2.528836509,7.012130391,-7.479143909
474,-4.332865989,-1.557117458,6.992007513,5.178986393,-2.036561535
475,-9.984424088,-7.738999393,3.210615879,9.162209128,-1.178382049
476,7.105562325,-7.717340061,-1.574786454,6.051978537,0.683250044
477,-7.097074931,-4.028143083,5.432514343,9.121051287,-4.159055298
478,6.235430188,-3.852213901,-1.981900423,2.730184608,-2.441836984
479,-7.723655975,-4.615009139,5.860268803,6.866417635,-2.416491231
480,6.222110495,-10.14227785,-2.801382179,6.204624253,-6.953392566
481,9.700504772,-9.051516421,-4.387857982,10.26349836,-4.731975746
482,-5.604192476,-2.329381936,5.612660917,6.828513689,-0.465894514
483,8.65495295,-11.00719015,-4.535519964,5.903988424,-7.585082854
484,-7.791161803,-2.781965033,5.105052011,7.330937301,-6.594872154
485,7.829923656,-4.063104058,-3.583147882,1.013002057,0.189879938
486,-6.224641905,-4.874570858,5.807215874,10.14524508,-2.814356592
487,11.63914082,-9.4481284,-4.307279738,4.443427569,-8.505329592
488,-9.663649377,-5.30314182,5.156663171,7.237665062,-0.687540403
489,6.363961619,-4.806452672,-2.108764266,6.979430541,1.472891869
490,7.965511528,-9.950123916,-3.994426701,5.924425276,-5.75837777
491,9.357025648,-5.087184847,-3.564100905,3.096909182,-1.724363757
492,6.730471484,-9.578816659,-2.84013428,6.048155056,-10.02013997
493,-6.566168829,-3.144526535,8.68735866,4.804765453,-4.051861604
494,-6.56531394,-2.370684766,4.282672918,9.090420824,-0.475061621
495,-5.774241842,-4.075659753,3.256231371,9.42091495,-1.666739826
496,8.364471528,-5.971718346,-3.985365946,6.088970455,-6.268230896
497,9.701914,-9.949358261,-3.044018708,8.23870534,-8.918170257
498,-4.120999823,-3.733477506,6.0649196,7.283511901,-3.233434064
499,8.359248519,-9.976843326,-2.661476493,5.410664809,-4.716666257
500,-8.97845314,-5.753046024,4.472415081,6.479385263,-4.339421851
501,-6.277088205,-3.790118268,6.819941445,7.738526256,-3.496291234
502,-8.937950956,-4.834255202,7.641398065,8.35890571,-4.004577161
503,6.622012596,-3.066147916,-2.005531826,2.738332028,0.645247721
504,-8.110380283,-3.775752532,5.345913448,9.480093003,-3.374897562
505,-7.703684082,-5.808101055,4.786895598,8.775987194,-1.266041767
506,-8.397433873,-5.207164671,4.466121286,6.978693541,-3.52094554
507,8.044436516,-11.68235985,-1.487833502,4.59894018,-4.80092865
508,6.272811924,-1.835719251,-3.388553953,4.277883912,-1.968275642
509,9.402551436,-6.826647293,-1.703460227,4.684622175,-9.782031706
510,-5.202389041,-3.62923097,5.57750583,10.74809088,-2.767370866
511,-8.529582866,-3.46160847,4.577513346,8.891453626,-1.095453291
512,10.02419592,-11.466162,-3.237775568,6.860484428,-6.115007449
513,7.584337893,-5.435811132,-0.186553234,4.467513707,0.7473873
514,9.036705825,-10.11320076,-3.46260765,4.461245,-6.070601286
515,9.467949353,-10.32121311,-3.548571169,7.053844657,-4.743438232
516,5.929911343,-6.841986959,-3.259115714,4.84623807,0.848578553
517,9.851718723,-9.044983432,-1.365879691,5.675761217,-6.790284905
518,-7.264577874,-4.640745386,5.712365486,8.226407799,-2.258042723
519,8.512540453,-10.81681198,-1.541104541,7.796836273,-6.613392234
520,-7.190401735,-4.340234706,3.985018502,7.82337524,-3.474534433
521,7.47210577,-7.122574558,-2.045120864,6.488546164,-6.816864086
522,-4.067768676,-4.747534114,5.907046298,6.794602243,-5.967484571
523,-7.075762729,-2.549016951,4.148511832,8.054289124,-3.35220942
524,9.646965298,-8.581050878,-4.452922788,6.192537246,-8.996948956
525,8.089126093,-6.348170211,-3.795189148,2.732797615,1.059477757
526,7.113500389,-8.186602684,-2.248986263,2.671038066,3.870650908
527,9.206816883,-9.119293452,-3.008161043,6.798888628,-8.39935188
528,-4.77661844,-3.843959343,5.986947538,7.631037106,-4.449915884
529,9.613438448,-6.118676442,-0.519835387,2.983652173,-2.177475212
530,6.454440855,-9.537595368,-5.278538366,7.28446568,-8.276790518
531,9.027130157,-10.63034678,-1.798440581,7.839113143,-7.714753616
532,-5.224513602,-6.00656688,6.256925274,8.401581886,-4.470423173
533,-6.175503569,-3.313207153,4.74316397,6.118483618,-1.29615273
534,10.56189924,-10.17246182,-2.714133472,5.601972407,-8.292439799
535,11.46966645,-8.995063543,-2.333107009,8.243953435,-10.06971948
536,8.264603894,-10.06168038,-2.899409906,8.626356513,-8.43657903
537,7.254531585,-6.154891191,-3.305587533,6.668625679,-1.617311508
538,8.400500169,-10.94021185,-2.197501823,8.449226806,-5.755025902
539,13.57074312,-7.048015394,-2.634438544,5.434889708,-4.627044762
540,-4.251450057,-2.014525937,5.077155768,10.22329763,-3.57577331
541,6.37121446,-9.379253675,-2.361105049,2.34474885,-0.677209074
542,7.33005775,-4.983987934,0.852018278,4.169169876,-1.845875985
543,7.286521171,-10.27016155,-1.927320077,2.696755639,-9.81527334
544,7.313446596,-7.664031686,-2.795880458,0.640603955,3.292416926
545,12.89004868,-9.940394663,-0.943414375,8.893893723,-8.899556843
546,7.837998808,-4.694016474,-2.530287488,3.758358325,-1.398484953
547,9.574717378,-6.906088035,-2.281673376,3.080772685,-0.223168565
548,6.514291891,-5.787362562,-1.513791353,2.224824188,-0.009733442
549,-6.607086298,-4.38156507,4.101926027,8.41244174,-1.399112555
550,9.288026557,-7.497997767,-3.718409265,5.086011954,-8.180910343
551,-5.6477513,-4.79495162,4.939766737,8.62255361,-4.498426458
552,8.345706582,-11.73527751,0.383490526,1.508932271,-7.901037706
553,5.333860795,-6.004217787,-2.77767051,5.389497199,1.348909298
554,-5.544416291,-4.793450671,8.065222342,7.913962037,-2.364437555
555,7.622929703,-5.964229263,-4.688738571,1.380933153,-0.810251451
556,-8.588485388,-2.915731538,4.652863216,7.560732457,-3.867387663
557,8.356322695,-5.628514094,-3.026603495,4.785985535,-2.305301211
558,-8.045895812,-3.730007285,4.760664661,6.8741391,-0.90371082
559,8.295951901,-9.135723454,-2.007297551,7.35551234,-8.327153627
560,11.10724868,-9.41811616,-2.68725883,6.618826738,-6.893634841
561,-6.535599285,-2.983109736,4.92112301,6.597818799,-4.917229259
562,8.036675079,-7.663822532,-3.523019293,5.854947603,-8.900748287
563,-7.809067756,-4.299865369,5.585252454,6.804850585,-0.782573915
564,6.235892722,-6.286377013,-2.041523109,4.988459458,2.36087563
565,10.22420176,-9.589819849,-4.960946258,4.347533855,-8.83875772
566,6.059434011,-8.175463374,-2.726434969,7.209139121,-6.755552873
567,6.973641264,-8.121483831,-4.219329733,9.072735118,-7.012605526
568,-8.005000648,-2.95751605,3.773703078,11.14581496,-1.425182583
569,-7.276050723,-4.31275805,4.535893952,7.506032324,-5.798388994
570,6.909609077,-8.812912419,-2.217251125,5.771095662,-7.580763033
571,5.476570401,-3.395015135,-1.631299619,1.466242484,-2.36352117
572,10.15503128,-4.917620298,-1.914768717,3.726923141,-2.618680282
573,-9.689879857,-2.417778805,4.896131557,8.212656183,-7.136750788
574,4.029736468,-4.554328268,-2.528897759,0.487691018,-0.597517645
575,11.38475143,-9.676698779,-2.321866133,6.500466714,-6.536277329
576,7.660656555,-7.644799087,-2.168887043,4.971038588,2.554559847
577,5.312348489,-3.728693266,-5.524711972,4.202380289,2.724876764
578,-7.174470179,-2.908962858,4.0491426,8.262303529,-4.013620744
579,7.80253509,-10.29905832,-1.40998387,1.963512954,-8.136763839
580,10.64474992,-10.23303688,-3.041423813,8.402395554,-5.636163172
581,7.640183245,-6.778969327,-1.507720641,8.625451145,-7.513311578
582,5.795839587,-6.764334931,-2.558117979,2.732473278,1.702773421
583,10.67453839,-9.537373161,-4.267984086,5.933727619,-7.44211483
584,6.930218844,-5.736864618,-5.607239082,3.341780988,1.771647158
585,-7.467985189,-4.228663023,5.687190427,7.170752719,-1.9388325
586,9.302226975,-10.03094266,-1.093643891,4.087031204,-7.423973769
587,-6.924321102,-4.173713293,4.336359113,10.97534034,-3.886342153
588,4.287583619,-3.930912791,-6.647732277,0.701593101,-1.571738801
589,8.552320279,-8.623398922,-1.72270288,5.122650225,-5.536420241
590,-7.239974088,-1.835394896,7.867865187,7.414764724,-4.013486042
591,-7.036644911,-3.377826466,2.688321147,9.878543138,-4.286806015
592,6.26552137,-8.623213314,-2.993696651,6.886772844,-6.933605182
593,-8.371806151,-4.289142473,4.796475687,8.143948538,-4.282862055
594,-5.168182698,-3.02394365,5.863992447,7.668200263,-2.712498165
595,10.93305839,-8.31886674,-2.924806296,5.687851708,-8.065567824
596,-7.196287406,-0.236130881,2.251929397,9.239584023,-3.562716397
597,-5.161958234,-4.814970199,4.327118306,8.239092261,-1.659570114
598,6.162906412,-6.176852914,-4.388827928,2.612800862,3.277974475
599,-4.535833401,-5.009917013,2.201396693,8.226454991,-2.700633851
600,9.606462015,-10.78643766,-2.326314016,5.664045806,-9.652733493
601,-6.204190373,-2.104358024,5.73523576,9.359009906,-1.483456539
602,12.22108267,-8.466036338,-2.386746926,7.687669547,-7.715454391
603,-6.133429564,-2.421421302,4.163131898,11.17441828,-3.860704816
604,4.920177626,-2.717495952,-0.512303064,3.000115931,2.748107558
605,4.795290782,-6.648019078,-2.866211597,5.588184843,0.85772701
606,6.428279622,-4.379935026,-4.323647816,2.524591038,0.912140074
607,-5.718002643,-6.435464299,10.51736466,7.080805684,-2.404382777
608,6.965011396,-6.403367457,-3.317010029,2.303926067,-0.89763549
609,-7.538177186,-3.759819353,5.124274458,8.354146249,-3.621973594
610,-3.190153525,-5.468207086,7.476955767,6.626732098,-1.739012515
611,8.403663649,-4.523813409,-1.433988197,3.667278635,0.028021985
612,9.590708601,-8.400043032,-2.536341591,8.278985756,-6.136350068
613,7.279093667,-3.148049135,-2.838566287,2.84591795,2.236553885
614,6.153488918,-5.675104076,-3.376549141,2.331815566,0.375803371
615,-5.931831906,-3.872521452,4.787649873,7.890637377,-2.406678308
616,9.052302012,-9.798018892,-3.453176543,7.320262347,-7.457810283
617,6.399506848,-2.664638807,-4.486621374,6.129491002,2.184274447
618,9.752445453,-11.01335817,-3.06095985,6.063535751,-3.62818453
619,4.740387178,-5.834908249,-2.579440878,2.976141466,-1.81854076
620,6.894539285,-6.949925585,-4.198840673,1.705335512,-0.059979992
621,-3.720024625,-4.567430499,5.43612716,6.467111394,-1.884325572
622,-10.55704808,-3.038737852,5.031219735,8.497124951,-4.77516644
623,-5.607958528,-3.336230558,3.453741652,5.922624913,-2.408363776
624,10.83328435,-7.913553904,-2.929778734,5.449047459,-8.056304474
625,12.3725674,-9.992275132,-4.169127824,7.949596463,-7.739770326
626,8.054380651,-4.462805024,-3.621612666,2.698884274,2.088786006
627,6.483497477,-8.472154999,-2.140573633,3.681067909,-6.422489517
628,-7.833877293,-2.412982692,3.724443961,9.486505838,-3.885332707
629,-5.554000466,-2.465476625,6.485471449,8.148261477,-2.804588096
630,-5.619921508,-4.489385514,5.121348272,10.51344908,-3.552965364
631,7.241577827,-7.569474585,-1.469789594,6.053878096,-8.939951523
632,9.950690458,-5.982462527,-2.626892687,2.602603841,0.246781841
633,10.02042476,-7.563982417,-3.674288422,6.364526502,-5.475722515
634,5.540662211,-4.578718476,-2.757110294,3.174840587,0.284859257
635,7.672003157,-5.081440192,-1.365984028,6.004220148,-0.390534245
636,11.7784177,-9.670186063,-5.499082808,4.439155122,-9.792417512
637,6.927425017,-8.222682832,-5.714022924,5.574648122,-8.326471288
638,-7.194116074,-2.658128893,5.816990126,9.487858971,-1.014013946
639,-7.950411616,-1.452573202,5.989831363,10.73373082,-4.284258706
640,6.303956352,-3.406710016,-1.930844511,3.25463092,2.610187727
641,6.832252501,-5.494225821,-5.080554291,6.005153461,-1.640157934
642,5.689336833,-10.19472897,-1.343513745,6.619901245,-8.216865833
643,7.87201473,-8.907933042,-4.161927388,6.922891836,-10.16739743
644,6.675840205,-9.901011521,-0.437039199,5.908666277,-5.223490638
645,-6.785761322,-2.347579005,6.709119656,9.879036664,-1.091415066
646,8.936723802,-10.54142281,-6.410665064,5.854014276,-6.430481153
647,-7.087096025,-4.431025567,5.318294292,6.862157124,-3.010167465
648,10.36717209,-8.927146927,-1.119598267,6.822999119,-7.066890566
649,7.5701433,-4.893031631,-0.070322145,1.281557318,-0.459886039
650,8.373749144,-2.515423208,-1.809692698,3.451669509,1.378486025
651,-3.751181591,-3.975872315,2.826248035,8.672014422,-4.163646995
652,5.041585503,-6.826424586,-4.849376157,3.566960338,2.341748975
653,6.718125202,-4.495800623,-4.930115608,2.320283469,0.935890672
654,-8.160911677,-2.466919427,2.655976395,6.676848228,-3.585249937
655,-9.730799343,-2.782628373,5.635834231,9.229172118,-2.513681402
656,7.784037432,-6.954314244,-5.58125112,3.522562388,-1.424454003
657,7.694639135,-2.146256391,-3.136224016,3.571735411,1.904221789
658,-8.187770527,-3.597655497,5.103167159,8.614256033,-3.688598999
659,-6.192656672,-6.087225778,3.49270441,9.418033892,-1.129235063
660,-6.789613613,-2.933444336,4.63971939,9.342640223,-7.138821212
661,8.885912306,-7.244152147,-4.378452454,3.761754254,-7.570261961
662,-7.909664937,-4.897760185,8.168772348,8.602909108,-2.138063208
663,6.104699143,-5.977532367,-1.44448068,3.269061991,0.689069653
664,9.100972236,-9.156354549,-4.402719207,6.062659404,-8.451407401
665,6.512922131,-6.469621447,-1.0253004,1.873114874,-0.413798406
666,-7.36515747,-1.524815946,5.169540576,6.748261853,-2.878882931
667,9.443071697,-4.950321397,-3.174294324,5.548486622,0.313240369
668,9.89811965,-9.382459602,-2.442983174,6.619907537,-7.813583028
669,11.65317991,-10.34136757,-2.9232633,5.728042059,-5.700056412
670,-7.783588009,-3.135655906,5.524518799,9.935740895,-5.960713016
671,6.256822178,-2.174696985,-1.48519285,1.313590476,3.035677473
672,-9.90574219,-5.729717183,3.84262677,10.2105927,-4.530235232
673,-7.061957861,-4.047416045,7.174525437,9.353891963,-3.500586178
674,11.62463837,-10.1901611,-4.180758674,6.957428721,-7.762090429
675,5.757494973,-2.1906764,-4.29960322,3.847496973,0.902251769
676,7.44898174,-6.368834591,-4.560421949,1.99596067,2.237298892
677,7.790390169,-3.628136395,-3.412372013,5.572869435,-1.527315319
678,9.445411829,-8.850043225,-0.66157555,6.291920906,-6.868333189
679,10.95187698,-9.192409945,-4.564824337,7.175909659,-9.097813445
680,8.952052741,-9.557267972,-2.414068443,7.677739152,-7.994440059
681,7.230691805,-2.011615118,-3.457378608,2.558710419,0.015824164
682,-10.67060368,-1.800150587,4.527256158,11.3405641,-2.576594602
683,6.389698721,-3.809189083,-3.941013251,2.695472211,2.6602708
684,10.29306854,-8.932059014,-1.980398399,4.912002638,-6.611831682
685,-7.562138818,-2.812376939,6.393120496,10.18583147,-4.788483702
686,-4.618641001,-1.132832598,5.362254481,9.939175881,-5.158650396
687,7.708982639,-10.93710677,-1.753084906,5.258080003,-6.875783875
688,7.40624861,-9.107067614,-2.529393469,5.468976772,-7.95685573
689,-6.577545961,-4.324375728,5.604168735,12.35581126,-4.330796374
690,7.318357392,-3.620806872,-3.796282499,4.358147533,0.070088987
691,4.870319211,-4.691917687,-3.820110516,6.095314657,1.411750853
692,6.694275345,-7.159987856,-4.437851965,3.628682194,-6.067325277
693,8.984187813,-9.603541437,-3.021245485,5.934407095,-6.104992637
694,5.480791167,-4.55561736,-1.859810377,2.51015595,0.626985954
695,5.781924487,-5.462829998,-4.535963047,4.315435111,3.117353923
696,7.938960263,-3.821949785,-1.474331215,3.434302404,0.652803198
697,10.06407224,-9.626051111,-1.513383337,4.343855681,-7.729401306
698,9.96366983,-12.25002483,-0.968380739,6.741633949,-7.999309808
699,11.87582835,-7.069417851,-1.868999298,6.832384886,-6.551134231
700,8.772544705,-10.00482965,-1.571254868,7.538070559,-9.247715114
701,4.934707213,-8.131294367,-4.858713066,4.624932798,-1.456160146
702,-8.646033053,-3.366551625,4.056069737,7.314819348,-1.843787731
703,8.661521514,-4.658532848,-2.830806854,3.095729659,-0.560381777
704,6.355888662,-5.395049611,-3.41927269,3.812478249,0.584975095
705,6.826619554,-8.895379895,-4.877680549,8.320971052,-6.690148362
706,9.657630504,-9.636133646,0.189497855,5.224944755,-5.123080148
707,-8.872947639,-4.241663237,6.734004843,10.63844455,-1.832217585
708,7.26760478,-7.952009299,-2.604852482,3.699941804,-2.856994012
709,6.020677149,-4.660935318,-2.934704425,2.80443363,-2.747961181
710,-6.481114917,-3.171793122,4.439172525,9.475040352,-3.169959013
711,-6.368712176,-4.156150107,5.693431596,6.637408576,-0.869210482
712,5.130316648,-4.565153281,-4.890497381,3.148749358,-0.719564797
713,10.58798462,-2.742362004,-3.620181287,4.500372062,0.087597269
714,8.938870595,-10.35828436,-2.808432953,5.586548979,-9.721087694
715,9.160589308,-7.073319227,-2.843866457,7.374931329,-4.593297368
716,9.134979859,-3.013079937,-4.542082936,3.347067363,1.115308989
717,7.331128446,-3.716134754,-2.415525032,3.067543633,3.569034883
718,-8.133970347,-3.214726465,5.804869905,10.8493847,-4.490183679
719,-7.411614617,-3.58288575,4.916584111,5.705522525,-2.282688082
720,8.990751584,-8.686243067,-3.206342732,4.205691695,-5.829975724
721,8.110729353,-6.783235812,-5.598889746,8.18908757,-6.82754969
722,-6.194667937,-3.5599459,6.814528581,7.725581964,-4.873659289
723,10.08727467,-9.232346658,-2.044915679,7.953792729,-9.202733111
724,-8.823056082,-1.874371043,7.907750011,8.676762223,-2.415161493
725,10.62506117,-8.663176566,-1.239792591,4.501852491,-9.173644603
726,-6.728007096,-2.636546589,4.52477249,7.983546964,-3.111767808
727,6.585112509,-4.825105887,-5.000386956,0.039856738,0.818700595
728,10.46508395,-8.702142789,-2.95837485,3.92514915,-7.729392386
729,6.28115852,-3.523702423,-2.513281964,4.285902557,3.368853266
730,-7.02549173,-0.648392171,6.015450411,8.992812892,-1.391026266
731,7.850748466,-7.697759516,-1.364945873,-0.071738824,0.834887813
732,-9.005987861,-3.676320114,4.604741439,6.020138285,-0.895149855
733,10.33074234,-8.282948366,-2.114374419,6.925513324,-9.259180205
734,9.647393034,-9.181065045,-1.983172844,7.363069354,-6.368469805
735,5.1534075,-2.863184333,-2.589404841,4.365679383,1.023658991
736,9.005808452,-8.995417996,-0.143092348,8.494424583,-7.06019733
737,-6.365584647,-1.229856459,6.775598717,9.045084505,-3.496514646
738,6.538685527,-5.253863163,-4.330110756,3.707874093,-0.260410214
739,9.749532742,-8.888241374,-1.169624394,3.746315363,-9.272089484
740,7.740338974,-3.083864437,-2.757007114,2.061375728,2.432536703
741,8.693933345,-7.569329633,1.010580423,6.414091652,-5.644335723
742,7.278310321,-4.395874511,-1.661434617,2.398090282,0.419169546
743,-5.422087244,-1.512664998,4.975031961,7.827828128,-3.779280185
744,-4.589794515,-2.831694218,5.519453097,10.89745449,-2.424029221
745,-8.861068895,-5.772771211,4.875594853,8.13555796,-4.407404036
746,-9.598647931,-2.217603076,6.345075541,7.756483209,-1.592402295
747,8.957418404,-6.940314748,-1.875197497,8.549150529,-8.070636262
748,7.469829436,-6.378946989,-2.721694714,3.553609968,-1.616645853
749,7.622707868,-7.043489614,-0.667356525,3.163854277,-6.410768497
750,-8.55592695,-4.095432598,7.75594142,9.016841247,-0.474959834
751,10.89097719,-8.390285855,-3.410257091,6.966700928,-6.828017487
752,-6.348043101,-3.191363845,6.959805812,9.109832945,-3.58939921
753,-7.863027241,-4.896999664,5.113601405,8.522654195,-3.738958308
754,-6.070915137,-2.88644898,4.411409584,9.117878993,-4.054217323
755,7.192671234,-11.12593355,-2.820152683,5.848936428,-9.534252583
756,-5.772480919,-1.377228291,5.738776231,9.664136824,-3.019362911
757,-7.457070655,1.006587558,6.737347489,9.993972533,-3.502196932
758,8.774424574,-4.600028301,-2.412777016,2.535234488,-2.905583653
759,7.969791019,-5.151576974,-2.454392855,4.445043053,0.839171453
760,7.256457132,-3.971090492,-0.526755421,2.787419118,2.492135997
761,9.74369447,-11.40646742,-3.284998266,6.750461221,-5.72977885
762,-7.610569675,-3.596295121,7.3942953,6.079911494,-1.027689227
763,5.676160548,-4.399520042,0.226167837,4.749907561,0.651243072
764,8.437492855,-4.047485011,-0.854101827,4.712650932,-0.485000331
765,6.368096891,-6.413688291,-1.772696626,4.070073542,1.341683276
766,7.993275969,-11.34493891,-2.148981235,7.378759967,-6.965118427
767,-6.835223308,-4.565595209,3.410798691,7.110872517,-4.136229973
768,-8.455560382,-2.254578061,5.931476981,7.141133717,-2.690597296
769,-6.618499141,-2.787957825,5.232383298,7.828973071,-4.468416952
770,-6.365932872,-4.552040868,5.613086391,7.659377262,-1.815934069
771,8.406372729,-8.895846523,0.146826142,7.149522414,-9.859736639
772,-5.706148344,-3.331391953,7.869139452,7.909066773,-3.012500369
773,6.925030045,-5.799504289,-4.429812692,0.633910803,-0.149189352
774,5.154741669,-5.108746758,-1.933448223,5.200481737,-0.279282734
775,8.829901493,-4.123643017,-2.571887983,3.960384032,-0.123021508
776,9.236500231,-8.738149928,-0.563801768,6.459901053,-6.110192583
777,11.07195828,-6.791919869,-0.863912728,6.950656899,-5.712177012
778,-8.47704775,-2.044391453,4.850261994,6.660281356,-3.132688884
779,11.84264929,-11.09861475,-3.678561441,3.409792506,-9.210286517
780,10.78146907,-10.25289594,-1.754625216,3.936762725,-6.400782838
781,-5.702821995,-3.748351641,3.103915508,7.562585042,-3.961397786
782,-7.300082431,-5.521051783,2.360473183,8.665018724,-2.218537143
783,5.856047873,-4.371767875,-2.286842645,1.114956124,-2.032294577
784,4.584735864,-5.634363386,-2.234338024,0.947328566,0.134667461
785,6.701855797,-8.329335351,-1.21536734,5.993113599,-9.289246948
786,7.782980085,-4.042419553,-1.48646953,-1.568493794,0.924155369
787,10.50686402,-9.294453014,-1.790033215,7.380002604,-6.997775032
788,-3.902900462,-5.530993866,2.393050977,8.026724005,-0.649771539
789,8.853030992,-10.84913584,-0.616518671,7.332564287,-7.075177444
790,-5.636399441,-3.583016743,3.963698269,11.03126857,-3.016340002
791,11.7747698,-6.74226884,-1.938036274,8.130195759,-8.281299566
792,-8.794711911,-3.547640748,7.511430844,9.617833851,-3.548890848
793,6.993641819,-7.431518369,0.361692866,4.045406872,-1.076308325
794,-7.212356352,-3.789136311,6.080994377,7.321897065,-2.555169792
795,-9.692431946,-1.692639906,3.539327537,9.246111375,-4.118586048
796,-7.15901481,-3.20718814,4.735724417,7.770063264,-4.729308163
797,8.70772823,-9.892902074,-6.182483397,7.557678704,-8.540168828
798,5.835093291,-5.884085061,-2.363517237,4.477741378,1.757619118
799,9.332465724,-6.489381873,-4.737938266,2.651190596,0.613899541
800,11.70782338,-6.500231156,0.962694078,6.232868507,-9.030845658
801,9.623277017,-7.90582434,-4.03661204,7.398728409,-6.113756719
802,8.041119939,-4.661456681,-3.359635049,0.80965539,0.200669425
803,8.574175341,-8.656818198,-1.559947966,6.845406255,-7.64210377
804,-6.481904932,-5.504749459,6.728523692,11.47448802,-1.7693076
805,7.804087068,-1.669033304,-4.061716113,2.926880413,-1.769875438
806,9.560324873,-9.004342681,-2.876280113,7.028779439,-4.21537653
807,-8.127850511,-0.268693662,4.555021575,7.376341175,-6.018300052
808,-7.504893388,-6.182257155,5.785835197,7.990127027,-4.486162734
809,8.074868238,-3.96822697,-2.990798057,4.51277068,0.423776443
810,9.146785343,-9.072720365,0.147793613,3.390040698,-8.640309013
811,9.098808776,-7.739953738,-2.573914553,6.681726229,-8.207324229
812,6.363504407,-7.840086552,-2.097949619,2.197590431,0.433805309
813,8.447439662,-7.555342507,-5.438515016,6.958517825,-8.232349147
814,-5.071372682,-3.499829187,4.982603495,8.300300034,-5.838940247
815,-6.742429606,-5.313154623,5.552081073,7.234727097,-0.870676424
816,9.52739599,-9.461366964,-2.289102452,5.786489067,-7.415738317
817,4.177800149,-7.132248625,-2.929526238,2.785214117,3.264498491
818,-6.913175272,-1.547221955,2.405548591,6.440086728,-3.206810291
819,5.472911413,-7.491326841,-4.054424513,1.641232838,0.361435089
820,8.159209817,-12.10463479,-4.942556387,8.030737635,-9.142564629
821,6.366772978,-4.511868265,-3.337001041,2.123351435,1.25905673
822,8.598191465,-10.91266716,-0.40959226,4.532433556,-8.25763989
823,10.19687636,-11.74878298,-2.02843291,5.980891916,-6.734474732
824,-8.532789888,-1.199033273,4.408884825,8.167767341,-2.883614403
825,8.121341102,-5.740472895,-4.644511836,1.804669655,-0.110567109
826,10.05954347,-6.111430063,-3.78530879,6.224814387,3.582772117
827,6.451034508,-6.898641226,-3.054914288,3.101663593,-0.620818073
828,-6.944706355,-4.578734827,5.363956745,11.24911858,-1.023585278
829,-6.367214056,-4.19347142,7.939510147,9.547077333,-2.210598009
830,-7.592458619,-3.106413993,6.062059371,6.157985657,-4.956405847
831,8.933697509,-6.029302716,-4.773934088,2.363383377,0.512523635
832,8.846239977,-9.827965112,-2.049171799,6.144504716,-5.168208262
833,8.354040246,-5.551088352,-0.549813864,2.871225697,0.352208876
834,5.573543795,-4.71955389,-3.40898567,4.498059084,-1.587546097
835,9.358302918,-9.701533605,-5.309321029,7.444467443,-7.12916237
836,7.85572406,-9.022831994,-1.436819147,6.228268209,-6.546269248
837,-5.396746858,-2.266177998,5.41374575,10.9782046,-3.073665357
838,-7.819268445,1.14670887,5.602151366,8.188186031,-1.027159853
839,3.62279695,-7.478400177,-1.309935178,1.869108432,1.865809348
840,5.837497793,-8.657503775,-2.173724909,6.22760879,-4.211765744
841,5.002905929,-3.005888364,-2.988677523,3.087312731,-1.721159852
842,-8.592424426,-2.473941283,7.490440021,11.94621021,-4.641445116
843,-9.49937706,-4.093189731,3.242964348,5.641155535,-0.58592327
844,6.186450123,-4.269397162,-3.651640285,2.067436602,2.400547226
845,8.072490199,-8.98415083,-3.604099382,5.177291765,-8.072388117
846,-10.55746268,-6.291697576,5.341942291,6.237347296,-5.728031268
847,5.489928289,-5.148575544,-4.615083055,1.087360787,1.100818456
848,8.715432382,-6.212234411,-4.090133687,3.611470502,-1.468499639
849,-3.81950838,-4.041664251,6.865985642,9.012871184,-2.165541484
850,7.748396122,-5.804220113,-5.002019528,1.612762386,0.761785198
851,9.47774718,-3.991549305,-1.533237354,3.821374072,-1.1837536
852,-9.439718046,-4.333451997,4.644797485,8.282009368,-3.716105805
853,7.950466258,-8.688920181,-4.471401198,6.066469502,-6.40620116
854,-7.845369716,-3.489372089,4.738458176,9.772507753,-2.798023233
855,-6.737743766,-4.179274255,5.586581043,10.11165609,-1.239912628
856,11.20103485,-9.937797694,-3.148642693,8.76696425,-5.358069484
857,-6.508679962,-0.613427946,3.480655179,8.463165208,-3.246823307
858,-6.09549786,-1.410264563,4.345338641,9.789732622,-5.910422066
859,7.277782937,-9.311789111,-3.336145062,4.987992176,-5.651929832
860,6.822625741,-1.872838764,-2.263315616,4.492906237,-0.188283102
861,6.899551885,-5.415305061,-3.710791069,1.831714571,-1.20497001
862,3.401021367,-6.515542108,-3.497836694,1.953513813,0.822740638
863,8.010753386,-3.363296217,-2.327314761,2.973435034,0.646310496
864,10.31260902,-11.14813098,-1.152698862,4.918288721,-9.248918912
865,-6.341792911,-2.209685331,3.910975653,6.507483103,-5.284443509
866,8.643288762,-7.965175834,-2.198271152,7.309188373,-6.241529351
867,8.083213213,-7.182171832,-1.578084547,7.450166033,-6.88810755
868,7.33971701,-5.107389136,-2.219491341,2.200552522,-1.252001653
869,6.958020426,-3.356726267,-1.541840126,2.315673843,0.837905523
870,-6.613087999,-3.058683464,5.086596734,9.230328201,-3.896555009
871,9.259416494,-4.952834744,-2.825713845,5.959762766,-6.384288299
872,-5.504397729,-3.337175623,7.574214731,6.231915907,-3.138562009
873,-6.657506446,-4.167430138,4.431177512,7.588018733,-3.710884687
874,6.665295894,-4.665155249,-3.847910082,3.286187814,-0.040746114
875,7.758243648,-4.550022357,-3.765448211,4.651309966,0.7118466
876,7.957219047,-10.66832931,-4.316224933,7.83953924,-9.071871481
877,10.49851399,-10.24089326,-3.217973456,8.036246679,-7.329891746
878,6.892490716,-2.753842302,-2.189965746,3.618012007,1.390556461
879,10.22735179,-7.541590639,-2.541341461,5.967686893,-7.352390872
880,8.458690704,-8.575704993,-1.727635781,6.468794819,-6.680830832
881,11.75481726,-10.3433576,0.174478614,6.315655603,-6.941204819
882,-7.119824627,-3.067745847,7.708579469,8.049735371,-0.77601393
883,6.64109746,-6.554095474,-4.459133017,3.144404017,4.90406173
884,7.452709271,-7.793145867,-2.895307972,3.205865574,-7.54565223
885,-7.525001442,-6.680401739,4.757279077,8.268166309,-3.986425479
886,8.520129889,-4.751899548,-2.711864823,4.905374402,1.478886644
887,10.47334893,-9.197819912,-2.303935748,7.065432876,-7.616696197
888,8.967479512,-9.374160966,-2.126271764,5.293244074,-7.434487527
889,10.12085547,-9.009265517,-0.728365975,4.850148897,-7.855309483
890,-7.213657765,-4.93983328,6.450815057,7.502619761,-2.285729145
891,-7.33256985,-4.475217766,4.534496345,10.69155155,-1.058295623
892,-5.394647845,-2.133989812,3.335251482,7.905526985,-3.370248805
893,6.678647402,-5.682115846,-3.281321639,1.339766229,2.503635745
894,-6.687347988,-3.081101839,4.393812168,8.687840255,-5.296371508
895,13.06912471,-8.139370065,-2.781501721,8.117605919,-4.739219133
896,7.518656404,-6.324407902,-3.835813068,2.980926036,3.16837298
897,5.351178578,-3.041623393,-2.004799647,3.388335258,-1.925187998
898,5.210501953,-2.507726711,-2.828567868,3.934676464,-0.419142095
899,7.906410744,-4.671726424,-3.044127658,5.694638424,-1.767116832
900,6.88509819,-3.261538892,-3.151037034,2.973623308,1.054984459
901,8.90835929,-10.7875525,-1.010596421,5.998878529,-7.118739797
902,7.947829625,-6.259180212,1.097649158,1.844277641,1.187382844
903,8.990897386,-7.780397082,-4.027031514,5.534121927,-7.720116566
904,11.37671344,-11.7116998,-3.0028647,6.562779566,-7.271583797
905,-6.350589401,-1.36083182,7.357248753,10.81305946,-2.81839602
906,8.95034837,-7.359932531,-3.733384284,7.929191833,-8.079926522
907,4.201277473,-5.695210511,-2.571430719,3.941302542,2.080270824
908,9.15374023,-9.990014721,-2.757852525,6.812850302,-9.399400396
909,-7.66429102,-4.249571567,3.578293172,6.631031291,-3.406645528
910,10.57513423,-8.749259612,-4.643240535,4.086591718,-5.218435325
911,7.129251123,-8.704750839,-3.662603529,5.390501629,-1.926736065
912,10.20634216,-9.389638877,-3.247742482,7.079525268,-6.891383613
913,-9.901406754,-1.161089132,3.999970802,6.048582562,-2.998286044
914,6.603673371,-5.39114788,-2.857086738,6.567083364,-1.397268764
915,-8.410214636,-5.108607928,5.928845474,8.847654615,-2.793941265
916,-6.395635626,-0.612903539,7.104785241,7.383855247,-3.582492512
917,-8.847378197,-3.863217984,3.698685225,10.62747738,-1.567815542
918,9.621573413,-6.667316222,-1.428986962,6.763261531,-4.772471228
919,7.688680753,-10.46296482,-3.214611272,4.399098862,-4.424550986
920,-6.354748914,-2.860921458,5.751861447,6.952824676,-7.419708205
921,-6.308562299,-4.053123752,6.875097393,6.924526989,-3.185233414
922,-7.020255233,-4.632648426,2.810304117,9.08809418,-5.278377568
923,6.717358137,-2.587519838,-3.376289673,4.814208488,0.46603011
924,8.931826833,-4.539637037,-5.285245433,6.004648287,1.999011411
925,7.171224228,-3.065949572,-6.667388762,1.151161809,-0.502969911
926,-8.083788077,-4.440500012,4.786817765,6.564356003,-1.405799827
927,8.616047405,-3.919705239,-4.137458621,2.884948209,0.958355259
928,-3.213317925,-6.747587756,4.590215151,4.872656254,-3.646629752
929,6.17910435,-5.1148629,-3.084190073,0.669193455,1.213044185
930,-7.639895827,-3.444587821,7.866173555,9.205505963,-3.509176329
931,-8.160425411,-7.496605064,5.5741832,8.566689162,-3.050615306
932,8.18134699,-10.70690552,-3.448080187,6.384039887,-7.491741751
933,8.938532732,-6.121350302,-3.135188605,3.163159162,1.052329793
934,8.310678464,-3.279135623,-4.846815436,3.773012881,0.533744689
935,7.487093387,-13.7293008,-3.087206378,6.278031682,-8.579423883
936,9.048530102,-8.128142082,-2.240377285,6.929915652,-7.15678072
937,6.868145929,-8.865095212,-3.252850171,6.000359534,-5.707668553
938,6.217512088,-3.596150271,-1.406966111,3.945482675,1.699171018
939,-7.133004147,-4.013877778,4.808832388,7.977554888,-2.401907921
940,9.7087824,-7.556227659,-1.290286316,6.989245292,-7.483625174
941,9.200528304,-9.397712212,-5.599570767,6.09581171,-5.82219048
942,6.607946124,-6.710774751,2.184922586,6.112549062,-0.097146883
943,-9.115867729,-3.117011725,6.415410436,7.045623009,-6.313909436
944,-8.198522355,-4.592740371,5.755045225,12.03308992,-0.54525324
945,-6.443336254,0.255132118,3.990922956,6.035408812,-3.806505623
946,8.138197671,-11.35222342,-1.039376457,7.707882044,-7.011868642
947,7.203364963,-7.395283122,-4.518415998,3.656296567,-0.135172555
948,8.229743382,-9.527822524,-1.862382681,7.116546526,-6.777260056
949,7.590113344,-12.27258085,-4.176438228,5.458191562,-5.949007013
950,-5.695059863,-2.895660256,3.154595405,10.92307991,-5.393342451
951,6.440104243,-5.935065992,-4.32587715,2.249988553,-2.340321362
952,8.397066112,-9.843861617,-2.200107934,7.463820892,-4.817336922
953,8.206048544,-7.727268819,-2.178323526,5.980082127,-7.487560114
954,-8.017853906,-3.168699543,5.508102298,7.600168785,-3.595829015
955,6.453856761,-6.647467992,-4.005225548,4.877869676,-8.484775915
956,10.13636793,-10.3687558,-2.224868479,5.407173773,-6.655566708
957,8.020715401,-2.641274889,-4.989196648,3.258911111,0.546931172
958,12.12876609,-7.656871234,-2.680180848,3.693496623,-0.414148458
959,12.21750974,-7.97917227,-1.105439675,5.658428747,-8.637661664
960,8.264515178,-7.553571536,-2.948148235,6.590349306,-7.61780131
961,7.990709243,-3.913830677,-1.461769842,1.64956217,0.119206909
962,5.60558881,-4.77699934,-0.47254481,3.951183322,0.408779706
963,8.27326371,-10.40062434,-3.837297834,5.803596099,-6.140795478
964,8.181160318,-11.1228279,-2.710971037,8.286556765,-8.21536166
965,7.084906922,-8.048515276,-2.989646154,2.520307666,-1.133391985
966,5.680562514,-4.966409831,-2.506530767,2.142929102,-2.485525422
967,6.039444998,-8.205997468,-3.055362268,7.036384657,-5.313074241
968,5.311950811,-6.135742633,-3.046077859,4.303173386,-0.512109533
969,-8.161892822,-2.596019849,3.983741197,8.57252338,-2.943961802
970,-6.715522792,-4.795592037,6.721669705,7.674322927,-6.335414715
971,-8.035384732,-3.498247726,5.941609409,7.973359406,-3.551248614
972,10.26552597,-9.173041785,-2.87645783,6.666156744,-8.163935321
973,10.83903156,-9.810099575,-1.899202706,7.231536931,-8.582113823
974,6.107422348,-3.347205178,-2.430781041,3.01303117,-1.150372094
975,-7.205546508,-3.489085841,2.615002587,9.439665742,-2.968931069
976,8.89183199,-8.086676014,-2.652606198,5.021808897,-8.969372555
977,6.755146653,-8.273700508,-2.545423385,4.622320569,-4.086927969
978,-9.66109143,-4.623700231,3.982107782,8.403785207,-2.557043526
979,7.873087045,-8.049099607,-3.875729315,5.860748475,-8.773268869
980,-8.533181133,-3.729231091,6.417818895,9.46295745,-3.277703693
981,6.559380762,-6.450324152,-3.880503991,2.907322724,-1.776124076
982,7.910537108,-5.81039368,-0.118413541,4.590865636,-0.351247835
983,4.766549534,-5.328495292,-4.228402076,1.961951341,-1.197199014
984,8.970713702,-6.048158387,-2.216906342,1.64690054,-1.537975001
985,8.679906726,-11.41433801,-2.654580579,7.774962026,-5.331137056
986,8.938781982,-6.056888177,-2.131219942,4.985523959,0.688793714
987,9.988691625,-9.394891661,-0.884388371,3.328761457,-7.567651852
988,9.91082054,-8.289346504,-0.93467116,5.522288107,-7.903846166
989,8.153234049,-8.171522925,-2.042719439,1.269810157,2.970054942
