,x1,x2,x3,x4,x5
0,-10.530705281234937,0.30020393402681855,-3.3883050346986208,2.818732986335754,-0.5188189931434809
1,-5.260626169605262,-0.7773473579119998,2.4565037639834206,8.535144346648789,5.664870652635203
2,-11.164205424428468,-0.07419341757265463,-5.26637886696836,-0.23574238665246305,-3.2691578297604824
3,1.095870181223356,-1.102130580046503,2.594271376556929,7.32330986627864,3.0769886442123253
4,-3.0883076956243523,4.066238100959723,-3.6253923993146033,-9.14758277459599,5.147979651159106
5,-4.483949514269412,-6.166882113703238,1.785840775636641,8.805158319930353,5.276864848883661
6,-2.236579379834074,2.750316900087947,-5.184823285499088,-10.961242994436255,3.0952294931786493
7,-4.8244364528565065,-1.1997578616707476,5.200517558816148,6.81991155589924,3.529202972511501
8,-3.813879534048884,2.43484766448064,-2.0641148662113964,-12.34929414936726,5.07138510293223
9,-6.786220818695446,3.575424958894269,0.410831061564223,-9.17584060602128,6.600853269260297
10,-10.356595023009053,1.6842276111835506,-3.7251536784084474,0.5710659022138747,-0.892438715848753
11,-4.4295937417139015,-1.026338441472019,4.897411707235615,6.682035140411123,1.6504536552717308
12,-2.416286659131021,6.170133702553076,-5.494159051837727,-10.987519175368714,3.6728045841114905
13,-3.678958685618115,-4.1835350652485275,3.140964796425765,5.355359681599363,6.266510948254555
14,-8.67745964668734,3.5964191142932838,0.27244618322899683,2.718396104680828,1.3967823570728042
15,-3.8721881268299194,2.024088500153078,-3.4079162601160666,-7.949314422524898,5.263265129811537
16,-8.768379947600534,3.252632914118781,-2.0528055219550616,2.8462799303486377,0.8392303476416438
17,-12.31562062649192,0.7600816087558935,-4.283062441581642,1.2011872834980335,-2.947837714050705
18,-1.9406924907139986,1.5102018298408986,-6.079867388886809,-7.705062719420257,6.210054413794882
19,-3.1046309929535916,4.216874672541591,-3.0700564139068094,-10.051858210170181,4.785404342170903
20,-2.0974453049444395,-4.260523392157004,2.123061384792159,8.136084279514694,4.983628533658597
21,-8.389905987620375,0.5293052005569971,-0.7263727287290838,0.5643825698648977,0.5440796526640017
22,-9.932233263645822,1.9066135479077497,-2.229389262769522,0.2138089662564786,-0.2730953954069201
23,-1.2631926524585997,-2.8376543907016405,4.48316541257778,6.249203422584941,2.780708982881648
24,-1.3293392220006908,-1.8046546113027016,1.3867685391611013,5.893748801880793,5.082826661815245
25,-2.5506231785958104,4.628321492551317,-2.527677484059879,-9.56880821558467,4.412214573574327
26,-4.1614089157144765,-2.514833690153407,5.029952725590348,7.968083428914322,5.382246929350357
27,-9.974900165281504,2.892720101367246,-0.4304561674663572,6.039658873770678,-1.0172676983474545
28,-5.573565442007025,4.949749007359729,-2.430186970117618,-10.545858483276694,7.1384543065629416
29,-9.77329963100201,2.8657280947460495,-4.284351135418962,0.440117520480261,-2.196512064514473
30,-3.785466876086556,-3.2009267631554534,4.314694249917165,5.810806970716534,3.653168085106856
31,-2.8510197371511796,-1.2001814299669005,4.888624855554541,5.874353146619963,2.9802425610640437
32,-8.649036879715789,0.6335955981251993,-2.2111333340246557,3.797115408448052,0.45311802746525
33,-4.406634779376862,4.433588151150063,-4.223168396711802,-14.452194193595474,5.223008436638143
34,-1.7880182305666985,3.150280568444136,-0.7220493178383585,-9.92683359602472,2.0126526489076513
35,-3.5296980322878797,4.429145353177579,-2.7354663088805986,-10.755899655686017,4.312511876325772
36,-7.0481293080128005,3.1964644278635626,-0.34563051876495576,1.8501468484482002,-2.2628572916174825
37,-3.2034910642710632,2.9495598911822505,-3.7451951772802197,-12.267876748109096,7.345348750253016
38,-9.103107344764528,0.47259325027322074,-1.4667544454767987,4.658173712047441,-2.5243265731050135
39,-2.7121364197677815,2.5832518413094046,-3.7345615327027537,-8.44927727063819,6.540917915772361
40,-9.071436323897755,1.0119241772410636,-3.5431146145444012,2.4894347358863578,-0.21518573543908298
41,-3.856707993616882,-1.3631317530653286,4.40833063630484,8.57525655542819,4.487789481814001
42,-2.54800331521141,3.199338624256817,-5.831499172275956,-10.6688676745321,8.391143180594206
43,-3.3814805532765098,-0.9726978363889207,4.879975001043148,6.172993281218893,5.045990609949724
44,-4.112914383486609,-5.942437075457849,2.8345329636350787,6.570757053891783,3.53772105458833
45,-2.662000839672988,2.9829463235737834,-4.326436704537667,-8.422448659894746,5.045285425469483
46,-3.6950692622128267,-2.8924536228809665,3.2276167229063315,6.160083125796315,2.8268993272411342
47,-9.71336512910745,1.8426946181015726,-2.0578676657716857,3.4590174882862694,-0.21161112687709477
48,-2.4044734385713467,-1.9581544106151285,2.9713865126931527,8.763419601358173,2.7576482537354305
49,-7.319745117757892,2.6484276265638367,-1.812614029134125,3.2167615424306124,2.189690354815622
50,-2.3509099073507986,-6.122720231311714,2.915042286002994,7.0510758321138525,4.771945092443258
51,-9.962353319878208,2.9001127625769856,-1.0690304673826752,2.095025856928676,-0.7949352647316152
52,-7.564304185062618,1.7273373741160978,0.191516117084773,4.173398047949831,-0.1398895499972193
53,-4.017318827740214,-4.487542193633241,4.082015518797449,5.9102058438519975,3.356888550352508
54,-10.867861988031935,-0.9227915180478123,-2.7208597153455907,0.9447163036097721,-0.5373090526892411
55,-2.1820185815134163,2.4965834283245365,-2.5849001358132857,-7.663913692299481,5.391708633586163
56,-3.380491757704252,-1.9185577171459443,5.882097405130009,6.872600122262062,5.338759470717508
57,-4.531968763219383,-4.491835707812401,2.4812645437856897,6.638026981566268,3.1110005239120557
58,-8.947484908071738,-0.7367968997848777,0.4258999919408222,1.3053802539693287,-1.283473659115361
59,-9.385897556640991,0.7886905995064251,-0.5981514354583588,0.9359835022431158,2.489514150938543
60,-4.645116012902991,-2.619985859576457,2.481699669851978,5.792510176083445,6.03882587299568
61,-2.8478982148927345,-1.3778501607380145,2.117667537013029,5.232964912487411,2.8461372267108387
62,-5.899112238717402,2.4811619933544073,-3.316023223877373,-9.00445327113968,4.297034493407219
63,-3.278263226115052,3.907401845855254,-0.9019814838481492,-9.714495659828863,5.902194140126154
64,-2.1000549560700756,4.145850210850184,-4.003556112229778,-10.093557822209874,5.812832589933449
65,-0.7873137396149825,3.733124240354839,-5.261945202810695,-6.65072437093381,5.014694235427224
66,-3.7160991423463754,3.6114578330687004,-2.4510959671351578,-8.941686206777762,0.21848526145087632
67,-0.34938876589816825,-3.045222771194033,2.0340001882233,9.486650424915489,3.1963637747285074
68,-10.625543787874081,1.351138205360628,-1.3465912542050669,3.6798434668590065,-3.008738774483107
69,0.28272214190252276,3.0207670662073363,-2.6495258872497445,-10.25242707890723,4.695565407831937
70,-2.7823462512329775,-7.519548704593496,4.397553194203386,9.673368524006378,2.4788556742548495
71,-1.0291380518125455,3.80628826638012,-2.902207493310749,-8.933964382407604,5.027399157627917
72,-3.7147425039369293,-1.5838117490885806,3.2726122387060443,6.046360192180773,3.9126342017424145
73,-9.324364118437625,-0.04831701151517964,-3.3292561105536067,1.3243485566480733,0.943446341610336
74,-7.726518813889805,2.1465767397222884,-4.366962885902698,2.4726244567092497,0.7599773765889506
75,-0.7467780258216183,2.0505486241346302,-3.9286680193430468,-12.432434382843322,5.773055560072761
76,-10.571643467168196,0.0979797615663931,0.856632406630145,2.263913855611718,-1.2162239313501733
77,-8.825502210806665,-0.6323831082531437,0.59060768817716,5.473447031681486,-3.3365815875328986
78,-1.4330284972833738,-1.777242158884224,1.5561401106068986,6.528046236644871,3.5072726716074225
79,-2.637066052513141,-0.6258060363008129,1.7228582248789932,3.879289883394498,1.6105534876089345
80,-3.385141111004824,5.436534351530132,-1.0200690122706795,-10.817214941462698,5.0297497727444656
81,-9.943648370856817,1.9406870868956725,-2.4961587090460493,2.7469576961572524,-1.305513639520587
82,-10.112308945017087,1.9629813147983586,-3.626984419763847,2.17233278597595,3.0853607524011117
83,-8.18034883990665,1.8546786710337513,-2.8314419479486785,2.4171310129713515,-2.0206155927305485
84,-4.450012997794419,-3.748415069671368,0.8044118373216063,9.307200993571115,3.912909093621592
85,-2.968336697341296,4.016740057992203,-1.4259914360668233,-10.809370470308547,2.702517491704317
86,-1.310670151753752,3.5821634305355685,-4.387927099667437,-10.87500928133088,3.1372405005001527
87,-3.1534990674659356,-3.527892255432373,3.717329248407651,6.597215401388564,5.8141791015348705
88,-5.664470410747338,5.6515903250331245,-5.541825351472852,-9.29283303909172,3.5253237367188146
89,-2.095045707063609,-2.5881431341308283,2.6477867885508917,5.949983269335844,7.314871617547849
90,-2.423761888259626,5.310462165978735,-3.606228265433389,-8.393163661555608,7.158335113609786
91,-3.4060700118925755,0.46354800623764936,-0.9794615671472835,-9.584442310615604,5.275164389773628
92,-1.3004016077634808,-2.0265771295216783,4.61518795682732,5.722649888384341,5.400167211867496
93,-9.922603518667415,-0.09346815688410226,-2.3604725760899825,3.9036075795861973,-0.37610843595350213
94,-6.728659487319366,-0.935618674690178,4.8392550164542865,6.082032779510348,7.21132790535664
95,-10.007120469531943,1.2078187980579234,-2.305292164889992,4.390272534891132,-1.5836338752219492
96,-7.055764570196658,1.9742443274317152,-3.0465862815056575,1.182689628373426,-1.6211008897454848
97,-3.947762993857351,1.6557331798829313,-2.6568312526558024,-9.479009782568058,3.555038703661389
98,-2.540979587437369,3.008774589869755,-3.4455130926171535,-8.792227098833562,5.32186166129276
99,-2.9717441671103204,2.981932374170768,-0.18616809718992533,-10.63762285945349,1.4926842228693218
100,-8.725933696987783,3.5017549538476067,-1.2344389590405898,2.48537181508402,0.5271749307130249
101,-10.504924071391127,3.5116875950721393,-1.1188118391758444,2.0738903915139204,0.17187931439911752
102,-3.2557406701441796,-4.305852918829604,2.260523045643084,2.78495846317768,1.5137511802659414
103,-9.907214218995165,3.9147780643580568,-4.643426676078944,4.0397837867823805,-1.1612520833726285
104,-2.067325424675617,-0.6915262275186576,2.1495244096180977,6.67646651581916,3.0596175376798507
105,-2.935098388405714,3.7946471027872417,-3.4112327527296666,-12.986982043833407,6.0876552736746286
106,-8.834466937261386,4.592249540668426,-3.232483389843379,3.273160700893835,0.6011855664863255
107,-2.7163227583003446,3.4843869701551187,-3.4449821840692265,-9.885935872383428,4.725530019950463
108,-4.833943164700784,-5.087189987967427,4.957751848923346,5.735765560864555,5.611225072187026
109,-2.0993037171463818,-0.4270649125130275,-2.9399365873518537,-13.530970998719287,4.774525916675269
110,-2.923191498333235,-3.0725411261387015,4.05529264779778,6.777819363785136,6.116679434327369
111,-6.03391704380404,-1.6460768847630507,3.8795825142252465,8.15994611149102,3.900118003260147
112,-1.3579050915371318,-1.8313275501804596,3.2587952737600174,6.610102840872584,1.9613701012160094
113,-7.95086532386644,1.804443657775565,-1.8272532904522896,3.8266131146020212,-1.3761664632925505
114,-9.885864042459087,0.19229612873923374,-3.6256211837804093,3.6185396209906404,-0.6503095324015462
115,-3.185213000213362,-1.6197719703782505,4.817905106960742,3.2862755507433614,5.43155685109413
116,-10.157346563314736,-0.3415658792884555,-2.0089647789553675,2.2439597658448927,0.2754552109192079
117,-9.862858348240067,0.4640473696687155,-0.3040154303373994,0.5655034798106238,-4.189944470493352
118,-2.3619136614484626,4.722148708465183,-4.5064423581053745,-10.140855090918604,6.065035696722163
119,-2.2178854661190726,2.096156670415629,-4.804686712896556,-11.30826229329798,3.901178647125028
120,-7.55878579280145,3.7524030586711117,-2.7222491704414273,-7.903629298973181,6.0697200591068725
121,-9.395030148162135,1.539494520318573,-0.8534819537341187,1.660859285437652,-2.5179922172362117
122,-5.420668962837313,3.825789346066205,-2.255274119937928,-10.933341078106803,5.737571397324483
123,-3.6443710523938107,2.699278571285445,-3.7534929490039977,-10.498546643903971,5.841532232160302
124,-9.702687937454574,1.9695102905610533,-3.904139374261982,6.274676238976409,-0.42276389371820855
125,-11.613820321457961,0.06311587362547821,-0.12244832204522194,2.1962636152266968,0.1623477842660509
126,-2.5433785868631658,4.374320353646105,-4.692133668089316,-11.359922826794842,5.280428675325276
127,-3.042734453953256,3.327452137995691,-3.8172999461154835,-7.686587519044528,6.443845155614916
128,-1.234373731260891,2.8744112924296807,-5.084631678195723,-8.95757472663054,4.774975548611957
129,-9.716289622810889,0.7623907189747918,-3.858795673018954,3.0939871796964598,0.4814002440474503
130,-9.965248424267788,0.9954655480943714,-3.3033475776663406,1.930073687124271,-0.12000550771770457
131,-3.3519806759986372,-0.01331843406989508,2.460224696846221,9.015643862107911,6.658175776254122
132,-4.392445545831158,-3.210885751551193,3.0111239372832306,8.935429343980164,3.87328894471533
133,-10.388073634993805,-2.3549451727438235,-0.4520168538462377,1.2762162988538854,-0.8929649341226956
134,-5.094572775626331,-1.0961134241041965,2.6647273316504605,3.5785643643639613,4.590958229572297
135,-3.9556416164945576,2.282022885657792,-3.6174287152241336,-11.043197180350584,5.9872229598751
136,-9.325378377537948,2.476418250889763,-2.11287466552819,1.6877000779296802,-2.3202475268558316
137,-8.18904888432733,-0.44624584162833303,-0.4703686632770574,4.372438577800365,-2.3694376880856676
138,-10.224262653887946,3.4249027038398356,2.37648186674587,2.304746539008903,0.5714245535683309
139,-3.831994124966653,-1.754267798587224,5.8941345210622735,6.754545906537426,5.277382673217511
140,-3.8847967308920457,2.234274505040474,-4.940006292023876,-8.222940578866996,8.30937600054183
141,-4.072354454813212,-3.5831304102335495,3.1507785137856823,8.660263563891524,5.807827018180305
142,-3.694358809250531,-0.2829341540193604,2.6803126857959594,10.15808854774342,4.505356319382612
143,-2.9122999730715624,4.340176942409356,-5.452042837616139,-10.137553802303987,5.070403774869506
144,-0.6778176871594046,1.322056705445676,1.8889363913717743,7.406102039670855,6.923087814781691
145,-8.173678822606243,1.263078051379377,-1.7747891550288717,1.487657201852871,0.08556444537397778
146,-4.0138298396492065,3.9800676812747025,-4.377257446650619,-8.772637769572384,6.541556458372687
147,-1.5386854204436404,-0.6153682289138107,2.6242098709864354,7.1147300471133805,5.4679692722746776
148,-5.281443618145761,2.5726104025978316,-1.4801334337357432,4.93071870094801,-0.5993424384544984
149,-2.120426309449451,2.0195799228986018,-3.8480044405159965,-11.16554819074604,3.211818083480066
150,-1.349127243009928,-2.172930348236595,4.332885587771801,7.259987230443771,4.500851612390793
151,-1.68521420688327,-2.125322812880987,2.560478604876626,5.1347517791039445,4.6426255414343265
152,-3.5727826039114956,-1.356274525084838,2.1708154105724264,6.860611767497417,4.487275533491005
153,-1.8626781471758709,5.705043163407494,-2.609190711520751,-11.725762228796293,4.784658699050671
154,-9.442531616436023,-0.2235825510074878,-3.1310130639816465,2.2138177157538625,-1.3299436233758701
155,-0.5006905372845494,3.7395878947695995,-3.201996619672305,-9.62866881525477,4.983874367858534
156,-1.0033384089193087,3.0841460672942604,-2.1596905202786085,-9.78793737686909,5.199968098904149
157,-3.3123023042137563,-0.14190324805573873,3.05460419977722,4.744703748130119,4.033979764906497
158,-1.9428678066216905,2.8639619382509625,-4.972646971659678,-10.02479485954276,3.583210710280646
159,-6.488816616032386,4.783449153750581,-2.6481984035266497,-9.405578320855085,4.1441849836751
160,-0.6121928427516496,2.5935334562372794,-5.934676994058368,-9.948953184927896,2.7071038314714597
161,-3.136788299295158,-2.1070082085992423,2.1300838376231708,9.35219399453372,5.261677706490074
162,-2.3663999668543507,5.710479387344659,-3.182605924299698,-13.394909421791835,3.823111381553481
163,-2.54932752158244,3.5649159109023816,-1.2945448055974835,-11.364586076999064,5.743097012077542
164,-1.7914320322334625,-4.121753455130392,4.162479622530582,6.42688546387368,2.102214744073606
165,-2.246849800355504,3.822313245291733,-3.5087151051658636,-7.419549028860322,7.09654980201948
166,-4.857600922595369,-1.374729509012718,4.342249341157214,8.320049887297193,5.037506945076617
167,-9.03836946195265,-1.2409186524324802,-1.4991536065727535,-0.9834846683088161,1.0786624787391679
168,-4.620869058057227,6.24962407443093,-1.5627532479323567,-7.903948717888865,4.3286517575292995
169,-5.011764215258864,-7.487311078190982,3.3180892518209064,5.866687345615057,5.037950891539659
170,-1.8390912524848761,4.980854066726679,-4.9628011633822995,-12.303158429560016,7.070230236562063
171,-9.324537921146492,0.2139344163131558,-2.8646005641801495,1.3922786558073525,-0.8109774934717077
172,-5.343627163601765,-2.5464014969749926,4.302497096371701,5.687602104228347,6.502917027538459
173,-10.265370365870359,-0.6115643213267523,-0.519363630688531,0.6773392385762746,-1.7021677283147754
174,-6.94396549203723,2.0546566658160024,-2.065878931573446,4.1443063468108114,-1.8897735223220524
175,-2.792693585755214,-0.31034953537941945,2.8738969689353002,6.281919568202873,2.9254335502263205
176,-9.353054797369852,0.9309096213027619,-0.34947285102771986,5.07085205333199,0.6326414461573222
177,-3.5431892638665645,3.6252460474544663,-4.1320108970249745,-6.790698824034983,5.021821029578438
178,-2.628594332664508,3.01204934058672,-4.399309628208419,-7.40905980399647,5.958011553051679
179,-7.722023509694251,3.7709842206316995,-0.2580678883330265,3.106613350796877,-0.03500237741829043
180,-3.469435614857235,-1.6553960055475287,2.9280839951941076,8.679785361645243,2.9317296896228378
181,-6.119760274697068,0.574160073571868,-2.0960389576215586,2.4702288775817594,-0.8971634026560623
182,-2.742911814058928,-0.014526608782591488,3.960644723662395,7.272096427853384,4.152993326423548
183,-8.973649207441678,4.8812874282490775,-3.539102642772363,5.580845754988474,0.3018905479609586
184,-9.451699624307938,2.2284632500443804,-2.611786618519569,-0.12828836199378646,0.20139129015054147
185,-6.748316412282848,1.5475627625556319,-3.5368247435344844,3.0069889328942123,-0.7006023871379393
186,-9.753847116082529,0.806405962556928,-1.935073859760353,4.390409565860828,-0.6411573917174989
187,-3.4738926675503086,4.01478048085029,-3.016819912139761,-9.716406961086559,1.796097971180414
188,-8.516445717550878,2.785905375156157,-1.936993195806084,2.51892357900412,-1.5786863102956457
189,-4.306772108470529,1.613939066002588,-5.18772260584003,-7.823454839276929,2.9362467025600143
190,-7.416125373567143,-0.4118765454021054,-1.3561844358204653,2.138307669181635,-2.4141038552250698
191,-2.1559919044456195,2.3007339692702202,-2.6687157747445878,-10.074347330330198,9.301031313521088
192,-2.0627605335876202,-2.7581501263577355,3.077727996517693,7.909440361851245,4.878481755522182
193,-7.5354630073318525,1.6889459015213584,1.3546480443227318,2.215000247237877,-0.5737514776390695
194,-3.2677305778344197,-2.0824817551204795,5.091271161298904,7.669387790341741,0.18404141147022113
195,-0.21608322508856492,-1.693905552100355,4.5596224872515485,6.8929268856319466,5.718641599567851
196,-2.9646638728059536,-3.497576276305181,2.682078129599245,7.575866086375494,4.469371234095381
197,-9.371240064505484,0.2653448478340743,-1.254395249426095,1.9236161936019807,-0.777785968489323
198,-3.8070603140183152,6.363856368394894,-1.845638188700542,-8.372680313883148,4.48293126068922
199,-8.054256944319658,-0.7643762485230612,-3.550740798669392,4.251584510954166,-0.35065570801576407
200,-10.421050951268004,0.4479849192027372,-1.850029769742883,2.0263754800415734,1.644406362668096
201,-4.384430775392753,-5.081773878942556,5.040933893425643,6.428473934554215,1.6653398428850261
202,-1.8193677803302883,-1.7500651784332408,3.744681602144409,7.95004622810767,1.5227365826200518
203,-7.3125629353741095,5.0163396518407435,-2.521564318268262,-9.481101741597401,3.3987358671922037
204,-4.979662646197198,1.1635186002779516,-0.9730916387588788,-9.446896571331981,2.4025748470363166
205,-7.547758168065419,2.0314943109894257,-2.9181836798125524,2.4592464403156042,-0.5653993375583479
206,-5.225068269011842,-3.0851531592482613,-0.1345996929936839,3.570112706723908,3.260524256940742
207,-7.836012978147683,3.41893955853044,-1.7987646952381269,3.3930812327053976,1.0299775132351827
208,-9.136882763681724,1.278650751604978,-3.4332549241654293,2.436404100484997,-0.9956008883623056
209,-0.8700370419568768,1.7869211397273648,-1.4688651781001307,-11.300324585177883,4.898891588662375
210,-2.9867699885774344,-4.160835656030477,5.953420062646837,6.23483723977893,4.051338363466651
211,-2.0370365855141648,4.336232192720571,-2.9976223910160344,-9.344368901327814,4.897064687121153
212,-8.564910204759672,2.6556942342288545,-2.598788416434615,4.554105678940085,0.021652693179319282
213,-1.684249830958898,4.170000082969122,-2.584665556338625,-10.293396280980593,5.0357282557629555
214,-3.617455698937821,1.8676338370956094,-2.1108637392243064,-10.616817093888972,3.627758748687939
215,-4.751375445804837,4.207661654215445,-5.263656608678964,-8.634038934912649,4.570634907828019
216,-4.0876676605535165,2.5046858545507584,-1.3549710390501297,-9.901659322094655,5.812413189791187
217,-11.4751885454781,3.1206989499269833,-3.132296645894584,3.5949301252583274,2.1266178869019794
218,-11.886149404059468,3.0959375609611954,-1.2540553031847892,4.409438645189031,-0.44837713548287483
219,-2.621899163271034,-0.13945151749267692,0.8247131569276025,6.926799961339287,3.461610292192535
220,-6.155323954295466,2.67897751108292,-0.5208072466678217,2.5162357581770807,-3.4432279491173925
221,-2.5657870021563083,-2.8001797311160046,0.6549890051690501,8.089718307564068,4.99897593676187
222,-3.621202489012302,-3.765196459022034,2.403489257627756,7.016224294558869,4.130717040990028
223,-3.241561368566167,-2.6823805021117506,1.148190889634467,7.370562527502521,4.591686391111239
224,-9.149104327216822,-0.3973061082208966,-1.770393025849968,0.6297613661613339,1.9812036225883656
225,-4.851000587495017,6.3438338121688895,-2.1622764973446786,-11.780385811908815,3.205593388723914
226,-7.7675335161151295,1.1514804296807002,-0.8303408120431601,1.7061249537728713,-0.5713156639817691
227,-4.079804452299906,3.1031074673412062,-2.8451557636849882,-10.161267281941795,3.3396197979498696
228,-10.327646000725395,4.089562251496366,-2.902504907884799,-0.9017765388509256,1.2973047961166797
229,-1.4482690486785808,1.3431151252480527,-3.9846538203770656,-9.986925205657402,3.8183812985390686
230,-9.971519403637036,0.8822082906464598,-3.130090903850427,1.286363047249414,0.9882153910009903
231,-2.858547874195727,-0.11049032609440657,4.300395071362081,8.721704482036513,3.606528594525386
232,-10.966668708942656,-1.1212023024530127,-3.84263338162466,3.1508142494622513,0.1936642820119533
233,-3.5583638798368797,5.2326844945007736,-2.7659275302731956,-10.866653021209803,6.783582526861349
234,-6.871812764176747,2.3667613344233875,-1.109790589407883,1.1921035449501691,-0.35122366466468596
235,-1.5554975640516924,4.684988976055503,-4.087222743998543,-10.331722139405436,1.0833661816307174
236,-2.2942112850605643,-0.8589529089828158,4.090197168532478,3.527694021933156,3.541484507177554
237,-3.1994944710392668,-4.00540208836208,4.141800040222323,5.573442895288877,5.121550952910891
238,-0.4460434432196507,-4.441533110632358,4.195421925636209,7.2616795998441255,4.590659049349578
239,-4.173597910698021,-4.434296513792068,2.6056286764961976,7.121543456141507,6.971747705530959
240,-2.3208162464031705,-2.008029078193405,5.678048060563976,9.23777513024162,3.2773974793733416
241,-1.991061907234549,5.0950829669859,-3.127118676381974,-8.9496577571046,4.197620174452351
242,-13.646829340197744,0.8766966569173886,-2.128509555113202,4.0355460432748815,0.1833387413555646
243,-9.457046947367406,1.7057594866810297,-4.585652119900216,2.3398958618048917,-1.3321894676750516
244,-4.531968417961766,-3.5343798987483317,3.1067284240635153,4.111235808537713,4.7616518452947885
245,-8.46725698518801,1.8004418192093872,-5.0596028158544675,-0.09744772691611736,0.5665224889543641
246,-4.0934023046261965,3.3535830436857808,-3.87444449609718,-8.21557860278215,3.111603614271962
247,-8.799298088672733,0.5368247825146362,-3.182670341793262,-1.2228723814229445,-1.0273764517911823
248,-4.973677407308202,3.026296304255535,-3.4915908488047642,-7.778746441249104,5.549447596090756
249,-4.773539572249328,-2.580692811392001,2.0493083989134933,3.974965134444745,4.742761895159215
250,-1.6918086305768112,1.2754190492670698,3.8140731298022534,9.159624448018485,3.2723360376520065
251,-6.060137938588459,3.5412590686444827,-3.03461891073641,-10.719057199588315,3.6051304313068
252,-3.2527928206421786,3.294585035198719,-5.920788236188641,-11.489226633564098,2.849764861903503
253,-2.4331362438778044,4.197361602389829,-5.290503841545644,-8.74475854467004,1.917310407826521
254,-1.770780919364555,-2.8798775552939353,3.782971432093664,4.592034203449642,2.5545889826460764
255,-6.464488220719016,1.2943910961595722,-3.8253395032963127,6.003747386878516,-1.8632898570660588
256,-0.7418407619448515,3.0758676728835694,-3.4557638638368204,-9.635711224565686,7.840946900436375
257,-11.845644054925184,3.553294027086804,-2.9500060851959544,1.4528939257831375,-0.5958687788515664
258,-7.914845753720966,0.8800432955250637,-4.353908572704311,5.5118602673663135,-0.23563457784707503
259,-1.5783915531279402,3.9061990237270416,-1.7015011753587457,-11.150204785419959,6.899842343745297
260,-9.3663864126589,1.2320789858920271,-0.8800490132788794,5.190557859013406,1.1068752428269821
261,-3.1565643086714203,-5.391500452114916,0.9466470481419571,8.077245132403132,4.379318419980188
262,-8.86966343656772,-0.6710623121453199,0.58870489873321,1.9370381236754555,-0.11121976354195018
263,-8.323193698561342,2.2834169644637745,-2.897254228914444,1.6347846460380329,2.098613002160544
264,-1.5854921276246803,-2.7795495187356942,1.8548875122743698,5.7465557623437356,6.4365077861167475
265,-3.677644105242091,-1.4948643584789485,2.7247754121472454,5.663842485806138,2.963887182202724
266,-6.025261043400217,2.7746417070434766,-3.2262644592501646,-10.1111478807594,4.6436537995197815
267,-8.276388447935547,0.930515904262565,-5.095825192288197,2.0792760855043935,0.8684325665087436
268,-7.624217419072547,1.1747262762907804,-3.8008711977583585,2.490184415337131,1.2342819751889866
269,-9.498205910048444,1.5336627135935537,-3.343143131431398,1.9536251606036825,-1.477971953615369
270,-5.2793987504836775,-2.652629124714148,2.8484335648178205,5.10238820324528,3.6113161244776246
271,-8.818855629690479,-0.16416269354144264,-4.461041107574834,1.6107998816557494,0.9093098130007389
272,-11.548264283810116,1.3786322258863373,-4.21800452629696,2.594750013633056,0.8759562601573245
273,0.300777927753467,-3.293709829798341,4.769931931349433,7.396058478591107,2.3495439780062632
274,-1.6894508071223284,-4.877967031517325,3.1730181963167405,5.059257155380297,4.9095911981710305
275,-4.867774638968737,-3.091588702739933,2.1980923996916193,7.572572276364178,4.542313867907779
276,-3.239939492915301,2.1722299782877705,-3.8437458311344677,-8.856522414718997,7.628822960912467
277,-2.0262027400139835,2.6084616150768944,-1.819329663070567,-10.191009963661243,5.789771854203634
278,-3.612515664666338,-2.395109842368258,1.0064424733166892,7.728079915116947,3.28413516211124
279,-10.262116047367304,0.3366131913783561,-1.1628039035152749,4.8082754729015145,-1.357078087985836
280,-1.0482909413140287,4.112230467556175,-2.6088579931776823,-9.57427843773423,4.069919401441467
281,-1.7813581748812952,4.659396191788299,-4.296208128817713,-10.487828088644898,5.143730657952214
282,-7.357642965516762,2.44501309193449,-0.9901118232980228,3.3648119227184656,-1.3370511714936253
283,-9.422480983282885,1.4697218063712456,-0.7555152761849033,3.5085815707459065,-1.3010946332879285
284,-7.718440073277483,0.9673522639414326,-5.84148722361712,2.111688077918814,-1.6092770247661545
285,-5.0359955154032345,2.9468319685950175,-3.0262149752570036,-11.386948533060817,4.688275115273901
286,-3.903401312554322,-2.879364337493605,3.893075212373332,4.975554712449231,4.847285069176166
287,-4.160195375953297,6.438374656624206,-3.5635946807486345,-9.911481381984919,4.966397773411424
288,-2.9269012890855595,-3.4724918677052345,3.5099873356474443,4.278831061221297,3.7014627748363695
289,-5.213805954563208,-2.6161556873900724,5.292923586249678,7.421762644845343,3.868586663410915
290,-3.87962408886421,-1.6859659632630224,1.3938977898644982,5.756371624090303,3.9308468140776505
291,-1.39366810602678,-1.401277623198115,4.0733626726581695,6.984675615914623,4.847797417469593
292,0.20027742119791503,0.5233239104545997,-3.5407252539244953,-7.561436657018963,5.8599073754652355
293,-4.404077656342957,-1.7551555722494112,5.566099330750822,8.22129150391988,4.474946652253588
294,-3.020642313165696,-3.214071472655217,4.379175053152179,9.581122696409427,4.835404963132513
295,-3.1116554300976262,-1.6546885666690667,0.09772104995447695,9.595577109880074,5.410445388068142
296,-5.363189998939086,1.4300917699984441,-2.5542105720720247,-10.014261116228193,8.14582311672229
297,0.8734238912761376,3.3402225187438987,-2.4307679139589373,-9.148967479455562,6.5513755529912645
298,-3.2326618605238275,-1.746050992415088,3.5451798714474525,7.7257970435812595,2.700353018856445
299,-2.131465548185477,2.2005906522387084,-3.435897943352751,-9.059759834768686,4.636802696814315
300,-11.089182159468969,0.691838609256678,-1.2793947711601508,2.0628103610055937,-0.5764879145222854
301,-8.358515168594998,2.990231178308202,0.963502596742221,0.8877543952009876,-1.9176686248409256
302,-1.4983858118625295,2.933809617532833,-1.5695705749689854,-9.499297005257233,7.233437774959221
303,-8.557778936061368,1.8929516136586564,-0.6941057893506162,2.525950824087732,-1.4112667581781952
304,-2.8258103328012183,3.609699350149003,-4.075790271836022,-12.162779372804843,7.1526434254704006
305,-7.827066939339512,-0.9237688466126466,-0.7115671482411003,4.905227155466306,0.7368713960861963
306,-10.913914508054441,1.1169275032082577,-3.459452535372591,2.5736506211766117,-2.8276254854683907
307,-2.748245952987195,3.7483981319818636,-4.8207756923967855,-7.482268319522543,5.690380107012295
308,-3.119472952826512,-3.468010327793076,4.6163479434283605,5.654582831216799,4.339835055636385
309,-4.301746291843973,-3.5619394761892798,2.5940441526315308,5.385694130299723,5.156679248134044
310,-4.3961707967924095,-2.5481027334137822,3.9545947768181255,6.847222257722141,3.127493808017465
311,-4.298400768702088,-3.3374618695886173,3.0493524005678996,7.319213089399752,2.0009082757948256
312,-10.017205018708633,1.1044835952492236,-0.8851017074539749,2.320789225659747,-0.8182413362605119
313,-5.2002863971516895,5.5841556778724755,-5.648815046952111,-10.094010306248771,5.803868099287834
314,-7.041694282326526,-2.3364647814997874,3.0143447477668057,7.959765838124144,4.535496037662106
315,-3.059865479638572,4.137599088485237,-4.457668716237295,-8.229829412741424,7.870653634051177
316,-4.6668566658343735,2.9000094267725807,-5.567639351938373,-10.904181899614628,5.14389161254947
317,-3.614036150159895,-2.691680200136305,2.054468058138532,8.241828521902207,6.3924975254086
318,-8.921336385579515,4.531244653607114,-0.9997981173437709,1.8206849183051061,1.6471167788469883
319,-2.5846355989096303,2.720778258067316,-5.0454599081427265,-12.570455544937044,3.3152814582511936
320,-6.81327790847905,2.3617930134342457,-2.409178854685762,-0.05410478602937907,0.43342097682269287
321,-2.491971187896029,-1.651947470362222,4.600189311078769,8.872140153511124,3.4848416285243897
322,-7.827835239249529,1.5660631768087934,-2.210602411929139,1.5888519915280828,-0.2855811666424982
323,-1.100879056011199,2.1041256822418295,-4.068985052754945,-6.156125236421891,8.760313714422903
324,-8.749954888770798,3.1654564967827157,0.33201172813573265,-0.034412591009322924,1.3862188372435065
325,-7.446182532859047,2.1082173412984426,-0.9554523918793718,-11.304983776599185,5.926434791531435
326,-3.5314659207389396,-2.2742052305163143,3.292154983573612,10.254652878007269,2.6332033675392426
327,-3.959846750299749,-0.9781555561482516,1.8973102719653714,5.958106832679894,2.586998820269269
328,-4.546539928139216,0.9917007637682254,-3.3581655316599512,-9.492976964594565,2.3195838213390725
329,-3.5227443676186128,5.669222882167217,-5.08962719494815,-10.552507721258944,6.808788477449864
330,-2.921291951834443,-1.831122008588457,4.569517094675971,6.934521959589412,4.751244527309337
331,-3.8269677148215946,-4.1220587343234705,5.568203092802782,7.762773617879273,2.9233965084226843
332,-5.077257762838213,-1.9238324257785926,3.2994229489781732,6.245520029760242,4.137214859009652
