,x1,x2,x3,x4,x5,x6,x7,x8
0,0.10448372032077557,5.845532043563922,-6.505222205886386,-5.073281191784259,-0.8084133763150084,6.875277576636523,-6.535550235656145,8.651831487418994
1,10.274171840968965,-0.36222080228301334,3.0784170272781415,4.945298125421759,-8.465849450626305,-6.85714117209803,-4.054869635167864,2.863593918214818
2,6.190080593845056,-6.838712253248962,4.699508243254812,-0.4198347641470437,-0.31165902644772425,-2.836968421500995,-6.843490947591989,2.6488171380056023
3,-5.484783979336692,1.2720982650284818,-4.733793692037873,-3.8568207181494976,-0.4288831347603628,10.678657299275564,-7.947634192812368,11.818738390839645
4,10.116407335256781,5.503153021906087,5.348043188167506,4.995601136625679,-6.3867295171837,-5.972855284964523,-3.9383011136118546,6.579082694081336
5,-1.9956120059372306,3.573211871580406,-6.02567779804928,-4.027325842524638,3.2346239644238204,6.681755882025603,-5.685008200957801,7.86326314734851
6,9.443151035110988,-5.63205093942944,-1.6875020264377971,-6.909311221570264,9.84856820870912,6.057631802103274,-0.27325880111236905,-3.8068792437238814
7,-1.406869387561557,4.9804494099216505,-8.042863595763729,-2.617748602478811,-0.3919983561237226,8.473710590469217,-5.170452597710339,9.688235752956444
8,13.296751949740175,-0.23763910965877133,4.7444868447998045,1.9372335799457319,-11.59066520087303,-4.006446584005632,-5.183402778518397,4.1607527911264235
9,9.712115191261741,0.6578518100566377,7.690699098668168,4.993149613047647,-8.398077716142462,-9.200345008064684,-7.068116356569612,1.856263945756387
10,-1.5367859834414659,0.12353165013970191,-9.575558751584488,-0.6313272389321094,4.348547588190869,5.596506032615917,-7.357673845970908,7.640770219972421
11,0.819367333365307,11.254297277061019,4.697882333198389,9.730364022274513,7.476179305660702,-4.668031208493082,-9.003713242854714,-5.2905790286041015
12,3.338180781591528,-6.136113728880611,1.0095735655555127,-1.382579563666047,11.179015022042847,6.597305621002875,-1.116228931397246,-0.733422105494237
13,-4.3015772022026635,3.4094437882477866,-6.317253969477775,-4.620146060712149,-0.8621567456542092,5.241014796053284,-9.866494785273686,9.21932665487259
14,11.709417857451182,-4.935097625973012,6.7306359913753635,2.9718924024214473,-12.108942984078581,-5.708619170733524,-5.867342277138231,3.327456644087699
15,-2.767022945756011,0.4786585672199122,-6.4867183132145865,-4.305123727212343,-1.104972290277019,10.388881858963167,-4.579430833163231,11.509006069692452
16,-7.534036462229898,4.60702786582905,5.281018778567907,-2.468656442660004,-7.8816963639941395,-7.348997840895645,-1.8379749582962361,9.689238763354616
17,10.992890762706004,3.685316562035286,7.910156750614534,8.009269684501529,-9.879048115943988,-8.215491201717354,-5.126631714319089,7.425729980781686
18,5.317893584694387,-10.119788166803154,-2.4819504046914562,-3.5294087093092195,9.96281117397078,5.5637739316773,-1.8211884257041406,-2.6038508781013876
19,-2.539436329680955,3.1172373093244894,-3.9598858765348153,-3.595351496001359,1.463195652349577,7.7124739735609085,-4.398266316070208,9.096985589925701
20,-0.3737373506640318,5.3707003143320415,-7.770999972947784,-4.501910477528151,3.5778722655542783,13.254350227235662,-7.604938676945984,9.701781863605538
21,2.9388985547248705,-7.669936992198591,7.7724818233976585,-0.09435291737916351,-2.3289971723410674,-1.0432797656641424,-13.02791717158204,4.737861748545925
22,1.5082361682232919,-7.765654911823495,7.384621425574087,2.89571571038726,1.455368021629941,-1.6807467239718683,-10.853910661685182,2.6171949705166977
23,9.714272408765286,5.160310195508883,5.591059445165332,4.022980935757931,-11.886089034486204,-8.594772527552054,-4.533691354456402,4.365118629015782
24,5.674353847713791,-6.192440573243189,6.352362122787408,-4.470296525484153,4.899312865207642,2.7266871812030478,-10.204162943087018,3.8275903935044315
25,-1.9003570982657954,3.022134555374058,-7.390637830913192,-4.3204281451913324,-0.12359137658955466,5.911140276548756,-8.050146540308255,8.43623760999456
26,5.055333733713596,-10.758700979841,5.3360210087715,-4.811583651747634,0.2505174092294442,0.13211637772017532,-5.789547332361257,0.39341826602125707
27,6.901659112748495,2.481494538288958,5.542272588928804,4.730521439133076,-7.541300773523793,-8.034551814445424,-3.4698418444816257,1.2669830528664465
28,-2.7563300927976107,4.27901106113785,-6.753469699939437,-2.50409356251866,-0.9369715103229576,8.579408485068345,-5.2577047850137255,6.574980948100701
29,-1.4619278285558421,-0.17576382904175292,-9.854878782598622,-2.1267332569897976,3.0057287748091217,5.920633399655515,-3.3962816078471656,8.87313259893206
30,9.170728720514415,3.0633325569105234,6.753961767742055,8.346121362502464,-8.120826674018481,-7.35975039197332,-1.0665019267253095,1.4856912651471608
31,0.08448942905132162,2.4299429132972095,-7.764157523547883,-3.0526226004501855,1.0928965850799524,6.787163814845778,-4.409955210645413,9.259235163650388
32,1.9644964143797732,-6.848132436034725,8.066082200631225,-4.267834527938595,0.9595742193071846,-0.7858144321265323,-10.60003164794978,0.3290874259221295
33,8.00779518350061,-0.07177173859012642,5.621650487835679,5.54569730041478,-8.145084054390702,-5.883415923623836,-3.128971581920508,3.324646745067441
34,-10.537487422448,5.046251571447051,3.851794698540486,-3.0716652165559273,-8.634054722361194,-10.286022315434657,1.122837151391085,2.3494254902945757
35,6.472579462386678,-6.302968232197517,0.8996921508320512,-2.6296165332628467,8.531747105799024,5.7729043264950475,-0.1390036199223827,-6.224660227052412
36,4.703610916824571,-6.155471194825068,-2.4697582837202443,-2.8200199055398523,9.526997617484895,2.9587915986589515,0.14478985230953922,0.2543999773646297
37,9.201946786417547,0.4286225652215678,4.087140329715291,6.421436638622444,-10.505915748971066,-7.081515111728525,-2.0101464068699597,5.15183242624682
38,10.92881375359873,5.7190860387234155,5.733290906271304,4.9885381847665515,-7.347634003433879,-5.215207931455185,-1.3534207777707685,2.6544545063415255
39,1.3145096890999306,10.5820287342857,8.240003265251078,6.564463002291367,6.314996177385959,-1.482894578102754,-10.639146934572764,-7.312205155544895
40,7.4154866344584285,-4.790957775212789,-0.9455965574451052,-4.115069419531157,10.905594246840485,4.526574936905893,-1.806283313898531,-3.9441708651871683
41,-9.609538095602732,6.180442167016643,2.0236740897115806,-4.999426836524146,-6.335667107870796,-6.344258885885189,3.351562186065994,7.745780256176112
42,8.162317864748816,-3.198865971231733,5.478756315318836,7.094135126189736,-7.374562443480683,-4.916670152386915,-4.003576724394943,3.9331035063152586
43,-3.2573641276291814,4.798185548837474,-5.556005831193998,-0.4312151422566255,0.09863520526261416,8.741633662278563,-8.877553771106083,13.170355803297493
44,2.7466852415107894,-7.68470590036927,4.425315587223723,2.6441269654148005,-1.7710262843082603,-0.18453001592686133,-11.374075159808324,4.334811530504952
45,0.7336781526728202,6.933040519876269,8.560887445926523,6.495668150035984,9.137710846957503,-4.32614681191357,-8.315634636330428,-4.88913756624669
46,-5.723725970222155,4.494500801645119,-5.792826287959128,-1.2274243287049358,0.9479663684472708,7.3624787407137395,-5.385206227586862,8.715914966401387
47,-7.441738254262031,4.899277887247013,6.07033544038044,-1.6888442525331957,-4.361850681185442,-10.338551891304146,4.2650389054084785,6.840197297726499
48,-3.817809762329482,3.555625891270715,-5.556338505111417,-3.2832768198992253,-3.657748508482282,11.949062166498834,-7.308494292374281,11.44648915298601
49,-0.8615626649632482,9.370478496360386,11.261464168871479,9.117177002594815,6.521582172988707,-6.626162307933987,-4.033957424150304,-2.819242399001273
50,3.6367234738896896,-7.436075477511977,1.0498578019965619,-1.5506742298232457,10.00826457423824,7.722821880597481,-0.3815715214942691,-2.04195134257437
51,9.312933734685105,3.9286388540565675,7.600109465591821,5.257599525106423,-9.60385138944929,-8.585980298841802,-5.665198367153271,0.7891099590648292
52,-8.920866267678011,2.9545292369444534,4.565367896578983,0.34198083100686993,-6.057730808655149,-10.022743769769816,1.8461582333639786,5.745741504523197
53,6.8083191005859085,-7.6002275421408925,-1.5851492625897192,-3.800133736687877,10.34664409798744,7.455010594883234,0.10070480588307618,-0.9861760101911156
54,3.448595323234703,-7.159732926618567,-0.8651079183803398,0.235091554012556,10.981133887665955,4.646880131663725,-3.288160040787752,0.4187379400440756
55,-6.669433233029677,5.725299509725558,6.51174229473034,-0.30210813405016146,-10.014753813639269,-5.553013343347979,3.74788671556971,11.284251737696493
56,11.215251568268785,3.976144264731985,9.951069765262606,6.040451169766798,-9.21122207478732,-4.980904147249142,-5.422586765305072,5.43341646547849
57,1.1156590107446789,12.627831338478337,7.48843738166822,7.6311890350250655,9.56732511241746,-6.215427313462524,-9.003114311222852,-3.4505227495079254
58,2.1132363887189114,-7.152482628235957,-2.1841417184004213,0.6757723454034306,9.89250466973336,4.89370248315523,-2.6889478836062963,-1.7431149875356824
59,-3.6226797373940514,5.445582649384635,-8.464767804528082,-6.0756768224070905,1.3263783535532594,8.779494638253142,-2.2899962632477795,10.900344697378925
60,9.73734124893512,-2.1765347612412156,5.417828510670363,5.175980525387354,-10.313855516154122,-4.979195618721966,-2.2807062493201227,7.225683009875415
61,5.840584900925732,-9.271403381378704,5.06743388073201,0.6013313472081374,1.56947469788958,-0.20955085098473245,-12.671126418737426,3.293220119592774
62,7.274401563046913,1.0004424135296361,6.046701641117007,2.6936537333664954,-10.501483771408504,-6.275524332980078,-1.492106993763218,5.760682873953829
63,-1.2908290192398049,9.328015097373628,13.343260930300548,5.056482282439495,7.769389242955528,-5.421777375120893,-8.185766259919859,-4.343991161600646
64,7.106329491563361,-4.358046517763777,-2.3487060108230966,-4.955860366061993,9.306317641524018,8.307734721403765,-1.7571619001953382,-0.15423449117615728
65,-9.132928783507234,1.2645624419861354,4.708060864306606,-1.6068702592352473,-10.488284863643255,-6.80700576339494,2.912630961505545,4.847418552024843
66,-0.5667110364743109,6.178331886514174,6.432321928442597,4.019393516677547,9.946055192217425,-4.656234732204568,-6.222322801099853,-3.9256488523903657
67,-5.857879094091451,1.575533006660494,-2.6241494214466217,-1.8737173903054292,-3.4889826879737544,7.588787965933038,-7.957453138102298,11.337601074895595
68,8.006628350737799,-8.325835862599956,-2.35510086907887,-4.802951404412308,6.274657979017416,4.80585622154846,-5.036570524591258,0.11261121162676058
69,1.2042490849875684,7.016592031489972,8.17845982594565,6.396641799667727,5.630120125925482,-7.082627882637194,-8.134523865784228,-6.02008201026704
70,9.415879192987047,2.939830964512727,9.642250962972003,5.466763865565403,-11.346461096397046,-4.491441894710988,-2.307400383724745,3.8503766467882192
71,-8.242102043101426,2.479179172342826,3.263883432534618,0.364048087249246,-10.691973419318103,-4.843104507271722,3.9397714003257454,7.359987220777819
72,-4.12236906699613,1.6707690645822946,-5.522406339515041,-3.475002076946102,1.6846354498466756,5.997628878181277,-6.508967275669548,7.942491989526724
73,0.7712467054886426,8.584554315002201,7.598589900096564,10.91864819980908,5.051134013880464,0.6759747957511939,-8.541279039604571,-5.074580223862757
74,-5.734046589979187,4.3224370656110995,3.020753026845889,-1.2247604137548134,-7.11616706384488,-7.204015073153575,3.210987482591767,10.585629320741093
75,-0.23015852230939704,8.559476465954026,7.669191003463532,7.661838399919911,9.521426003466773,-3.4703410526250975,-6.652725452262745,-7.141959658783886
76,-3.300989478562396,6.831120588208122,-4.289500844193158,-5.939420997671974,-3.2630613414084335,10.000362890931983,-3.849225786167995,6.901696294994431
77,5.988552926455504,-9.495151580610344,7.797605998936484,-2.8176998283379158,-1.7273599839513523,0.14490293269043375,-8.724253773342452,2.5369519322347305
78,0.16353117473771894,8.4389761704429,10.276279707957919,4.863737846925201,6.320497795158577,-6.376164414392262,-8.888397802438012,-2.914489400962246
79,2.1536153022631996,-6.019985439633655,6.024206783304819,-3.4329463623050263,-0.9179427833533002,-1.949537467941671,-7.371512287102561,5.398876259729364
80,9.85054711244579,-1.9113860483349479,5.982422509004432,4.238268926690528,-9.954188018844329,-8.001047196027828,-6.5821418131092155,6.598754199905697
81,-8.88086665457929,2.621585602357264,4.265631026406371,-3.786697328573638,-8.336371734989912,-7.716363892673876,6.047546512310612,4.382986292733772
82,4.298235185336049,-4.967864985904329,-2.878146056944669,-0.8831990319066687,10.96337450251661,5.575142127135219,-2.6560742956102734,-1.452084088038318
83,4.222071721915679,-8.857981647603967,4.18183022354582,0.9845248096328358,-1.4912727129301155,3.0873117523818707,-5.962195222765897,1.9830897070542095
84,10.282618336269502,0.43218785049189473,6.211020082861267,1.9167398784914487,-8.162802764211635,-8.952253266450306,-0.08343042661640077,4.1366095320151794
85,-10.153615008351084,3.502032014869432,6.491709700566778,-2.989222671028684,-6.408019672559353,-10.681362607285312,0.5791364686832035,7.971477978982598
86,4.936367510891571,-7.735830365690705,-1.7195633988372698,-2.6355948220941268,11.490600605372146,9.018241351197311,-2.3481386794717336,-1.6738217985964443
87,-1.3910478005025761,10.327278938660397,13.667583721402284,13.305876751915076,8.861197123579206,-4.837764398122362,-6.8366882785211445,-5.451505539557001
88,7.015450451616907,-9.68810632961901,3.824652206888581,-0.8532485549612894,0.1632498393618516,-3.5543615211684902,-8.825079767483313,1.9023925522417036
89,-3.156893921303367,3.19717198637734,-7.851163213351896,-2.546887664911541,-2.4954435633652903,6.719098057094686,-7.231823048458226,10.619957715393397
90,2.623106177351116,-11.237116743511868,6.494487253750179,3.344900420571837,-0.5572707002607578,-0.22907761078417413,-6.524700005098934,8.399656110185527
91,-4.542127434654949,0.7057495027931597,-7.2280438674936915,-4.066224806491848,-1.0530862590123058,7.5374273733907815,-8.68758724000551,5.834902138525241
92,12.778899091752308,1.085705002596347,6.658766542707766,4.275003227884443,-7.568593015171372,-7.1952349346373285,-2.323721163517946,5.973888991854718
93,11.725269604341829,1.573129782769898,5.3665591546972475,6.997667568948044,-9.247501909717709,-6.870707939084056,-7.132410544276109,-1.2790099519212097
94,1.9236806047639823,8.658120879493033,7.855717006862101,9.638140281652127,4.63977058282536,-7.480625600564114,-9.975163355133464,-6.2887434373463975
95,9.762306254313826,0.3570057695753375,4.728329512244811,6.849063792593012,-9.322823967952852,-7.777805612919284,-3.08621162719861,1.8802189295300973
96,-4.1053653778963675,5.063203285389587,-8.58407629884424,-3.4055026746266917,-0.863885087733377,6.913972188692842,-4.865038982781259,8.269909969201255
97,-1.084970295336228,8.893831298108083,9.544791333991451,8.420496505610068,8.739096250845208,-1.9917420674983553,-8.628645631148567,-6.131429221376233
98,-2.9937656515987534,-0.3237119139626117,-5.737421829184621,-4.675414287511095,-1.3405538625309263,8.027343108739103,-5.570035800070005,11.178740374474984
99,-7.645287164696653,5.53484153413977,6.153192338229238,-1.7515634499752781,-10.03730389762657,-9.385502586378648,2.5513981315476997,8.367300980696129
100,-9.91440109914049,4.9701254727488955,2.290342784794499,-1.8254535428753722,-12.874163251042873,-12.100584339345227,3.7085540635197303,6.164797484420748
101,-1.0755795449815084,9.293126623344572,11.959866274739039,8.389074138307391,8.377080280110071,-2.5253248616580026,-9.828585588918362,0.0015491469072586028
102,5.587284064996755,-1.1451155045078654,5.023957848528447,3.2414737658234767,-8.356361669686898,-5.731800026488594,-5.263682320630879,3.2670671441279064
103,2.368283787957269,-7.944907957404018,-4.917834367903724,-3.529996014677642,7.071263721323823,7.406510905225961,-0.8529551312446653,-4.2608373391194885
104,0.3401892019216072,10.973780668263638,7.358315079360938,8.953892466143545,4.959944749776545,-5.624670975653149,-6.760089884150878,-4.139202332273689
105,-6.64238910866,4.06262001444033,7.157721965746102,-3.8474486920986486,-11.232931184347969,-11.363155047274166,5.641224162075332,7.412591822107357
106,6.510907891694675,-6.2236009245242805,-2.035942516695694,-5.15299284904774,12.911530632958595,5.5377358115533655,1.2356142193238195,0.2879874507961566
107,-10.297377462942352,4.4429353867988715,6.820803943611466,-0.6146026424287998,-9.761937030895062,-6.9521297910929105,0.1255164465336236,9.314520647564574
108,-5.565208055421129,3.7220254375467228,2.5047604561567542,-0.7265474595802079,-8.849247229181406,-6.276739356251273,2.9335826187362195,8.11938428484619
109,-9.477051776494111,1.3124876606951985,2.6641937714493285,-1.2189571338430243,-7.222007345979453,-8.457490772051655,-0.20163213817286296,13.209288791297794
110,3.9839687995084176,-9.281580433634963,-0.6956416587842413,-2.8780900186611067,9.993647840991,7.535218548687645,-1.587514459251026,-0.16947997359926825
111,8.556413266257113,-11.9824482240262,7.81817610799621,-1.1776034978098235,-0.0927329304137829,3.825125872081557,-7.048235253481499,0.6451204615419699
112,-9.961918298468781,2.6693777207455898,5.025441495121495,-3.625161530551031,-7.0204377640227404,-7.547290783350384,4.040453758067927,6.73024680889281
113,-5.902442338680955,2.019518267466009,-9.342539263902868,-4.749640942948444,0.46597181969644463,5.683660320335237,-8.00696366151558,10.279496404141023
114,5.859005742683094,-7.667034486929802,-1.3446088472366455,-2.7504851796959455,9.400141781990696,6.943636218935218,1.129769844110553,-2.2848740887575607
115,7.56854039204493,-9.326231989440824,-1.2102171354875773,-2.1898291947669692,10.457281410215504,10.4001369634212,0.9955631667268756,-4.350191409251029
116,5.540943542658258,1.77106065549543,1.42290240287846,6.327351960255073,-9.559669118465438,-4.931773406525363,-2.4778738238050093,5.423012077342132
117,-4.76087932363615,1.3636356931840983,-7.09919450462919,-1.9914810788164559,-1.2351563285208427,7.923533794201948,-3.580340612063107,8.080678315584256
118,-5.816807317325027,4.427401691907939,5.976147409203182,-1.0498867087268542,-7.212601919788623,-10.71391891633904,2.000168868614769,7.115111868504609
119,2.4283895125487733,-11.613630768680148,3.4679091362238803,0.16785717862561844,0.22514875560925873,-4.370952555555829,-5.929077801845294,1.2618611765048013
120,4.468219015090138,-12.2958067989072,1.5415198413910316,-5.912729828648374,0.4457140330293047,-3.065746939933988,-10.007514618054831,1.1927216419073152
121,5.955554186857856,-4.233587525345907,-2.7139828662981484,-1.532352868919732,8.28309385601975,5.094661207359784,-1.432307534236719,-0.8809836872252803
122,9.943495582868929,1.5094526278032423,5.586128771211902,5.857089873266797,-10.970918335512426,-5.8291528686248615,-5.219713214393538,10.379667051985987
123,3.269272545483255,-9.461307074353192,6.764629004109153,-2.1756991185022576,0.8097277776657351,1.090712645121015,-7.969121905021271,2.1406044930287838
124,3.206618768401099,-6.884343626802701,7.063907651306527,0.4416011242565858,-1.0727698233285405,-0.5079828105504234,-9.274783210497498,-0.47073360278790144
125,-2.1925569163655334,7.252050656717436,8.10305157783592,9.637037008677305,11.902304981657391,-3.442297131862688,-6.433370012162072,-5.3752314912189085
126,-2.206968624960704,1.0198320110050962,-7.708753337573349,-1.4986537278351073,-2.1405989548085227,9.871435203271837,-9.700501950076875,10.537006019119014
127,6.2731590431554975,-8.884415805257875,-1.3866353475243627,-2.32169795386353,7.2816456574896,3.748150135416622,-3.579107477002653,-1.6818717067119333
128,-6.456484990053418,1.7863547303806593,3.1292577076002024,-1.7138124584102163,-10.126991932531118,-7.376123362273546,1.1167407511822078,3.795064335349568
129,12.332762719673973,2.910928594283479,6.28225482120102,5.618474133138572,-10.907461424627215,-6.526686748591078,-7.534098462293725,3.297866795583273
130,-7.738681756754151,7.696153379228966,1.2419042427253628,-5.057526228049289,-12.32230445434869,-9.606374215719049,2.411881341102499,8.791808097859267
131,-1.617188143684975,10.413261976957205,10.390536516446478,6.1405352309810945,6.069625646592147,-3.7593858268153366,-4.973287841634715,-7.4963775688126635
132,9.225873270480943,0.2700382147390751,9.59742057524225,8.307484733833732,-9.725557317132523,-9.092861160876861,-5.7852481461686835,0.9569750594165041
133,6.699172163188752,-1.8892183025453857,5.504477158857506,6.285407104485133,-11.252512349839481,-5.937912740605045,-2.723971165058506,1.62608054511785
134,-0.38569134884237244,8.915849973308543,6.5368513939540565,10.566376806442921,6.493930737607885,-5.9301125283513665,-8.486895908385623,-4.383056808631369
135,-5.423168604433594,5.002899156121214,5.269153683389056,-4.205372311676329,-3.419706708819393,-7.278137006201103,1.4246929441243308,4.69556428730704
136,-2.946386560769717,2.34114085752861,-6.546016487859587,-3.99680012268289,1.0022248609668258,6.5578261670644595,-6.733794737488284,13.919268622632043
137,6.4468068562313965,-5.571038498686217,1.563279934069283,-2.490368475397627,-1.8705701662749636,0.933470530681114,-7.755304971653454,0.7797071808160796
138,-3.752837254692375,-0.44116093967691405,-9.519036798167653,-1.0253675144829355,0.66462463487997,8.100585988475261,-4.449557075506726,9.534116574928955
139,8.34885827699072,-9.392965889309645,7.8798327048214425,-4.999915343322202,-2.783420715797878,-1.5171431997219331,-10.941166563464648,4.04326348323174
140,-1.769011808601714,9.91687715993102,8.768600490911288,9.126262813142253,4.141092624137772,-1.8171178207750351,-8.06343719318497,-4.8038362681591655
141,-7.835207309128601,2.5256820403943765,2.0483847274638207,-3.0429333260584928,-4.501883883294196,-8.188380161865334,0.1527532999246639,6.603978346370905
142,6.640858644779034,-6.20741815343694,-1.8805291950065748,-0.7205615837870614,9.63179222716921,6.29784826263428,1.2237185339733,-3.862666231323322
143,-6.81474888502418,2.8843278333911107,4.323600131370425,-5.0889895386097255,-10.52326821206604,-12.899525517953554,5.800051820602578,9.570062784210847
144,5.770942811405612,2.1541233815366825,3.8356269488329833,3.9968126755223348,-5.185775117041602,-6.184578536237991,-4.637184618314271,7.303503024696315
145,-2.3582164139233712,-1.0445119841221815,-8.301042451521841,-3.6769472526575653,3.93994902691743,5.248617445223898,-3.834229942204442,9.013060313740414
146,9.570737355102803,1.728090794980007,4.503387802287686,6.246298865707402,-10.904468487255013,-5.1148527620313775,-6.9581462494882995,3.9603255926803036
147,9.025767477602693,1.6453009557050027,5.042432442568003,4.806740556865816,-10.80220068726392,-3.227743205928135,-4.264473344251591,-1.044516604986967
148,0.8772482620167578,5.66769713363458,10.333322741966539,9.157355953932564,5.64165780007644,-6.023097983190733,-7.315222082317582,-4.239666299242642
149,0.18152859884869432,-2.527054275519478,-5.409315247065285,-2.576442350888473,10.999750580340061,5.222059973859659,3.6277202322230906,1.834318282124615
150,5.174644832437371,-10.265393910504262,0.6064792124179745,0.3065537977918309,11.931833772428192,4.252401844877335,0.06151825833922653,-0.26840390594216124
151,4.9669507685161305,8.548118452280503,6.507427438566786,9.763250192707005,4.611932679682023,-7.342048520234073,-8.405315429356842,-7.588013728494227
152,-2.936918196169945,2.3918209470267797,7.7470631500989375,10.375301043621237,7.578032830181302,-0.943988839594732,-4.78823225041579,-5.411832785432894
153,-2.328331219131069,2.524520418476048,0.1653978676140202,2.1425809709901076,0.2198777532355426,9.388800252365783,-3.801206847403176,12.100898810095353
154,-2.44169828229592,8.507825253123224,10.039600410598155,7.6848066245430875,10.083785104690477,-1.2827481550715656,-6.632623758826302,0.5643871916818721
155,12.7911392085432,-0.7957704392966443,6.107588738812278,7.585369222621768,-10.763465517867878,-6.331132583622456,-4.645388968867027,5.24661837718788
156,0.34441632951249423,9.111659080482857,8.95532305872886,7.338042628233036,9.813089197250399,-4.512729670090131,-6.753242794573669,-3.743885465208395
157,9.616906236552195,1.0377034953015682,4.173581473965224,7.018753903476307,-8.350454196962351,-4.872163092168501,-6.2143516327611525,3.610252292326109
158,-5.075536746404169,3.3451604505107952,-8.382688034979044,-2.9949598863207685,0.34801862480980694,8.55720851354579,-7.610665713364616,7.291990670790936
159,-8.153079191297978,3.5189927269631065,6.512897961351223,3.0378077726891277,-9.59836411169016,-4.877920953189269,2.4737657148012557,7.381504938752362
160,-0.22050944053535826,2.9266143004344993,-5.99270053397537,-5.493721225061929,0.49904343833501774,5.203000587708047,-5.146243648270955,7.604578714531859
161,6.643139861655437,-8.014490791220352,2.5069440639159803,-1.6403601801354653,-0.6758390437063039,2.6011727953475057,-10.889038108965437,4.7780726050548745
162,-7.447690860413209,5.217308001672009,2.140470655706537,-3.535824490660513,-6.833141940372127,-8.55693680651727,2.4111635763221995,5.897652658471059
163,8.778109656469185,2.9380315030327004,1.5624680475035984,4.687234829646796,-9.745437266941963,-4.8077628071755125,-3.7304574816240077,7.953173495232875
164,7.124317614802725,-7.127221974254441,1.6691482901552708,0.861373932830491,12.57448229078603,8.208358232786466,-3.9358821489325257,-3.947720934715272
165,4.440001166779957,-12.780308023685322,7.38511915244937,0.42522851871479794,-0.28530254481255124,-3.820123049115822,-9.990653825706223,5.234896014304945
166,3.0142333555526406,-4.541963644868023,-1.84280811694257,-2.158892288078861,8.870348605265663,5.142465578256551,-1.4726707172115945,2.3808784381537076
167,-10.418262221821834,1.5978508773587916,1.6734270434663139,-6.5779578805603585,-8.859813341214739,-8.393404884009461,2.9733795617762926,6.8611445994859395
168,7.915011509193961,1.697846989389689,8.201090521114722,3.173554003764913,-9.907923946920896,-10.71473374864565,-4.683518713513213,1.512661068628232
169,-0.6620326583450793,4.457572569779945,-9.120899215960119,-0.4739131253513955,-2.127191009665417,4.883672135742814,-6.528690899683844,8.719128199636328
170,-1.2824934272703166,1.9687436447094586,-5.249878424797838,-6.610905345007447,1.548323086020307,6.68194851874995,-5.412701336262776,8.67692911190044
171,-9.819309756189858,1.9283278937967996,5.304982258605637,0.19705547794155498,-9.45186920851084,-8.002583344587405,0.24583812971407015,7.154078846786933
172,7.6197072096284115,-5.81879937435933,-3.8710350394754975,-1.4263410766715134,10.973402372462091,0.8648368537944497,0.16474528314681547,0.45016435270215727
173,-1.0349062780194247,7.5614448429105625,5.07893482246733,8.089884039714192,8.536120270537422,-4.359375449758905,-8.879979636482354,-5.136746838480685
174,-4.554547752358771,0.05794128358246198,-9.116812868906589,-2.9439834603516806,2.1411256091491655,7.311424903413228,-2.906885912498893,9.456622698701997
175,-9.049433761954393,6.112931649639257,7.8714368900709735,-1.15478485333177,-7.061946445074927,-10.870505996972648,0.6219563520286666,10.399393784202438
176,10.330784223841388,1.9771482113696344,4.082848947170079,3.7236503994357437,-12.162214673822781,-8.063572849671727,-3.3403366297165835,1.0894115121925712
177,5.162832934422292,-5.6212429452625,8.285803287151724,-2.363794673724952,-1.9954525477235303,-0.6501199173050805,-8.086973742876957,0.5103269496511436
178,-7.007997761954982,1.5874548032567524,-6.207734094100815,-2.8373856537370297,0.040310033948148624,4.517929566168909,-2.984663171152223,10.645708844521717
179,9.847791528557048,2.0091322737164004,6.0214832370132845,4.572962081069585,-12.488843150751599,-5.7969299819744355,-9.549619978522012,3.796357165828152
180,2.7803872372283784,-0.23285102658268242,-5.031687683502145,-7.469438265667427,1.5003661707392153,9.365425608939056,-8.151996902602953,7.731410654124864
181,11.24794000517048,-1.3525536620453287,9.008101651990817,7.385731380247579,-6.241292804072321,-8.733663149958717,-3.6581371771344107,3.0925499193639823
182,6.300826951311997,-5.68079404028521,2.464280313750887,-0.4425211580947699,0.8102433743515894,-0.04912010812576728,-9.223195576700185,4.776796030393662
183,-1.8859678115669667,0.7283927904550433,-3.8002625056667068,-2.417241485100002,-0.9897617462528169,7.128856679240935,-5.891544878010575,11.04197481629673
184,1.8349991462831061,7.236124840669868,5.909223334178739,8.498709816174062,9.270278398568877,-4.656323718170871,-8.99468774869201,-5.698594575422179
185,10.43353986120734,1.5787799511016827,8.446929736779719,3.3361849631883267,-10.542148775581882,-7.102287299900783,-6.786055267192887,4.273950230811368
186,4.877049922830288,-6.207419514063446,4.6054596179293865,-1.3174656939056415,-0.7628326954083067,2.700096497771564,-9.519224412627995,3.9596101011586606
187,9.069644079496163,0.00709403540526965,9.259345349304889,3.5320721884092183,-8.518700394097692,-8.930951924773282,-6.983510235747764,1.9946898605269892
188,-7.501947533682879,5.211366479140101,3.354165918301617,-1.0143665264918127,-8.726855353496855,-5.969913278427329,1.006553382915627,8.235573423495257
189,7.107747628127808,-6.926653593069079,-2.580218412218254,-0.8433571950961696,10.212395053507526,3.5815832645043697,2.280804808060041,-1.73180229198767
190,1.8401761587618242,-5.446690526088066,7.969352135901525,2.178299122979557,3.601260815179248,-0.966236035995771,-8.26894050504288,-2.5587012932044777
191,6.731453215138529,0.23648156574078438,2.28298418636996,6.991034325062584,-5.302120381836014,-5.685478478172034,-5.2163749591487525,-0.8782420150423027
192,-7.442018012147593,0.7055219173221015,6.035601310625969,-6.108623258915094,-8.885026301034635,-5.891134827715674,4.311625784298748,8.87516656657066
193,0.5229754784123157,-4.473725872533485,1.995867731850244,-4.338471381406128,2.2379125109563156,2.098905924637513,-10.45099517467033,-0.44208976042101966
194,1.9096124563594208,7.810075923286075,12.004821961504716,10.132935177892998,8.124289591934177,-5.371417150372029,-9.983571761143489,-6.413278833444715
195,-2.3154342264804635,5.073129596824374,8.885459698736062,7.415207454067762,7.054018056624615,-5.7218478572451,-10.533661777130241,-6.170538424910782
196,-3.7555317560789128,0.40516318690630637,-3.360482763188564,-1.3145975005610913,2.7107282042428507,5.906634011738346,-3.979694868356663,6.384788377507045
197,-1.0528059901274194,8.956352917166399,8.858297996241618,8.468028761475871,9.99813614158601,-1.838697591693375,-8.668634547136179,-7.564171050838693
198,-1.250134187949807,4.000445826990127,-8.806341854836397,-2.361987326657082,-0.5231915581051823,6.204096839828134,-8.363190750041449,5.533101178137054
199,-1.116609561558733,4.457973661510753,-4.73207244665306,-2.383299133905754,0.8465746320276019,8.284848996904127,-9.97624445155769,9.140774508422862
200,5.170769742280612,-8.982234991333433,6.569982716646997,-4.285656002218964,-2.4326152904853875,1.6811415032926837,-12.733940353127764,3.7582948834660526
201,8.339176251448858,-8.815170250437017,4.197828513526053,1.3521957458424096,1.623339984941575,1.3542034190586538,-8.807195433993622,0.4439771578463185
202,3.756831914086924,-6.638743374524926,1.200432864796436,-3.0774090413414097,13.120530843974683,5.8206985826513655,0.6168430993867406,-1.6761352587369414
203,-6.457255889058304,6.516629174913716,3.9998268567451816,1.581097971847234,-9.722931690222016,-11.667989209479387,5.581441123091675,7.612675596200055
204,-6.258982652711479,2.592084474211804,1.8630719577961985,0.15851337937155563,-11.89507057554395,-10.412829395714002,4.055876462972842,4.896040596377203
205,-3.8230805442922384,3.170755458311475,-10.687384516308024,-2.8277280429491656,-0.8954430656728217,5.919457451152974,-4.546331786230778,7.841208906952873
206,3.723488424256302,-3.5051716057955766,-4.718410062650819,-1.7244450715930557,12.513387882038721,4.404372801830013,0.7872849588920248,-1.0502556201384476
207,6.852708079628449,-7.278603848925072,1.7991064360970794,0.40411955110647213,10.239404900677759,6.427525636185374,-2.6538377484441757,2.0048803443362178
208,2.275680832808864,-6.0847243116209775,-0.45835456229206484,2.894837086250611,9.407587464388284,7.256795363705637,-0.47913471826536663,-1.1749824444100265
209,-10.748393157432751,5.024580691889179,3.9370518428503622,-1.5715709051665838,-8.214852047118711,-5.760624069458968,3.3389826345578033,5.956129776726925
210,3.3704144572476835,-10.48325767111475,5.519126525808298,-0.5500585949611654,-0.3053700957017672,0.35457428831708426,-8.87478407241566,4.344171190091371
211,-3.916283210806948,0.7982885325473705,-6.523489608627049,0.07834238963805307,-0.8665102165861287,9.136082141921808,-6.879566987120865,10.008161007591129
212,0.520048280493062,6.634752216018949,3.2321991700669246,4.093957052913011,9.81670549627093,-6.647966983937055,-6.901776631859624,-2.373437738653077
213,0.018452548902289312,9.772008331458768,9.873170272054617,10.698009871097417,0.16249310972661135,-2.7381860847557418,-7.761804268582289,-5.501525463957676
214,4.712762071096069,-7.216599106522528,5.726676460686755,-1.8975681096215309,3.7405824961944423,-4.561835924399278,-10.24310125817806,4.856778147783577
215,-11.457150392807614,11.673191096392626,4.433540775204687,-1.4414951305113544,-11.792594699583402,-8.02897551563755,-1.1699811604706145,5.471279921749682
216,3.864066175868505,-8.601472271550007,5.3464854070239465,-0.6980538314598763,-2.848433246782043,0.47632596256372584,-9.085560121463487,0.4968820128704605
217,11.384410906148407,0.6816393172510017,5.485723140334584,5.105718013514118,-9.033977355334168,-1.8790870661529508,-5.825799852864007,5.421413046454767
218,-6.416283786100067,3.4660321541455374,2.748150610143063,-1.7114610523944243,-9.523020263378205,-7.407100454859461,-0.008535393378000578,7.341048063955618
219,4.822888401877749,-10.640218309669923,4.632617768241991,-6.350214521035325,-2.31082129562774,0.6893192904856216,-7.488402388667953,6.109785478088966
220,-7.203956480894398,3.6805711625766775,6.101193864143767,-1.341977584108565,-4.972751613436049,-7.871327003384045,4.0261819119196325,5.046479193385788
221,-5.188562295845174,2.5099927113645593,-6.303537707829346,-3.7672557620309104,-0.606422788421643,7.115273898129743,-6.596941875262771,8.017393785070107
222,6.853627933555708,-5.770306314921291,-7.51083577858944,-2.282754903801926,9.497456010133934,2.441922543185381,-3.98525569472557,-4.061228094734142
223,4.150146235323485,8.669245984477211,7.2922470504877674,6.032258355131287,9.160250968704059,-3.9399659287925966,-6.04782858297522,-5.354340339080536
224,-9.198394168449084,6.206610058118505,2.9932151035186436,0.7069174612419769,-6.522373573675594,-7.72889619930921,1.4599603739663218,5.448966417444641
225,0.8495600195609601,12.181326075687402,9.422592092094378,6.762473218314139,6.7356949622027535,-7.4256620404617815,-7.782445841086419,-8.122288384199596
226,2.6134984430953043,-3.758494087054192,6.229138397375846,-4.351266857558604,-1.8654615229941605,0.2578741661703595,-9.174599308015747,3.476298258353039
227,4.842475018756855,-4.042683320382793,-0.2497707713563051,-1.2145131444792217,10.277649001546367,2.345950716492645,-2.633249950095123,-2.2794503174785437
228,13.432421454046725,-0.39947867413568483,8.839550725637004,8.603009458553675,-10.646144256547977,-5.10607361051367,-4.280011394650973,6.197971242067327
229,10.190964872925171,1.2057956964798133,4.187912634559019,4.933038732797979,-11.301198332153803,-6.567987854748572,-2.705394893425275,4.554723022897349
230,-1.6603665191674928,3.6637730846478425,-9.067900027437192,-1.34262021677195,2.7745041958858123,6.611318665992507,-3.797043124565524,5.479811731446023
231,-2.164205651314853,1.021368314198014,-9.25940454201002,0.5679292524080419,-2.4636417771632058,8.962663641613956,-4.22153766931746,8.365766693224476
232,0.42079934353151327,10.976019783601032,8.747727724817558,6.83923316096324,7.087533277833311,-1.2932499358226224,-7.627364710732571,-6.603441737990986
233,-4.829294417601725,5.3160141501015,4.281066073695829,0.8466002712304568,-8.948432605414173,-11.243759294096058,6.159707008110495,5.238368844358053
234,-8.413423066515453,2.1108186323085336,5.500260886980927,-0.3176800440079195,-9.059462250081005,-5.279142931625184,1.6914511910361485,7.708040369836814
235,2.819789952587575,-6.9986272801480345,6.13147105469424,1.0975927423630525,0.9963312655073149,-1.0412977154309826,-9.012895477643452,3.8295020540441453
236,2.4810860632439704,-6.397464536395436,6.47142539601693,-4.080182137808102,3.177753117811881,-0.7910396213055746,-7.074211874033308,5.430597463933459
237,10.112460133396015,-2.0796467362412843,2.7950069739650285,6.35661898521225,-8.237394900957792,-5.303783301828714,-3.9625849209147814,6.206799929201212
238,3.5952906417832526,-10.103204721366952,5.158738016237597,-0.6170221449417539,1.134058506907472,1.3911234695075527,-9.533467132840405,4.101078962081589
239,8.36276317188057,2.428677726342362,7.331203129107962,7.649301968332738,-10.224579736546966,-4.837315022582452,-4.445340837531447,4.344449608157772
240,-0.563860817024165,14.420434055645874,8.215486263607136,7.580575199438346,2.6619038012553986,-6.875422227195401,-12.061584317983048,-2.676009838200343
241,-3.1987031646971293,3.8405544004751704,-5.660641707682712,-3.274807957961534,1.7974965982840962,9.092396541192402,-4.525901958194179,9.368042157869109
242,5.838007449330682,-5.215739712979105,6.269969509451707,0.5953022785908422,-2.0468380578365384,1.0845440300419558,-7.155315511446162,0.4137847710644995
243,-9.435310521921624,6.792641598755053,2.3658321656438437,0.11224581331025685,-9.295432698123454,-11.351531809909002,7.1357242697361745,7.035591430198839
244,-2.947474647545774,11.547587405307162,10.97901297326922,10.452556517262193,7.728582297317403,-3.8867930037063187,-9.639025106865105,-6.129701400907739
245,8.556855656736058,1.0803158524683896,3.8463953018751798,6.738081558335211,-11.982619547230545,-7.013950478095743,-7.575037087909263,5.218252057689909
246,8.863757809047943,1.2588053673424977,4.597169592245969,4.330625701618217,-11.435283504389426,-9.226538332536364,-7.139199884588066,1.6261893022818077
247,4.412233137282051,-5.909366534054292,4.535108817917023,-2.7576957196319127,2.3960739984245434,-1.5354514792533014,-8.259667456884909,0.46700790847502827
248,-2.8193161500110535,9.430163616580874,8.41508862107462,7.773505923086768,9.491414136019223,-4.45573715114738,-7.9571822943447605,-3.329032968671882
249,4.559699465437791,-6.693322894097726,-3.6710549724615458,0.6016871591388919,7.007372184123497,7.885497187765031,-1.2433053276996142,0.7509870773608363
250,1.624706389425553,9.759742317308868,3.7225779749454704,9.355991898583081,9.76647662079005,-6.22818174397475,-9.561312683708437,-1.8355828985592946
251,-1.2699861220133093,8.479881572540215,-8.098064242197106,-4.197623341291576,1.3478814424999233,11.619520796110136,-4.623834248090185,9.482935781121162
252,-12.633632200762973,0.5426749635390848,4.000120825277173,3.18532955014152,-2.852548789906571,-8.848439218569935,3.7217868480864507,4.462913596344719
253,-3.500679616867468,3.4012680188766935,-9.185942857551535,-3.4908323180496863,-2.296025413706988,8.11709805177651,-4.927379223955322,9.863846734985646
254,-0.9013566044054322,8.405599121155797,4.798686616523638,10.015281368077861,8.102303523221412,-3.450094145322601,-6.117060725086209,-4.9853693531772345
255,-2.4189702334543055,3.4652518219119557,-6.133361408530019,-0.12160778162287444,-1.3719777343920598,7.112404345166858,-7.123320723771007,9.649996261974621
256,8.604431720854539,-7.49777477985883,-1.9113710191610964,-2.7623957517989237,10.071658557031272,3.5583263476297247,-0.04994128591823632,-0.28088351729107275
257,1.5740561409746296,7.490702146925103,7.6579387038741205,8.611664350560163,10.905866001162083,-4.701451323994,-8.51852402468384,-3.0838636489991957
258,9.663610298436286,-2.257286772529623,4.792133907287147,3.84137004361218,-8.85280925538081,-7.199001393705394,-5.560279093762888,3.407698821356227
259,0.15160422754003772,10.380876645886719,10.80077986853487,6.678199348946221,8.091382953552042,-10.009867492739367,-6.979497157539014,-4.826428651148351
260,-9.400488809586726,4.291714741447951,2.9681568040845505,-0.04906038072717256,-10.437795589139704,-7.694497747855377,2.021409285345181,7.561208361252822
261,1.2268490114118296,6.203641652174255,10.182090379519217,6.949904873945882,11.975842894036429,-3.854888093367503,-9.953380211614991,-6.85773613760946
262,-2.3222049130622677,2.694294432887267,-5.763576002661793,-7.72005539390446,0.4203546109912007,11.868038193268985,-4.401768701914717,9.998265179818342
263,0.14912904139747019,3.058756341061561,-8.300370168405516,-3.1452220545350573,-2.3449509780260755,7.55104991209548,-2.9045770215612925,4.979952299957665
264,8.162408461427393,-0.5021577887172302,6.926633307935869,3.3729011945816456,-11.648601274901717,-9.674864004221906,-5.664796043744906,1.4113623348663689
265,4.335236085252818,-7.3142863156935976,6.420833940747786,-1.42919293924923,-0.28800050537533056,-1.7520008142067443,-8.482721605949006,3.5407529369860375
266,-8.209642854194833,6.725435027260135,2.159396548706502,-5.429578061762488,-12.589349543589591,-10.90600265709515,-0.14711686852384975,4.818271342834141
267,11.570688057842853,-0.25291974877246415,5.728502167554452,3.8819181672310226,-8.529329581382386,-3.5727422060904805,-4.880958010593464,2.520120980381564
268,10.339162924273658,1.5467122579673476,10.366610120307271,2.551989655510361,-13.548300855610194,-3.5062370777807628,-6.662814136001993,6.17419364814067
269,6.430655980428876,-6.0692987363251945,3.8468052548320353,0.542867308066612,-1.7009467122072839,-2.0657428710634402,-8.384101164506124,1.7938366185438706
270,5.08330687534446,-6.5300486911186635,6.17562001085043,-2.3207530490627755,-1.1484280827306408,0.49007247503378193,-8.915976554103635,3.2148937757499025
271,8.437073909751527,-7.820070885928846,5.177488052499183,-0.6636746789945371,0.5616899064625597,-2.846298715749799,-6.978658180070683,3.844110996767089
272,7.722415976874425,-9.040275446369192,5.55016585615187,-2.9594595199267992,1.5848871212958526,-3.4747150512802696,-10.228773508165474,6.430283030349466
273,8.110407681944187,3.191805180869867,4.89878769840576,4.482113325587056,-5.821484328369542,-7.819887446568052,-2.9420524270272654,3.9207436996729967
274,7.43193191629145,-10.444298517574072,0.7020248802207592,-3.602158749060183,10.130196183165248,6.267673729095572,1.1518573633232245,1.5199995209803392
275,6.4759358255754655,-8.286717165164395,-1.1175939779583035,-3.2064934128205946,9.231512310534239,6.265552621986716,-1.2146005563428839,-5.715859312538697
276,-8.774216724088888,3.791158640285638,5.187815959144082,-0.49150292490304515,-8.424544893849347,-8.89086369909057,5.625984522253308,6.444697809559775
277,6.378855710613548,-8.562421737011508,-0.9537273944766975,-2.878047792819822,5.605678934751666,6.200593518679249,0.9462883436649412,1.8945375110625156
278,-0.3397927854940166,-0.04229861148663616,-6.826156422317048,-4.902577204351974,-0.3588384813903143,7.884641587842281,-7.4869678066739915,6.331470422236777
279,-8.174695724727714,5.6321107059752045,2.412554985386853,-3.514612774538767,-6.455930531325439,-8.667098958149078,5.431993557865884,6.112223463935708
280,-1.7757235101440072,11.36735792158081,10.400600321565602,8.27780338126121,7.612820457271927,-4.583689346194964,-7.953489129604147,-7.417172982372291
281,-5.569284642532756,5.7671486647697865,1.6893816370401926,-2.5778051226193828,-10.870198244006932,-5.361998464237451,5.309882133092227,2.534422812863907
282,-3.6848202210826666,2.554731899354091,2.6782513658842637,-1.45364109973695,-9.767435415497907,-7.332471282626429,3.374164156202528,8.914498255736342
283,-0.4657606182877658,10.629139137629153,5.53043893298893,8.528973624773087,5.375418660682899,-3.2422901364112544,-5.419751284430932,-3.2105059255924764
284,0.05024107850033144,5.932461277125739,9.861545770810833,9.219103010635605,9.742191439050895,-3.4778143329028963,-6.480392736382919,-6.740727579264017
285,2.556607841799373,11.407364225916522,11.258464695493059,8.516726141780268,8.007628206467377,-0.9809067301056982,-3.6907686109173437,-6.057875636891182
286,-0.9808501145120343,7.328294232796641,9.843688460817798,11.254078596783541,6.562665193419256,-3.030645272157146,-8.90551186423828,-0.4759009481145817
287,-9.623740591269176,3.441090256169651,2.042293152341289,-2.9067720227510487,-8.643100896035147,-10.064627601752694,3.0810423982728925,4.5634029778598535
288,7.935134294702091,0.44150550363451946,3.2261309246340417,7.30525832752043,-9.490825822366503,-7.4626611185738145,-3.6673627967862137,5.3833771751066655
289,8.301535087890148,-0.16871299866863554,2.948993387916432,5.589091931027923,-8.808971505285434,-9.37380166965357,-3.493233768140765,0.6802780687868739
290,7.075104154412504,-1.141717848044629,-1.0605779651891956,-1.7536797902912316,9.877762810311463,4.956095488439217,0.9998159091203154,-0.9953591389762992
291,7.755546132171992,-3.5255371605000785,-3.43040279470638,-3.4856785991948844,9.0628171023269,2.332198119456203,0.30194461145753204,-0.5045941229940084
292,-8.568778515269333,0.7971709458573559,0.9118893226175695,-2.893206322101813,-9.58097984746984,-6.403098757412514,4.4726001804330675,9.18502759096694
293,-4.198458142190952,3.019674484719613,-7.032730631256693,0.2875098355786707,-3.3274250027442305,12.730309049967264,-3.116060065140497,6.583028248775418
294,-4.886585979307958,2.08565165604246,2.315662150743493,0.026105526460311612,-7.8025786381558815,-11.538936337285659,2.664374138608313,5.543666831029618
295,11.013448645479716,2.180410960588405,11.058429380341611,6.176034652797974,-6.116332233882343,-7.74320696017959,-6.511987328135291,5.392608134442261
296,0.20645316455615625,10.245857540146963,10.329001779814972,9.274597245320463,7.353661339600385,-0.6871058520766988,-8.807731141358506,-3.2516201055224805
297,-0.36341575559442496,8.631080178673754,12.026893563416843,6.504075222592226,9.83374353563877,-2.7465677574712846,-6.934856134843664,-7.679255689780222
298,0.7218681215909939,-5.647956295288784,3.793362710878577,-3.018797334734586,1.6946483882718157,-1.0962307465631178,-5.041373577275255,1.183640997563711
299,-7.462790229588267,2.1937575028119896,-7.7827669512742785,-5.945887221848089,-3.116294495013073,9.580487569158333,-2.336012236091763,10.278814864426247
300,4.66194389324683,-6.554738706229299,-0.32782029934261514,-2.5923115155970193,8.40312610176021,8.284890770002054,-0.029045581827082556,-5.7966967048356555
301,5.10335819386004,-8.849972995419837,-1.0838433076030545,-2.729429196012274,9.413352228121893,2.651920445509653,1.0691078381306307,-0.6234589388947022
302,-9.94782805788947,3.799770437591815,5.228953242866193,2.203963468700224,-6.179824783600208,-5.528229933448195,9.039732036478089,7.054504697386987
303,12.287024215417036,0.5031137036437064,2.6511789387380102,2.4334624160613414,-7.76905928632797,-10.50896720032061,-5.874112202765004,4.346415956233523
304,1.604910406178407,10.870189020238206,7.844849672643526,7.678934502058583,12.531902834763255,-7.244891406249588,-10.681307459034487,-5.172063789910485
305,-2.340209658163486,12.012757738544456,9.345639173305376,6.936494994938924,7.132602040494257,-5.6209561257480996,-10.908908067750291,-0.3316435755755931
306,7.333731069386918,-6.880791529991667,7.683728501420439,-2.4120916405487893,-0.7360348999516567,-3.9972932855077867,-7.157913693329079,1.9999131319919456
307,5.107483745193016,-6.093453867261265,5.710869395136226,-3.7518198816922657,0.21866724623119344,3.7726823016703968,-9.600960397016832,1.5550251386284002
308,-5.708099923027518,4.1026021969921045,5.962034762587699,-4.890765509661421,-8.994489508115906,-10.271962692192286,2.8109862209557233,4.373591262132614
309,1.2247591943630294,-10.431177844558448,5.857040078035137,-3.41770182256764,-4.735761119586495,-1.4461206768348205,-9.08573180502193,3.1154088946593337
310,4.910142032745001,7.7344758077872395,9.264793825485484,10.006723802588072,7.2868901436637294,-6.206309024503879,-8.33182048734179,-3.333866386103339
311,13.548107791819358,1.5444903472330083,5.803554335194583,3.8913557562528958,-6.47876231377475,-8.848256322014484,-1.9689498917292818,4.01247304992953
312,9.439682649114172,1.119385683346158,4.416476854636983,3.5141805546258245,-7.147919988753211,-8.696504962605346,-9.125131389212076,5.739783948520879
313,-4.76784323607314,0.7394371346227142,-6.403261133586896,-2.2516456580476953,0.5486042437596678,7.128479011925827,-4.911070164168148,9.508947627535067
314,-2.512213078769263,10.729630140956651,10.963285203697843,9.423257747262705,11.166514996142965,-1.392790352950072,-5.422650157769346,-6.22745784924631
315,9.829279529214773,-0.4129423664457543,4.847377424825723,3.200984489473968,-8.100357481099262,-10.836691811488507,-7.458004717731914,3.118131459844239
316,8.13805509304505,-0.09718918200054094,7.993824786270579,4.024843674354169,-8.45775790913813,-7.179190796025208,-2.792300913978708,3.5396981518452058
317,-3.954517354831315,4.406209198292662,-8.023046356817634,-1.4542843590962216,-4.1949246119839145,4.601049019989839,-4.834566486172599,5.080924798256527
318,-5.9350340860763975,6.294334326281675,6.076080679073337,-0.42794825055894803,-5.687241278815007,-5.871798324807053,3.6023776661295663,6.244102522609746
319,3.509689702705154,-7.544957653446771,-3.5077253999237668,-4.095901905814774,9.984514240123593,4.700726792514087,-0.22851730495317973,1.9304466781807825
320,-8.364764191911794,7.142718774236199,5.1111026878959445,-3.5568706277291695,-8.526809181696398,-9.043774678207203,3.133042764530885,9.119307595286232
321,-5.5362088470312205,2.3172374292142646,3.224653042496115,-5.6197259385104825,-10.452098394449287,-9.81432041131065,4.709301400818471,7.95255133852969
322,-4.399835209946767,3.3734192466468667,-9.173041421142862,-0.8510068358023846,0.13005069461820518,10.883986565441603,-7.110064583215019,7.032536340906644
323,4.9812258438777315,-6.72525557172514,6.0762146413416485,0.8567972319121187,1.134928446612944,0.009913964976005829,-10.17438316029354,-0.21949764334177946
324,-8.594592684208445,5.197176040322752,0.8328261476705343,-1.1422446021272226,-3.1468745544082797,-8.158578084019231,6.099057790501095,5.123009656323925
325,6.838448487513526,-4.7526073908350295,-2.784600028539274,0.9342375034435229,7.1605957095300266,7.197494393000458,-0.1608689490051721,-3.001498785305495
326,-1.5383808572886564,3.36175346781717,-2.97891061315912,-0.684238442134371,-1.0749188322164327,7.936269881625802,-5.915371595408496,9.214762470153262
327,12.203738680641019,-0.9368706459570355,7.398106548286295,3.699617068743345,-8.550418518565618,-5.79253590975264,-4.590956728889148,4.519643818912125
328,5.515761741767387,-9.275579525106114,6.710023051938569,-2.71420761991722,0.7311839246449164,-1.227356893920191,-6.676654869397796,2.697836991803204
329,1.6520075157432603,-12.50755978395211,5.923361702100614,-2.699345401278927,-3.9235057846814687,-1.175598503402132,-11.097484762115194,3.399570449527027
330,-12.213529988505211,4.880020837151145,4.199069018863697,-1.8370778802381356,-7.143981363394546,-8.028451264284493,-0.057590367320648816,6.257432825013441
331,5.952689507142725,-8.146785199913637,-1.7464432745901324,-2.234500466908462,10.244770475151682,5.48405732319415,-1.7437839743975705,-0.4524853858698069
332,-7.470481494066674,6.268336975871103,3.432792955462931,-4.229718331457729,-9.805325140168884,-7.380627494755067,3.879548361751725,5.772579102754424
333,4.967615592727827,-6.922173966328615,4.667552306772007,-2.6369191258995457,3.379887683860855,0.23482009903189704,-10.161347816974255,5.000134780006725
334,2.1585670794137393,-8.127418874977337,-1.3997332175503918,0.036221222775797424,9.613611560337718,7.5234450724690465,1.8456543664178051,-1.8503951074506824
335,3.458964433054918,-3.572133666305933,6.176939253196504,-3.1249583920386463,0.2702015226570802,0.0579315812190373,-6.661692878460919,4.445083265695326
336,-0.5038720723928014,-6.919628998048145,0.5489191237497799,-0.7357398170687062,-2.2164958562840416,-1.9875666067548272,-7.104859523344984,1.6683933914938418
337,1.9769250972839085,-7.609270267284941,0.4829694500997097,-4.248407813272521,10.507141495952935,6.634058988312157,-1.7110753401872978,-2.3336329000941207
338,1.141523560270311,6.906834057454315,10.699994445770708,9.082068595506907,11.334336010760254,-6.783321313390825,-8.308390625690782,-8.248998353609796
339,3.969040275979533,-9.110758117298786,0.6603369071954495,-3.265939311677662,-1.8610132138881543,0.6578900178297746,-10.122515467416802,3.0466591009984474
340,6.446485600051905,-6.069143061072893,-1.55331930524852,-4.502404193160253,9.69641408774414,5.066463935196423,0.01233657391438564,-3.3655232811878184
341,11.263274700419194,-2.4297866905567562,-0.6820137549234311,-0.9678441337005759,8.525762291392692,6.308450784108477,3.307928756748938,2.193209582514288
342,12.626484355140347,1.3955264952168598,3.2889968742110427,5.370386084071636,-10.027223871444452,-2.9557130072891447,-5.995656125922698,4.019411790059462
343,2.2729605302688505,-7.457238919389385,0.33130979392955817,0.02501172949492414,10.818097465457297,7.046065681029637,-1.7911515523737043,-2.0973402926178366
344,-9.895764282052284,3.2773315055354204,4.899760236278967,-0.7277000328837446,-8.45863126003772,-3.745041272549175,0.09230746823610758,6.26731331110584
345,-3.0121460629621115,4.851620420889543,-6.847487799835681,-1.0626545170942303,0.7223525580641312,8.980032000457749,-5.20199211143077,5.613296066768486
346,8.702785694954148,-8.65551621604714,5.3554370142759185,-2.8995111548804653,2.0862674558047103,2.6613928581979995,-8.896337286115008,4.014629704958147
347,4.384417611876435,-6.399728371240846,-5.738978132785278,-1.1849572871094547,7.2266037423413225,6.3756695244986705,0.03718312019453657,-1.3939809767045885
348,-2.2161127776073597,4.90800364238193,-9.499501853273973,-2.942014413808137,-0.11439946669912299,5.796727363748325,-5.786842456075554,9.998414408144312
349,-5.30152852513527,2.1564979239393147,5.816423106220323,-4.144839519658461,-12.405002733899835,-9.880004820078884,3.08713441934789,7.411636181310043
350,-2.0618430611289256,9.059825509487503,8.443893895726076,7.171192860251918,7.329517099848866,-1.3277089383364995,-5.4306708273589415,-3.1516590370754765
351,2.0745082621556485,-3.651330809923171,3.328367162087419,-2.9878515503137586,1.0450007097469616,-2.3723820437374985,-9.417471744719162,6.28612890001168
352,2.7482491770397566,-8.60525503253786,-4.446023424661993,-0.49666796746634834,11.979870777064944,4.7757502386609145,0.592258773670908,-2.234518946805432
353,0.4324083958320053,11.58341978537129,10.260951598656659,10.336243356601813,8.87134199440137,-7.879816123161943,-7.190301434288097,-6.399194852847005
354,-6.034784751020389,1.7520773543572465,-9.697075784894771,-0.5670822207536217,-1.2337409419746235,5.278419606756606,-6.66990412890339,11.870813532196944
355,0.21209250439323746,7.598516082364791,6.737326453435776,7.682978277990821,6.956583662373208,-2.414358932843159,-11.057655766417376,-8.392582553444385
356,-8.11110032316596,4.3970179563132366,2.6068807088802,-2.276992137060597,-6.945685129396091,-7.850230440997046,2.8862238842166446,7.146528640194596
357,1.060660922813994,13.179052096893084,7.909385610286064,10.420704239022086,4.819174535197284,-2.270780677990889,-4.332200907263513,-3.5463381372986538
358,-2.273466873635549,3.324779102214875,-9.368852593040286,0.8299749114251371,1.2275978222502888,6.530640750797523,-2.3950873232249226,9.154122596996567
359,4.215121559953638,-4.9325194518218645,5.09786178107735,1.8710905183334816,-0.9500022396144391,-3.722307803791424,-9.707336317852244,6.419081863217366
360,-2.7460365542272833,12.204183807443531,10.889863261736913,8.579919716104639,9.396131902803539,-5.962530277135815,-8.348212134069675,-4.319223595398685
361,-1.4380294045486601,9.712735325047651,7.433932742695064,7.420207792750205,8.461432254783496,-3.6483940309719736,-8.084220885382797,-6.774069345691632
362,-2.7333614852137478,-0.2787511154801616,-9.477700312709802,-3.4056636663043363,0.2514996634106264,3.6115679804811376,-3.891868732086486,6.858668628960649
363,6.1601185286023625,-6.223077696508298,-1.3991082075294785,-1.585023218402801,9.297193749966516,2.283414587261397,-2.0729800725751177,-1.4109021731581097
364,5.495937644947792,-5.94965345862194,-2.57179141762847,-3.3674412568279624,9.536516724573486,2.2895577938858453,-2.465607925328314,-0.5582346412830137
365,-7.170271823590771,2.0426034614668156,0.9690101019375965,-1.4427702634994732,-5.985184276821486,-9.347233875938624,0.43341539772113524,4.324247005179904
366,10.077557284202383,-10.294214010021124,6.605699227088843,-5.616836661298251,-1.4654304059344354,1.0635692014491924,-10.335669423895343,2.4877311354566887
367,6.569012706882461,-6.803663339478505,-3.0205495035674295,-3.2971472629770266,7.664731556960849,4.591420603628481,3.051461601103007,-2.5251659670523243
368,9.29582755461512,-2.4583511440835326,4.720225828492255,5.332247082396016,-9.142748855507962,-6.78331732895313,-8.199934951981138,2.8022954889566813
369,3.2656882647077605,-8.10108913849191,6.060626992098518,-1.814580387806434,-2.7552823269653532,-1.3659744035483279,-7.726950499957754,5.893991927580234
370,1.0724322866266047,9.561956186285094,11.181837451279545,9.193544483832468,9.86207853612354,-3.0116287096376575,-10.287786885554471,-5.19381867975425
371,8.05879795218895,-2.600032305861388,4.684594572139408,8.23628447069385,-8.876556457004053,-4.723052277778641,-4.168953174789183,5.626680887168517
372,9.814923968994634,0.457470401015468,7.697381631337685,7.057943552433201,-6.835674431239193,-4.994462998645396,-5.709876633706475,3.4351492800583054
373,-1.6121668407401697,7.0941399292187315,7.399519239340247,11.75990429736299,6.746981426553999,-3.937458157530227,-5.9276005302231995,-5.47859827323108
374,8.626015932916133,-6.333751717988878,-2.78009234060053,-2.2346118326406894,8.774588307399858,5.426464744489449,-0.8240507001151058,-0.5223115225719788
375,10.723087786420546,-0.08422220198383523,8.849908493250433,11.547793300724553,-4.901290576555407,-7.1045105583466155,-6.090973332540936,4.152307823931147
376,11.830399326820867,0.6136701361269183,5.02827370084467,11.215683309707318,-6.282116870559085,-2.188348674411091,-4.849938718437978,4.092337178220425
377,8.118088512994415,3.000960424270199,7.883435622807291,3.7724108569983175,-9.992647231071496,-7.909277994220882,-5.1260332910167286,4.2992044219391
378,4.415426239814441,-9.929176872854825,-0.43041356512658946,-1.7694710808350238,9.073568135030627,5.82557665042724,1.6390529794788566,-0.06194804363414508
379,9.82187435690422,-4.060262889840233,-3.092711783196044,-0.8228848426014329,11.331307081095066,4.887676153008855,-1.6824076204785319,0.1573963172912869
380,0.45057173977574744,9.249388774192486,11.631843410298547,9.24689683556908,4.634561868789815,-4.207881072016754,-7.555177039831305,-4.162721500301361
381,-1.6062858516731668,4.2774498183923875,-8.00407149272561,-1.519677117506975,0.15796694432187297,11.067425066480086,-8.006557243142051,10.118451869520214
382,8.947424611012,-0.3829005921166593,9.244788961371075,1.6537503592489018,-10.007160241418148,-8.140536228131143,-5.367724975306304,3.7324151357595516
383,-8.504959946720502,4.279036396749264,5.995590488521091,0.24725270954209133,-7.61141904063303,-7.721588348179336,0.16170587364319022,3.2281422739885577
384,10.259516409476522,3.1795603320017927,8.106072284886636,6.566081890911738,-7.172206062661717,-6.903800438189899,-4.760831104104572,0.6931832776127496
385,-4.485086153725249,-0.0395828051567193,-8.744063651539003,-3.5733474598279846,2.8365878656326617,7.227059815284108,-7.6945446118876735,10.233696523599479
386,12.085741635461037,-3.3712582470402372,5.387695864867383,4.437094876700803,-7.2774852285058556,-6.595185413447438,-8.256448792516752,8.733197363858554
387,3.091746339140193,-2.8380099539242134,-4.318711455722568,-5.369800535502368,12.64543189727225,4.079683037767474,0.31510542199976344,-2.21533583896417
388,3.263819531442178,-8.94428906848756,9.721539940354381,-0.16710544897329394,1.2021044608737679,-5.468914296512256,-6.903972793927652,0.4709882551916045
389,4.304536845445682,-4.977683837622903,-1.3624912235818647,0.6029987815596383,5.394758543177296,6.735007776866461,0.700174853814002,-1.000164409447054
390,3.6441630001054506,9.127818407301937,10.656171561933675,8.768396280887542,9.430932768695817,-3.2372609752578096,-8.078281492199627,-5.009130779111695
391,4.690690435679016,-6.2211828701911145,4.516999717969694,-0.6726200140057026,1.2692175021185101,0.8482912527939608,-9.18003798549461,5.441304740470374
392,-12.849533982925973,4.527455212051918,2.794107174479212,-1.217870987182293,-9.738367918684196,-8.145888229874837,2.6424824998730294,11.102211270592214
393,0.2739020762848918,3.235762893378899,-4.025309749698822,-1.7776651477116667,-3.7798451867176426,4.983659869185117,-2.975627015613177,9.782840584682926
394,11.276565094598086,4.068780478276036,6.811105355556345,4.754202730775235,-9.421755235895532,-6.466932694177549,-7.768306250557933,5.186878697688039
395,11.35390791349343,4.020293625158287,6.172329848375522,9.024699020294706,-12.416535597162405,-7.338236295955011,-5.951252937835005,1.4253380532965596
396,10.777315366538009,-1.1508576384176368,6.708779246074191,7.589142658132566,-7.718443153658424,-7.756361401854819,-5.053505324331584,3.626733304947351
397,-8.621454706642213,4.038582588354001,3.9830304529024945,-4.970640381926533,-10.10596304279678,-9.898485213688872,2.2854352985928283,4.8288372849223045
398,-2.1466698961606574,3.939763445487787,-6.535104646807797,-3.496463438748069,0.4560724001087241,7.612310840008434,-8.982969552024187,7.550387929715514
399,6.591691600307338,-5.485460093550173,-4.906409553570883,-0.8643557979505553,10.406789201141796,8.122727286251843,2.921982247971773,-4.6730128924766765
400,-6.117309948388634,2.8599568757032,5.52562328505283,-1.5693443450211928,-9.338734148458235,-10.356985399380582,2.091920603350114,6.943449857223558
401,2.958027213447819,8.565938454393821,8.540774037432415,11.401455137643712,7.434597398785855,-4.11102113539588,-7.24878236865707,-6.163937508040622
402,8.639415288268452,-8.339437687848053,5.250226277481336,1.35850505100864,-1.5390585485771529,3.1840158577718167,-11.041798280096238,3.3089004644216558
403,1.1887223217883331,8.869609848360124,8.063726671860008,7.344350376076619,9.350210130567685,-4.209180526746235,-9.804090459917257,-6.857776706579636
404,-7.256281069245317,6.346857674607639,1.6552752833945088,-4.328120716088035,-6.115534017873603,-7.803673194838222,-2.021993248579136,7.119748236854246
405,5.278755895427722,-8.544751296064872,9.693165337784595,-2.3497952552900565,-1.2480018518937945,1.3068451593646142,-11.628128726864638,2.8398845122297125
406,5.118867153311632,-9.508762251983297,3.922296377663878,-2.5680044821378907,-1.958096486984187,-2.8570311352575066,-8.713149703436839,3.8454594007933753
407,4.3363120617624284,-6.933664412332901,3.978689561453959,-3.683100004855886,-1.6023204567728946,-1.6242363597192173,-10.526839305108057,3.6266032974209113
408,1.0333179358959141,9.49752204845357,6.221439995290778,13.09236079799172,9.023654607932537,-2.184884550178749,-10.032408619474444,-6.432647130126323
409,3.0780114547287685,-9.009173487239577,5.594323236360001,-1.1218607047218279,1.187573032165677,-2.417711855045117,-8.32032071790402,3.822772275874634
410,-4.617864795000499,2.9402600344557372,-5.063583814115249,-5.063031261450606,-1.5667541152540994,8.035675596414446,-9.194892434718268,11.508168849465644
411,0.34816976827033397,10.641060254761232,5.655847063033628,9.205357159877499,5.198476642642681,-4.829085219935605,-7.620976854063727,-1.839181451453447
412,0.11524441001994828,8.088894079676308,8.294759352129272,10.67134831099257,6.960899505619688,-4.726473098948089,-5.324884396067883,-3.923509986287598
413,11.645677950858754,3.5568596039930425,8.867793247754621,5.569244111607949,-5.348644236147181,-3.045253248849065,-8.418583386849102,2.671742511477638
414,-9.712138408679047,3.691378804267207,1.8709284099116714,-0.0340063677767779,-6.552040280912324,-11.328479462923006,2.345692448539536,6.00261441571737
415,-5.1572464880549465,5.758346936928502,6.612456379078836,-1.3884891079113206,-5.179734918802054,-7.8019137100076685,2.4951741393274407,4.946537866831468
416,8.896913492607453,-0.4577841468757007,6.161970538502976,7.566076647964945,-6.077031605649667,-6.8887606683879845,-4.431193933747416,3.7622217158933133
417,1.6678503021143958,8.841353635924936,8.023340705703086,8.476111367674944,6.207885290795947,-4.07969874401977,-6.742765166157111,-5.785321913458653
418,-3.552409856900389,4.140828731601658,-5.036350686427575,-3.275273463676559,-1.4438926466326483,7.783103189201947,-8.547835504650461,10.1074787281558
419,5.943214695406956,-7.144418948415416,8.217416846372398,-5.408975952143672,1.4324393727630058,0.1668003681931871,-9.305972692003,2.4592216749970763
420,-3.625146814735519,1.9930621673447177,-5.779623872010305,0.4184101133598701,0.021606124821098194,7.019380484264523,-5.321467478157332,8.838243718984698
421,-5.714103630149985,4.975243116472324,2.2704417214096306,0.7200532042581722,-8.320853838630605,-5.371976983200943,-1.1080953177429458,3.7909572514664336
422,1.0837725156874938,8.086195221255597,9.386476919183218,7.84141087982901,9.170552150021562,-3.834942433588001,-9.959025162456296,-4.493420175863411
423,3.0028413074957463,-10.563804168125282,3.320659865775768,-1.8281816590572033,-0.11613228765040606,2.1221254246241332,-8.413099355515627,6.34991921352518
424,6.04421017567354,-7.553440025286529,4.142890907119326,0.04986121710898228,0.4979324891650456,0.048169367268423746,-9.522314479331142,1.2413773822298597
425,1.9693474744943993,-7.4608449611059235,7.022932164011491,-3.448564324839956,-0.8637019167656937,-0.5358447831248673,-9.025239412920328,2.599288494195294
426,-3.7534968575147025,5.002392745219696,-3.5249405525911492,-5.640682649095335,-0.8092432932857113,5.392964653222132,-8.798522221192478,7.755062013880456
427,6.735773856212498,-6.9501015932132475,-3.112895896163864,-0.03887587821326188,10.459860164930392,2.1502429177804823,-0.625047909943187,-4.41356614286865
428,6.472126845241288,-7.75148454451059,8.23402315972601,-0.9937464644546481,-0.8081357080694739,2.8356453684641854,-7.817902457795454,2.9617231442241923
429,6.73571978730371,3.0053757495465336,6.396024823418954,0.43339774034007483,-8.746720466207416,-8.644917321991574,-2.0275437093795556,3.9963811438376204
430,-1.5849038049637563,7.172320512045671,7.607936162688004,6.480018808848459,7.463854176292182,-7.349215428201996,-9.135952925935518,-4.948967429460806
431,-3.875836386958934,-0.24905913978529526,-6.136612443949709,0.6599532193860456,-0.3206142457933372,7.836634343825824,-5.157493338330471,9.896534581264373
432,8.44044995065095,-1.8897859713971537,1.751416907846929,2.4421099337970364,-6.980213946324287,-5.239658888182225,-5.156570648581796,2.6245293780045156
433,1.3432567886311082,-5.725062166222187,-0.20092687837937895,-2.0921521393018248,11.12999898889815,2.71455860932774,-0.6877968352997037,-3.4222835932742175
434,-5.136075752652094,1.3655086866009445,-4.813718660462804,-1.014045721529271,-0.9352123578009126,5.4711389133373896,-6.534580595569083,8.635702572298271
435,8.84676642241801,-0.6093961837000175,6.706427844665468,3.302514233522757,-6.9802602473586415,-4.13747120960695,-4.84740704969843,1.7680826687176294
436,-8.610498412624013,4.958881904737369,3.35055088313062,-0.4387741892494159,-9.812443743847581,-5.763456769155979,2.3231137578995433,11.22099784153963
437,0.5020537949385928,2.195061057657316,-4.492213472280919,-3.271244838730432,1.0735751921121643,10.187995982089646,-5.274752791512367,9.549295292967816
438,-8.14554402991935,2.081283407434051,3.5032633334564065,-1.0794679624852686,-9.84705211678509,-7.08519869885969,6.052744243133728,8.428431063190928
439,4.626588761227829,-7.316592639461455,5.5032328388507805,-2.19476097865692,0.4105712725757573,-0.02144855103034049,-5.605605456315562,0.282363386778274
440,-0.9644166205451898,5.526542081424686,8.439668988333842,8.43440364781922,6.863109531728034,-4.37494160271388,-12.614927091962564,-6.8704187025179495
441,-2.85371117018661,1.7725603224630269,-5.975368643624355,-2.2132038481975917,-1.6940973825674595,5.357086736247644,-8.156214911923762,8.897500923400528
442,6.655348119576561,-4.043298796169285,-3.2007293054643555,-2.5069315397687264,10.618829618871723,7.162569298107552,-0.9108013067614973,-2.8694949408673462
443,-9.417089756703932,3.573238162015909,3.783499470484821,-4.422750922650706,-11.545640495094338,-10.761553514727012,2.031128968806211,5.1352776284141
444,10.561087144483507,2.9308718443499298,6.4333780459704055,8.088263961354711,-6.892699147377101,-6.702611731096828,-7.794187766703285,3.6551184787099196
445,9.05689244839036,-2.5069101258993474,3.5643491858437293,1.0478973083773226,-9.923538573295259,-10.65955489146958,-5.19210492835264,4.364559404381593
446,3.4865934278818007,-4.244122910679742,-0.4185495390374705,-4.360061025897802,8.874710687685049,5.046336424921442,-3.235553682782553,-2.6057702405288383
447,-0.6696358347833344,3.0477425325916663,-6.240978025037044,-2.140419390468601,-1.7322889058030424,8.928903710056147,-5.03354242110495,10.587905561710413
448,-0.7604455644061474,6.201541011781767,8.613859658043381,9.647876746440199,7.185829208560632,-2.5068043351385882,-10.66033886512606,-4.789197243278464
449,6.911544178246406,0.8673758091310118,5.642574977479498,4.933032356976496,-9.392970586295046,-7.131560366712177,-4.414299831753724,1.5861668233730946
450,-3.7671255363666956,-0.34473569745217914,-6.2450108363466645,-5.1199747053301845,-2.161142611874905,8.02607446798533,-4.207790316627829,11.034166203436694
451,0.711751613569321,10.605350185810602,11.817911096576088,3.7961554971946097,8.739993961889244,-5.447075716389499,-7.927718038322961,-2.184303598565922
452,-3.879146883152731,1.8201922404968527,6.9395612438887095,0.5912668985503697,-7.187489731643308,-7.177386772095152,4.521752192330794,8.16176294025251
453,10.970586190111476,-0.6146876745388414,4.7139170042463645,7.995539946837858,-10.198784429963913,-4.9600953537822265,-5.583027669297011,1.6708958930642321
454,7.788792017282914,1.1066129802408293,8.3759941164165,2.1472279508886376,-9.217042401972508,-6.575419644780149,-5.096133633667045,7.012463175803804
455,10.111185914198945,-4.675360045264633,-1.2352826351929946,-3.3413679590958587,10.239702333910136,6.204277267489655,1.1628690906316683,-3.7789355154624578
456,-3.485486890100031,5.650092880404132,-9.162912025692759,-0.7275836087194789,-0.2898035484143135,6.671122768157121,-10.365191590200267,8.013765515416974
457,4.808696736041638,-8.278674364791154,-0.3529778182541885,-1.1385442912600328,11.587415021849328,4.679246000778153,-0.08642425559463895,-0.7194752063873071
458,4.310655261328083,-6.055665718030856,5.73894658023947,-2.378561965178473,-3.3419097072024586,-2.30098793935979,-6.57662353138846,3.9212831235624677
459,-10.398879592807724,3.4100918805012834,5.262224937547266,-5.1241014795230075,-9.590236086684524,-6.9816567738869555,3.0304684056673015,8.310085328200625
460,-8.41877816253885,4.918851555273098,4.173913189077653,-5.308982447891964,-12.551463263363438,-9.084598547930709,0.4359443788010502,8.768241962472857
461,5.193343617832227,-7.27822947498649,-0.8464357846141219,-2.231522034983845,11.22640306569763,4.09930772510813,-5.572170423106278,-0.48202980460459355
462,6.648359699797253,-5.025658074111973,7.743726629618117,-3.639401525547635,2.805973949210035,-0.6741862309773603,-6.888910124087459,3.545348064625337
463,2.348439998847535,-7.751745792169373,4.214584099718385,0.6542914004885794,-1.2719489590444244,-2.7027172065968315,-4.81353361975843,4.891570803240814
464,3.129606119291271,-9.564886257756015,5.919822782720934,-3.732332965529644,-3.3428675826403413,-0.21215782525181684,-6.399349844644174,2.337461535129397
465,-9.813260404340586,4.189791744986595,0.21689019805561838,-3.352474522021704,-7.154978611223019,-9.139606860666978,3.631338337341722,9.070499733015112
466,8.216166363442932,-6.9502779652297475,-7.673356396974354,-0.527481776390299,9.947744333462962,6.346057376764995,1.8718638229523328,-4.9929539374274565
467,12.42767698377208,-3.396336078444616,6.766933625983593,5.268696085545936,-11.142263817683462,-8.643651418826286,-3.620037691440307,1.0350545400394942
468,-6.292432312612351,3.415089890723971,6.333174178633394,-4.16871146453798,-7.2041508804382595,-7.073687529737449,0.36257732651791574,6.731072882805135
469,6.286885462959818,-5.9811030414723305,-3.453262644866607,-1.3913885490090891,10.356787480666148,2.6927487337871048,-4.434651036803548,-1.1722399553656355
470,-0.7954388384363478,10.161907759492285,8.197256002388057,6.808792244470058,9.976098177790664,-2.2770706639439426,-11.303518894716944,-2.2356942475649477
471,0.39916718225608594,8.586044807123447,8.422597907069008,10.670021805351965,4.647258349077822,-4.338217363581267,-4.992947303869476,-5.4163790541937775
472,11.6115563218728,-0.07096334845811658,4.767543411374939,3.053475802299203,-9.342068275927724,-7.815496223254225,-4.773527079808479,1.8978820834741128
473,8.88920593768756,-2.139867153966252,-5.6170373185583475,-2.499763489913114,9.930199417769302,5.55887731104259,-0.48313657857676706,-0.5807196803941633
474,8.976628316738893,-3.549466862050271,5.953826082676997,-0.7651505766261868,-2.37625948153988,-2.7976909990682435,-8.575614983453328,5.332268128144827
475,-4.096328533238924,3.607790167894001,-7.326311785461153,-3.3450335132083957,2.7671138442739203,8.025301266885961,-6.300967289337955,10.730051580808372
476,-0.77061649764984,-8.148463186656885,4.293150122945818,0.7571924851289347,3.6992909849077367,-1.080971551062858,-7.117009282882165,0.9042654032838144
477,-1.3568700406675351,7.903644575592604,9.051282097066206,11.104336278975074,8.03515534636129,-0.5073533730663637,-8.663487706966363,-3.918010704714505
478,6.7448296300189075,-10.561348362418798,4.219652123914467,1.6403186968007395,-1.4074421380848308,-0.22099651962720793,-9.686018850086061,4.2139213705054575
479,4.1522816076229185,-8.142517979682701,-1.9843993856830466,-0.20712829798681165,7.899407420516436,3.0851955046430146,-0.9355441236694927,-2.016472854525346
480,4.284909728605545,-8.258771773536923,6.031824624201129,-0.6196847211319831,-3.9183311585202096,0.059373163692750475,-9.063777526872494,1.184331472416894
481,2.8975918292398255,-6.207843193960155,3.053788022353131,0.38852417119308,-1.3993959144328658,2.023692454747959,-9.390863614067682,2.3761990425128348
482,2.8967053086335084,6.983052923410379,8.773139140471296,11.11752978397843,5.772969021838216,-5.653852919556646,-6.935486931020231,-1.5318113372591369
483,4.210669209245568,9.603025321822493,6.870775427463206,8.169981826826609,4.924555699101406,-5.05951668501296,-6.696300388562118,-8.609886644404671
484,4.778454822430219,12.069497303380416,8.926453706531463,7.4868991430980625,9.982352345716714,-7.716613434693111,-8.947955409172598,-5.292598883929968
485,-5.401379834742896,1.7794819758183453,-4.934336082493764,-4.48928270419505,2.374901458658642,6.617127493182933,-6.268358831987441,5.234992089248776
486,-6.53532151737584,3.35749292288421,3.0574902414265646,-1.5571207935468252,-6.9305642004167485,-9.320348385616501,0.8411099203394343,5.405615020607174
487,-0.4908977185680026,8.642832313094566,5.036323081499059,4.054454978339253,8.29869260468369,-3.6821210841323575,-8.215194255640203,-6.162553727601617
488,6.160220973071675,-7.37465096870992,-0.4053399755183005,-1.4605964162448983,8.197578172093296,5.32497255458661,-4.955736342980277,-1.909837032947589
489,0.16128914183971088,8.411301050096382,10.583871909783435,7.361433879792116,7.121515777812361,-4.819692155995583,-6.95721854263217,-7.034964278322631
490,2.418312025178337,-9.285897188804029,7.768477809955405,-3.216850743996192,-4.720523429742468,-0.66855342012105,-7.050663923933797,4.212247945692132
491,1.7542090358707962,9.286094435475386,5.772818463034513,5.869877275667802,9.875872503136616,-3.7074989917737655,-10.181278913925874,-5.184864401191554
492,5.043567453980852,-4.678482304202035,-1.828498847833338,-3.786706428818917,9.07532562132024,4.123202533326522,-2.7447558588770162,0.006309010294180073
493,-0.765574384487629,7.629379161077815,9.400686808761224,3.8561895544251623,9.719140574396679,-4.185014603438797,-11.66757134780308,-3.944761646210713
494,-2.478268331075732,1.2097897247116742,-6.857606674673051,-1.992024455799556,0.06838184297765237,3.890800710985206,-5.049562265653012,9.967118856966849
495,-6.362701295765145,4.7619561113875815,2.5302005127024074,-4.0812990030490965,-14.051355414796692,-9.090186391959335,3.4327580699299753,0.3991492822503204
496,-4.239533940191844,4.889425611671169,2.944612700062322,0.6028437135808238,-7.923279832945021,-7.952819792551607,3.959584182683426,8.249046263438077
497,2.812919606456375,-10.738939486848084,8.230361463798458,-1.9749654198063944,-2.797852664329971,1.3499219585876987,-7.431689517697014,7.576522347191575
498,-1.8246920541734504,3.925494746891041,-8.536480446442523,-3.5316560746402934,2.4839289020968884,11.904300888335595,-8.344178969539122,13.17657522657889
499,5.287707519950637,-6.055509068736784,-1.916218517697083,-4.937378823167736,5.999900508094111,6.592953558426889,3.10741314834572,-0.5221916892060241
500,5.742478918582799,-8.60289601166861,-3.5945410253401096,-5.575222527050638,11.515814199473233,1.5211827074987383,-3.6528986689582625,1.0216606466147904
501,4.671399002774508,-4.948189785778955,-0.8297239715517657,0.778404615744221,6.299305762808135,6.571005129056628,2.7214126369816567,-1.3997628125005492
502,3.2452280174464256,-12.085303702570677,6.665549044581467,-1.264859022616879,-2.6834295386706857,-3.3358062044927115,-8.606837505022593,2.6189444000891804
503,-5.73391977881257,5.534903058619101,1.8695489610612253,-1.0656367645353775,-5.8236560067855025,-7.562364164138955,2.2762042224200156,5.687286136899703
504,7.6897860714063455,0.5860016528635655,5.6069326119648055,4.127033319282958,-11.693533245583161,-9.501045053665903,-5.445349430663,5.33925179454741
505,8.586403873683707,-5.281223618645852,-3.8823599503902684,0.21975919708218616,9.338707047455532,6.880426374164385,0.6300494342039713,-0.9636397642223886
506,7.866569542885797,-6.339337885773959,0.8963474749880751,-4.483800045521438,9.500804122477962,7.343094597760478,-1.8602444598214087,0.8744106562515008
507,-1.8615286754765674,11.677500702836323,7.402327829677216,9.779251732499272,5.478216671532458,-5.134462432797418,-7.785678156644055,-1.9531786553013752
508,6.527313190363062,0.6490680944469396,6.512822653903684,4.899567824957663,-13.6547944969765,-6.051198236852092,-4.821700260917738,3.7547199852548916
509,4.345658912280351,-5.09515653534121,0.9165093873963248,-3.627808332928809,8.418971502521996,4.186230082943708,2.573203986792379,0.6484064345662648
510,-6.412841527565616,4.076304693069795,4.7088113323802965,-3.1226320557461236,-9.27091832380024,-6.619851101749036,2.5312653414715087,5.378765859148416
511,2.9911963680006215,-4.148321984924435,-3.05154081350563,-1.001462517401409,7.503110111489518,8.328141395730023,-3.2605088153023085,0.20481206954206077
512,9.816625131970731,-0.14830432352716894,8.03232000114883,7.555886573267207,-9.479434971947121,-8.85582214159599,-3.487425853602057,4.5655161931457995
513,-7.014056834649221,5.628026935079447,4.985356701743912,-2.854496226626342,-7.653611110624071,-10.003678722552198,6.5228132075304615,8.74549980283005
514,-9.73946328111225,4.2574748342480655,-1.1410924282073758,-4.032057089347602,-7.172728782598206,-7.830696744587013,2.327053655609845,8.6834937695726
515,4.851560049212752,-8.982453143919415,-4.309344902601815,3.1969780487799255,9.28488524159509,4.824272671645048,0.5596228292826312,1.7768748925693894
516,5.8018688276509565,-4.87471461813231,-4.304004675854268,-3.5844177456686293,10.714919982023503,2.1549725819706356,-1.4271618529886554,-3.5168693208231567
517,-8.932018840063847,4.676680765088508,5.562763462569444,-1.9019844956610257,-10.819639353046105,-10.02692700526459,-0.5196858998860203,7.094724364060819
518,-10.001071579881579,4.594600679652992,5.906759568817913,-1.9517738242627287,-9.753657730349792,-5.07189274712469,0.5374479250649347,7.9953266578254425
519,-7.358012089822706,3.4370495719834926,4.963227019169937,-1.6983760615061196,-5.566542290319518,-11.458300284317964,2.0783832473284445,4.240005553698303
520,7.254632054797909,-10.033975096429666,5.9202953099234215,-1.2240479712418957,1.5756911481488405,-3.7644574674734637,-9.153596286195604,7.86619237164403
521,9.558062031107573,2.401207197980283,7.464465543860495,6.58148148109605,-9.062560623503895,-5.831322018691008,-4.851092118987713,4.441375132620074
522,1.753900103844515,-8.206215991810081,8.076310327499273,-1.7226320223662093,-1.087640244214177,4.9103807268967365,-10.30084917366726,1.733046255275669
523,9.584836565176705,-3.9233542416836666,0.2332818440274358,-1.8185229831038658,9.496119595284965,8.289627348990344,-0.27718449490609837,-4.75472352866155
524,5.59521825131049,-3.8743088087183457,-1.733957961405937,0.32178313816534754,11.33500183378182,6.582371766853058,-0.10014397930358471,-1.1647412992418442
525,1.4786061293236745,3.463906979776139,-7.100259286330386,-1.4460563911012019,-1.3762570048704796,8.147385241987257,-5.980625935989414,10.094541303019595
526,-0.5923736131395003,-0.7140288997721407,-8.819979750977042,-2.499515990192315,0.6923469063022869,10.920059977774322,-2.80183867590201,9.579219495061611
527,4.216558348892793,-7.226390316052612,4.285917113757498,-1.5617144066136925,1.2652885486278829,0.668636791298671,-8.987000901371697,2.072200583061192
528,-2.551909848950164,2.7544872235797255,-10.627763599744164,-4.991689122571566,-0.021604698535043015,9.305875979215074,-5.173872373788499,11.492642334025954
529,1.385677483941838,8.971379843542191,10.757501010904148,7.45297977836766,6.0863862600942795,-6.385877603878139,-6.895196360580311,-5.808413920274788
530,3.9711980923561163,-7.096532280425276,5.563732541752933,-3.143969294583016,1.1321694685711758,-0.14602563691541384,-10.622896540788144,1.3944797604180552
531,-4.559851238291438,4.785126423792841,-8.13296209201521,0.47237784052828813,2.2181430817922583,9.086716228512941,-2.0917798496435918,8.788818929493061
532,-7.814894590841308,3.557093359354562,3.514597133793293,-4.2300144136498625,-11.620128430389844,-7.09888422972873,2.7533290862397184,6.871964962503539
533,-10.146600991958053,6.216682521753363,7.996611612654691,0.0731875520305989,-11.554683316030607,-4.180795919324962,2.01247808897237,11.761992293972739
534,-8.00188650367505,3.993849119814311,3.290071035185231,-1.7507427013075894,-6.032178887935876,-8.048858299493311,-1.313952801626999,8.484691370588148
535,-10.91715715894377,4.652666178449032,-0.43818794209471434,-1.881630589487285,-4.196213220146601,-8.30580420894383,0.020447750174239054,10.244366732084302
536,-0.957499104362534,6.2154948647680754,-2.9043162118514854,-3.34051341537892,-3.3787378507528145,10.334907099008321,-4.449093354719704,6.055783508520749
537,-0.008147779510222719,4.618612231909396,-11.153073438985807,-0.8752890476784332,0.4879537573690548,10.245813668673406,-3.2020557702698214,10.463284903014912
538,11.360357538693028,-1.0834035622549942,8.05169928630156,8.018976029599227,-8.204730804410097,-8.058212423306443,-4.150900418119749,3.4409495701943844
539,1.9514234983018337,-9.115590621581392,4.417669207711504,-0.8155486944630084,-2.0524500583502676,-0.4072676726598019,-11.216923028706258,7.351638283545872
540,5.152557507438549,-6.495968029593015,-0.8429249535195327,-2.5601167526466324,7.495664091580155,6.575362924205898,0.26019489684322317,-1.7761490872610652
541,1.291606408953939,1.8377362132779287,-1.6238130257179417,-4.610967600607158,-0.2264814090033753,6.334537760321237,-4.60509822755324,9.85493341012459
542,-10.291480162847154,4.472712945837972,3.2562084719984723,-2.3290135455330656,-9.008431805300877,-6.792243099489923,3.5366934907678464,9.86122724601169
543,-7.572436418046282,1.5642650509367853,-4.80400695770453,-0.8142985811231616,-1.5308207536805631,6.573694748683336,-8.666506780491863,7.28691829094306
544,-0.14961815276073176,6.889357301594279,9.925362257639556,7.538805165176918,4.7273771295589135,-7.479000914728025,-9.797008961325844,-3.355482264388068
545,2.446712002422055,-7.470083257074506,-1.2132158353521443,0.9727913241409594,10.54093338534522,6.334329023675386,-0.2577947747589826,0.6058481944926524
546,7.491357559584443,-10.167592801815244,5.299094163659512,-1.2951238766545143,1.8506350682855552,-1.5379994186547696,-11.433009510880957,2.6263172219990976
547,11.52384929758788,2.2977969427252702,6.510866191655317,4.745560928475921,-10.690049746539826,-4.618606200303544,-4.23870884500586,3.9191063846857412
548,3.4127175105909346,-10.293067678151683,4.824137282576079,-1.05951017084902,-0.9480437096939478,0.7515356831131086,-10.548087256279006,1.2236177104348889
549,4.294737530708302,-4.024365297648986,-0.38522990619624187,-3.766333616579262,10.91801411999271,8.266334390631961,1.3535848240124337,-3.1522629543328837
550,7.672854766347998,-8.581386754079322,-2.1537635718592583,-3.952685023843739,9.736920822483018,1.7093504291830057,2.1708516507745617,4.470326541016609
551,4.15230949763594,-7.672916006250409,0.9881370444104411,0.38031311970476045,11.924786027340573,2.7191425643210496,2.5892782841267117,-2.7887286690042634
552,13.426626825787443,-3.846228232027337,7.256213083333672,4.269402114498145,-10.17892055034827,-8.873440667336693,-6.326709969507607,0.6407399234622018
553,-1.2814471411243666,3.617920242591575,-9.536440026772121,-2.512756750048055,0.7377911017507502,6.6631766819255915,-5.456776708401602,6.643909556182338
554,6.602336648998333,3.1672710474586574,3.1021179354979185,6.031678814717488,-9.986524061240463,-7.156599543526194,-4.830308980177523,3.662648507015886
555,7.522838342402596,-9.09898812942265,-3.176879554031917,-2.3171828870065427,10.745614404556095,3.0278727411511803,-1.214812329763064,-0.2772052689487975
556,1.5315188195476588,-7.70048095956656,6.9918790937539095,-4.085435444626905,2.0399225311462414,0.3329391881989704,-9.44620813051384,5.85681282610829
557,2.341212986674773,-9.981336437056973,5.622361414328609,-4.090298621865665,-2.4573430626368764,0.6324232242376738,-11.11619705258535,4.8126873765463545
558,5.785774629704794,-7.324263111215399,-1.0404301445833442,-2.4115119064991544,4.432925828983846,7.8169341115880675,1.3764429975921837,0.5161781277615753
559,6.526990346465173,-5.215854324036021,-1.1178657648868646,-3.016999542948587,12.30387280811543,6.192482375161849,-2.726975014416502,-0.18889002321663928
560,6.754523715027677,-6.668572253266603,1.6344954511634402,-1.2929826557350284,8.710795434109817,8.06647360712806,0.6883597393264704,-0.8741112300245817
561,9.034980960876082,-3.818955077812208,2.2427063277545147,4.759145635467681,-12.29505481911715,-8.71793281053537,-1.5142041623382982,4.971314419520549
562,1.649134286831606,10.004456621858555,7.563172471447569,9.834709164519436,7.586617251518461,-2.8652822595201517,-11.408643390155593,-6.314570528070472
563,1.9562405129059435,7.993788242743249,9.669443321231055,6.499506584397939,9.702473525251465,-5.006509762523616,-5.9603975618063,-2.5238400884277947
564,-4.420550615609468,2.5075890373723557,-7.3501009530597585,-3.8311626770609117,-0.5516766717321215,9.872195505842196,-6.134378798914073,9.656388165311704
565,7.1966980649067365,-1.2587938395979865,-1.8919594095005428,0.3814204742225811,3.3426865375124475,7.875264083153779,1.1597523791281783,-1.342318449717982
566,7.145284751926908,-8.007033182889002,7.8406787597608805,1.7708593162279613,-0.4573190826955679,-5.46148283029155,-9.025658693305985,2.1398001385983756
567,-8.920908215942983,2.66421065640404,6.294309177334268,-0.7798640697394429,-7.085992095857833,-3.811364125816069,0.35610546469906135,7.666789612434245
568,-2.040307496440265,2.291957457979865,-7.585377330270259,-4.765659767573997,0.20903589504202408,7.494718676420158,-7.093899267601007,11.38422963637233
569,12.260882551492696,2.261835242624737,4.032640440728884,4.410581825636292,-14.064214644132717,-6.203071193420332,-4.999068905631919,5.547284482098344
570,3.1204130070047644,-7.580672831379976,7.763781671764626,1.6686230082002917,-2.6643698710725587,1.0937851163209646,-7.649684071227214,4.438142756203646
571,10.389740827865452,3.349363992678659,2.450562030490147,6.185743793039318,-12.186558706544762,-5.097277292781479,-5.139372321078483,0.7812146205849517
572,3.6068422593492104,-9.87629559500255,2.5054339242634778,-4.389835637468207,0.18411772842130944,1.1010940568532153,-7.161622338370269,4.028688147673648
573,-4.327346833058547,10.235132867238304,9.801137005468217,10.523058323244527,10.063590124115741,-3.5146281072798273,-7.249211603256975,-4.98961845508023
574,-2.5437913965262444,4.498478104002706,-6.984106190827342,-3.5128766582066637,0.07672756521539903,8.869092007732167,-7.494596309116252,9.74832725137938
575,6.046040801255321,-7.8073677659173635,3.081166999608295,-1.3753639825501796,-2.4176794159150057,0.19245255097648406,-10.342455078116037,3.7889521672397644
576,6.930453579644695,-9.03282490923144,4.126371068256979,-6.547835094653618,-1.5539825357159522,-1.0371548614234185,-6.535672518966161,2.548343796656935
577,2.135272066433678,7.611765682998904,9.547075418780308,10.594941044747822,6.284087602969732,-5.907869217905926,-5.750395266111422,-3.8283224336628505
578,10.728046303096944,0.23276049564609247,3.8421987037707623,3.414374891589504,-8.84195620041332,-8.149644108858592,-3.7660261765583507,3.3283822046559672
579,-9.29584730135988,3.734641768942917,5.885721227171059,-2.5951224118609018,-6.198304153510255,-7.201087822296015,1.4057529112861011,8.58197462494912
580,8.557330334043652,-8.427434510120431,-1.9489897214795482,0.9141128537001255,4.680568562346804,5.81686902291256,-0.7012647383311534,-1.9405173955873225
581,5.734488719855154,-8.994875278358078,-1.5309176425168856,-1.219727540899644,8.07150663829103,3.069972313792361,-2.0533562248079162,-1.1706689979051381
582,2.725360143764672,5.830072057739551,9.36579249927959,9.986332804414799,9.095968342593293,-2.708820359400096,-9.420302265165013,-4.809754979553065
583,2.2416280831851796,8.312078441986799,7.192396535250285,9.944726216694956,4.1607120999798965,-4.482606372063795,-5.622259948750612,-9.416219528336404
584,5.775403951537872,-3.1280609146220546,-2.8723093344061823,-1.0522730612003737,9.055735436746795,2.514090165832223,-0.982989293457174,-1.515962594701177
585,4.5375890099242975,-6.045648332842871,0.4382784903001866,-4.150225173120843,8.514808753786141,3.4591382721659265,-1.136672290088884,-2.536773112645543
586,1.8867997384440967,8.540991055904183,5.656684960360209,8.308746977816718,11.625789339365902,-3.4476871077350273,-8.627751142831919,-3.952412428468026
587,-9.223280641732867,4.294891990891639,6.706896102000762,0.5753546714478883,-9.764476941826324,-4.596427362141952,3.8479984715891167,10.00080737893272
588,5.691557366679036,8.338141689951124,9.076172074116192,11.198239481613518,10.062017610703354,-3.6309305876509987,-7.933939012853901,-0.037935233697743875
589,-9.213614097666643,1.0599493715189494,5.082923530554172,-3.472682428536653,-11.741559654384625,-8.200245985306202,2.033535855087236,10.739653714445817
590,-6.92090231451203,2.441628676880331,5.057070463917443,-2.889666998883226,-8.60395903980877,-9.034779231864574,4.794320880001205,6.0316764369350135
591,7.966073583181173,-7.817790909256705,-3.441388785758678,-0.08871094953552605,9.730172757836428,7.49399675175718,-0.602491789207215,0.1485873110913054
592,-1.4033011837555291,6.885669732337309,8.687484938656443,10.566470068217122,10.780818056714633,-8.413564547105691,-8.087033692218712,-1.7393582014372888
593,-2.5650454996795844,3.0999475189395342,-4.802653057378542,-3.379148728032699,0.6261569151819385,6.74445380646117,-1.966088028123398,7.079892225943366
594,-10.836383708748304,1.5796017368297686,7.357366574802866,-1.2761334743133008,-10.714959345343214,-5.537783749019773,1.6156160984810757,5.179194307267805
595,3.5096025375121154,-6.795835879004165,0.9897950759776686,1.2747213928150374,-1.654061995707111,-1.4350291894398297,-6.533713158522254,7.0882781858038495
596,6.525119001442476,-6.253337493904026,4.058448158546383,1.8664801880261734,1.3992026394802812,-2.3115692017212655,-11.44380144317511,6.722794311067204
597,1.8659516784563785,-8.474834779597312,4.279963822398949,-5.7666067679957305,-0.15268716062049834,-1.0211698497758328,-7.417106462279257,6.1395281491611025
598,6.360222746526154,-11.691483228773713,6.522135049954928,-1.7922376524236787,-2.748325264611953,2.3428077109032626,-9.90475170698716,1.0672850057722818
599,5.817642951759515,-5.979448378326779,1.8484364689949682,-1.5530731537301383,0.15050168373578313,-1.0280723783683778,-11.2271245197143,3.9827183474094676
600,9.415213808852195,-3.0531247150671246,4.70015522018759,5.38146719631866,-10.724525615527355,-10.010036613211353,-5.102298653957246,1.732969967942882
601,8.191965879120646,3.7299673719323736,5.740682446323607,6.051088164856163,-11.410410784534415,-11.24184699427925,-4.8466988340508514,2.233069083436969
602,-2.107466142373369,1.9230993502809066,-7.438800489032629,-3.788016037716912,-1.2058787703047136,9.553076434820992,-4.139471821104406,8.264214717584688
603,4.427293314381512,-8.065188688102634,1.7906777963421923,-3.6844814489899855,6.548633295898842,4.8341450018770935,0.038878510372088504,-1.205662517994061
604,-4.684951394459443,4.9988774763081825,-5.375360216123678,-2.6402796977130154,-4.029030199438903,6.620643681362221,-5.023325202447392,8.735662255319994
605,10.818593571335708,2.8511899663058164,4.8680196174447765,8.262284591200762,-7.831712393942533,-6.033475482686644,-3.278979406370408,1.047782437201647
606,3.4519652180972518,-4.454632562304283,0.2943374139655446,-3.1682459150919238,6.141399879490214,1.2876686811356812,2.627656030260526,1.258343642880427
607,5.49529203101016,-6.928973305378015,5.504358099497328,-0.20609124715227933,-0.2760498921072925,-0.2413856733603372,-8.800894608051822,2.901753419557036
608,6.9255097380919,-6.619333362692303,-1.5024168519558843,1.8567470207821106,9.410478932843356,5.839862327012928,-0.7905345684363583,-3.0777134582013144
609,-5.322218780785324,3.2304486745790637,-4.919099006901989,-3.488093832855734,0.0561705641377412,8.97695529560736,-9.45188146382759,7.98320039038497
610,4.20710191835486,10.21384340439045,8.043657532346778,6.202468124124971,11.00962327261514,-3.1004415517105803,-7.264948141518318,-5.61675149059841
611,-0.0038493479420380616,1.5112360411800052,-6.930453239228004,-2.9196296953058978,-1.1536542387513944,8.850183549128225,-6.793269910970424,9.827531023314842
612,-5.915918493089059,3.685532498948016,4.027026036288243,1.2161058829984301,-9.884072363537603,-8.680117771499214,3.9020323990229198,5.6789328609840375
613,-0.14172807714371283,4.051694128288193,-5.3358580128141035,0.11938805097585359,-0.9061026829742108,7.994011368832015,-2.8995578004600415,11.506324706531194
614,-9.570869695407136,1.9798595889709885,6.648594045747826,-3.537856922746227,-8.43425964532311,-7.085875961770987,4.759266519375795,8.592058439378997
615,2.614108787020403,-6.539436287070657,-1.3122700422381113,0.7235968421241239,6.767255778370847,6.245950120223677,2.866423554674645,0.02890398261313165
616,3.6124819076835113,7.039088494785969,8.023105573806847,7.686640008332763,6.233822018321639,-3.727189328426106,-10.981926349241508,-6.120331390633171
617,3.092180715462164,9.489776522431113,10.905808084937352,7.2148335784989115,5.64090580893691,-4.852457782358378,-11.12398163856657,-4.7670855770436065
618,-4.545489363443144,5.5543724359948845,2.935703952862076,-6.08598237578465,-3.7531378768864805,-8.504596800633161,5.38086320431211,2.4662900144129836
619,4.58244500810271,-10.281688719393522,3.754010112369193,-0.1159355504490387,0.20078751396674804,-4.198223399898135,-7.190723479629554,3.8179036466067116
620,-4.075934181087838,5.223460227280098,8.981838106181023,-3.207731036208461,-9.318213640884867,-8.654483540571277,-2.005897508142529,4.687591310328247
621,-3.9796976765234238,1.9839382123224687,-6.452830851893289,-5.708610811390857,-0.4920951812549373,5.37146890805659,-4.992544067586078,10.930315254980648
622,4.04368853710978,10.26465250308438,7.819646213719855,6.978562346027692,9.821490437715719,-1.6979052258364034,-6.263929359058822,-5.8754832359535385
623,-3.63903764775203,3.586618683251344,-4.3567722898660035,-1.7745548241122255,2.5870231473100187,5.334260000627408,-6.151907386310946,12.571380253358274
624,9.776012657827552,1.2167272343313638,7.673622966241243,4.719842745838772,-11.915897263177772,-10.522994941799418,-7.614314979003844,3.222663460355889
625,-1.1877144671538569,2.667147477830923,-4.61187627149298,-6.928677545306993,-1.059344967817374,7.51565716909822,-0.6190041778833457,10.04930397413076
626,-6.963262662478443,4.1780465964069045,4.091271547439739,-4.4029563039512745,-9.491123640747805,-7.707455483126166,3.6201751553491444,9.48291571904191
627,9.772625884394012,-1.284038898788744,5.590275584539465,4.273871967399142,-9.823575674431101,-7.39938481222205,-3.22666710787496,4.544712138872357
628,-0.8883991432277512,6.790245876156841,8.954244583062868,9.143665869104694,9.277385249508326,-5.782773256188255,-8.101023530178264,-1.6970630995950673
629,-4.056067828552101,2.943941992326063,-6.950133580218875,-6.992412102056995,1.3986046656183153,6.439035363409873,-5.327410247718989,6.035579289966064
630,-0.5138014763120953,6.669104118046058,6.941193370311242,9.792741886472824,7.436007354676602,-8.06656848587472,-10.126384087396689,-4.417304941637765
631,0.00725543540947815,11.182704447378315,8.726690244649035,5.631799771118121,7.549822548395214,-2.3072509894642956,-6.8238126319280505,-4.762291042127349
632,-5.708139490100099,4.222555847143629,3.3719059603721986,-4.243939992605914,-5.173938801389161,-6.672414777496485,4.9408607751137055,11.152275065803554
633,2.8939898237307338,5.889619566099263,5.378018852713479,7.668557506004575,10.033241385364686,-5.034193956557161,-6.970196769866717,-4.602684528238573
