,x1,x2
0,0.04456824785303379,0.9766396668494151
1,-0.8679806194537156,0.7480680836631339
2,0.04793746879195447,0.06382745890954178
3,-1.0681742920639263,-0.010690248436887734
4,-1.1294816104952918,0.22965801330540273
5,-0.015839286490585497,-0.14500167109360484
6,0.1896932623243926,0.3316653228412474
7,0.1183262863463493,0.15769429469957952
8,-0.5684276977759775,-1.1838959059158158
9,0.5527057732893745,1.223459230446498
10,0.6124667686151886,1.14556651827553
11,0.6424996412916147,1.0905941838813422
12,-0.6104819391448955,-0.9492369928401913
13,-0.34308282133479223,1.9737609199897994
14,-0.8209720692918092,0.06982765683966848
15,-1.0041625843644206,-0.19733556454321274
16,-0.6448463548148765,-1.1244908225599843
17,0.21783617709823547,0.25110364188301626
18,-0.31236335200039544,1.913835154652268
19,-0.08962208091651347,0.2651355642048123
20,0.14353401865595883,1.6641524132424903
21,0.025337191778965554,0.05245678817526296
22,-0.12152511083905554,0.1716694762353974
23,0.550980681432623,1.074017354480508
24,-1.0960759910495537,-0.29302363953097854
25,-0.86007729987454,-0.22590930077650462
26,0.09138790622720075,0.9256888930310991
27,-0.3399754136542202,-0.21650479647239007
28,-0.7906726493115434,0.4863275552271646
29,0.2695435928783787,1.703506241147291
30,0.0025823267003731443,2.0141084891941485
31,-0.2746542020948042,-0.9626941985821286
32,0.4315991367752302,1.1494559788629406
33,-0.08169733800052116,0.22698036951841294
34,-0.07106154826133468,-0.9355484332142112
35,-0.8168833268709034,-0.04583200810765185
36,0.6041558158722746,0.7913767674250818
37,-0.2781569031382371,0.6719159759867555
38,0.26111047872064597,0.3032038333486596
39,-0.23558616190222387,1.9588908129914446
40,0.18236532922646323,1.4250988302416465
41,-0.37782578177698206,0.9377536798506971
42,-0.4689446253361143,-0.8406381696199556
43,-0.7591304930872257,-0.3523507535580477
44,-0.8411385194871311,0.4538543767148046
45,-1.1101120263683428,0.40416034285211094
46,0.29598927988464296,0.8599097670494317
47,0.0013317026939517196,0.9342174662174351
48,-0.6825165042260791,1.1060388301308948
49,-0.8692987079866519,0.4433908875053904
50,0.13958605113584716,0.22586854598578499
51,-0.9932917676140424,0.5231773016864754
52,-0.8183504569668657,0.5139169040012883
53,-0.39983368097239125,-0.769257014876835
54,-0.9639137646376355,0.6783743168426797
55,0.24954423169027895,0.10950177951144063
56,-0.15310531561689705,0.35384897603218723
57,-0.06313195488092957,0.1082117453890322
58,-0.13990085157839582,0.8906023479273483
59,-0.13909977803935072,1.8025192235487333
60,0.6669621201057954,0.9069130312732432
61,0.49202787428539185,1.2929810352492817
62,0.7523284701419628,0.7373999011401864
63,0.5983327887860557,0.5111692218530083
64,-0.11550757112322185,0.4435814118924221
65,0.1742920921246871,0.5546316505819961
66,0.46333076553026353,1.3135159473967943
67,-0.932115256149762,-0.6286646795582511
68,-0.1777412578699079,-0.9982454112756706
69,-0.53267082781152,-0.7420692623702411
70,-0.9643225048095896,-0.5603521185627534
71,-1.002328510924091,-0.07921984542343091
72,-0.951154505426081,-0.0003242939917559584
73,-0.5392533749489217,0.915521767671716
74,-0.8232318156521227,0.5215120100874406
75,-0.5733713302745226,1.7761899116008428
76,0.2791286763188128,0.6816386658396508
77,-0.22950027591855043,1.9430358770045097
78,-0.00555080136218819,1.5298198576604065
79,-0.34391864565148705,0.842083379786213
80,0.45985159780259866,0.654830239120869
81,-0.9090646879941482,-0.16199925067276502
82,-0.5038548319758699,-0.8585036253236443
83,-0.8185687950253976,0.6325051974547669
84,-0.5774425235649098,-0.7095608782858488
85,-0.5598987032879648,-0.5440914829784675
86,-0.08467445652763633,0.14025160124592462
87,-0.5427863738044902,-1.0137922467600546
88,0.492875915042061,1.1797317207226992
89,-0.2826097870994419,-0.10067738834412399
90,0.4115575421726583,1.5714329437480976
91,-0.9127738591790843,-0.045686160753510605
92,-0.9411952959015,0.8757818840770585
93,-0.15252684908474462,0.05749399861268786
94,-0.14599996922339095,0.646218961495845
95,0.08432766432931131,1.5017624187355492
96,0.6210461593353425,0.741713670489737
97,0.051178749611075006,0.11566881400890366
98,-0.31274247505792985,-0.12794988261121146
99,-0.7036534843711383,-0.5425483873402775
100,0.16939905358776258,1.810521863823179
101,-0.2218738646683695,-1.108787430524575
102,0.6840954522867911,1.0350820451235578
103,0.24869104244825802,0.3299206393536665
104,-0.11212616415055797,1.947822829126172
105,-0.19388054202318633,1.689621219760427
106,-0.8473862781179163,0.16624836950232746
107,-0.7407809817828291,0.6493407401578862
108,0.1745172762067767,1.6950555840991222
109,0.5383165986845471,0.9347463721217663
110,-0.19030390673108333,-1.0473438139507638
111,-0.9057175086563078,0.6832922716012559
112,0.05577886248791955,-0.894038315576532
113,-0.06640224815736717,1.8429088655113712
114,-0.4977625897013054,1.2085955579006016
115,0.24153032209229805,2.0358702019945367
116,-0.8972873647176784,0.36975821342448445
117,-0.07877515792211551,0.9695093825858835
118,-0.017000802483833982,1.9015271152597404
119,0.3859452512726047,1.391875760777296
120,-0.1524431430744093,1.0177437168602308
121,-0.8809886640946551,0.5832791986661174
122,-0.971206193138894,-0.1344936746048369
123,0.38695209720652163,1.9823452436071525
124,-0.7189872986889103,-1.0485630545478988
125,-1.4515933135377215,0.17443938551083205
126,-0.7565485414547372,0.6331290959200422
127,-0.32865466846242636,-0.852705184784547
128,0.47463212097228696,1.6950209177298123
129,-0.07840181834706436,-0.6906141146667302
130,0.6627347577882826,1.00190145432395
131,-1.0932804974205657,-0.5243641708824943
132,0.13461819567261712,1.6273055407910226
133,-1.0331418933663437,0.20914267904224176
134,0.5422159334521347,0.49844998853374295
135,0.21255201131385182,1.5826788517374664
136,-0.1380033959373544,-0.9080929519924005
137,-0.8970906557102082,-0.01069689311092352
138,-0.9862909730537812,0.46579349863848685
139,-0.5593682580524411,-0.7105253416872181
140,0.5075588399511725,0.9063129195647437
141,-0.11518609635616445,0.7605594666137058
142,-0.0632470039637752,0.7372019247662744
143,-0.8013875577329553,-0.7258216722159428
144,-0.7045889599310738,-0.3000831171463502
145,-0.6722567724734153,1.010912040753415
146,0.07866887419786606,1.6427909690737992
147,-0.07422804637214968,1.069062676021165
148,-0.16850722068469534,1.1017263393279564
149,-0.5252289239582775,1.2098396300674559
150,-0.3357399021184125,-0.1806914813908154
151,-0.8303877205420951,0.04495137166127089
152,-0.6759647423046631,0.34050926399522885
153,-0.5850107478062755,-0.9224227633297755
154,0.004936154405000656,0.2625019212340569
155,0.2716354815249168,0.694002004683674
156,-0.5982063638384987,0.9508108863734775
157,0.21628713124240467,0.23479561258884402
158,-1.0160902181817517,-0.10529768350837747
159,0.01865240481684692,-1.2283621287117756
160,-0.21565699778637865,0.22239145347910352
161,-0.42783628304331556,0.020336470537121575
162,-0.18620611087768008,1.9162210560007444
163,-0.06005437203398317,-0.8889908175733517
164,-0.7508531314776891,-0.968449180206381
165,0.2977459634581203,1.858250988864957
166,-0.21852995781376233,0.07953321229585492
167,-0.6653498851109306,-0.334077657010348
168,0.14135458854381786,-1.131500041897344
169,0.23104736986263136,0.3024564996103321
170,-1.0237873327291378,-0.07019217132188257
171,-0.018693858924483622,-1.0943987793739216
172,0.5404556503226507,0.9472227122841234
173,-0.21941754978991718,0.02068814177429035
174,-0.17172446764212312,2.1003944154369956
175,-0.17385634692098162,1.9545226583114512
176,-0.8181773391932144,0.16287953008372374
177,0.6825068101475598,1.2262050729349603
178,0.3690936018848103,0.7776226311692227
179,0.013213997579737097,-0.9237840448541028
180,-0.8651282657089127,0.5465606255515135
181,-0.2811458198405373,1.0165119822526043
182,0.18772094752517016,1.8122266008749892
183,-0.5133046956046143,0.8309491461249231
184,0.23687113708852003,1.694029312705823
185,-0.26276064633991847,0.9196026486736781
186,0.7764858453907678,0.8332007614726722
187,-0.6694210342487961,-0.7817225517452326
188,0.58576430249018,0.8659144286724905
189,0.20447726359242452,0.46830113875964086
190,0.49053604578455146,0.5992663962031483
191,-0.808144182899234,0.14193966791270476
192,-0.8219288250487411,0.5234883344619599
193,-0.10442709142259606,0.9250276452050932
194,-0.7425023593682343,0.413878762836205
195,-0.29406921910346295,-0.8919101534823961
196,0.025454255719821406,-1.170398798732683
197,0.4822159827264993,1.3577332595705607
198,0.16435700833927147,1.9467812682052164
199,0.12585225187423907,0.1304925850247613
200,-0.04553641771416357,1.9442642626847784
201,-0.44902603665878965,0.7429077777288298
202,-1.1792549987817367,-0.16973475206587166
203,0.024443350541696662,-0.07478768088546867
204,-1.061999455163166,0.5618081340141834
205,-0.09520732559028912,-0.050667697649458276
206,-0.0181407930858766,0.10938054561633566
207,-0.12309391987534808,2.2312372593694763
208,-0.46972124382799535,-0.9923739142922396
209,0.6629767493962799,0.9589377687864331
210,-1.0012237956551948,-0.6014362074220587
211,-0.580239077407647,-0.4664332568345369
212,0.5752951492143682,0.854697326393709
213,-0.045449811208539,0.22236973957244013
214,0.4228058860042984,0.9284292910975208
215,-0.6172495792522682,0.35654178873275266
216,-0.1990594573080798,0.23474968881249034
217,-1.0827575934834348,-0.022143770966995935
218,0.06322472978623572,0.5874948040523069
219,-0.6295538346567704,0.6267822324626773
220,-0.15939505021524425,1.7877623207064492
221,-0.549005231822955,-0.8362348147654638
222,-0.12479095586611824,2.0149076913833968
223,0.026851856606732005,-0.942056914068289
224,-0.09266983909045425,0.14284808096218785
225,-0.44043227450168704,0.8587841375337268
226,0.3167478537790819,1.5509205070671586
227,0.32090959538787744,0.20234596551824996
228,0.4241497564925284,0.6083923323272009
229,0.6224919872967477,0.8387364011522088
230,-0.4753210268498338,0.1956211357233599
231,0.6499992203860232,0.588567241715889
232,-0.9980054222792387,-0.5667044750198512
233,0.30848795876552404,0.6302032139623128
234,-0.8241552118925193,0.058270951209739796
235,-0.9289921632963112,0.015365126811833885
236,0.4515798024715395,1.0658867751697836
237,-0.23615012435706478,-1.0918982683172431
238,-0.7952846163685031,0.5421572314438561
239,-0.7092202880191111,-0.4781475830341132
240,0.17453735879316296,1.6197854060089316
241,0.16824382748134736,1.4731956759718143
242,0.2991546700641804,1.5690207922881414
243,-0.8162390182264505,-0.30210816983644206
244,-0.7085635240634607,0.8064676436193112
245,-0.01946758205719884,-0.7793869894962651
246,-0.4642428789705373,-0.9841677575574461
247,-0.17684579432783748,-0.9546310167594022
248,-0.8837635340729362,-0.20560643853714977
249,-0.8593010762734596,0.44500161158988666
250,-0.3228738804970568,-0.9141926649859377
251,-0.9272877485920664,-0.47183720387136296
252,-0.6565581124845359,0.9468135676755227
253,-0.1098386839617185,0.9194928856198117
254,-0.9139627654797644,-0.13780572533377242
255,-0.35038783633245707,-1.1886433887130559
256,-0.8952290738916002,0.2535040327129921
257,-0.953969964031227,-0.33287302165250876
258,-0.8531176672903431,0.02412677640335842
259,0.5489429641557713,0.6736414640247268
260,-0.20094008211215714,-0.23390565728312807
261,-0.24061220918283474,1.9327296227641093
262,-0.9260693142632003,0.48119854412860874
263,0.617815289449898,0.507574889535942
264,-0.5766709752220069,0.5372117113517805
265,-0.3149449747205408,0.07967593912840994
266,-1.103135041741137,-0.5599881377176871
267,-0.4171800269924302,0.8323529598745807
268,-0.0823607197513004,1.0427539198579268
269,-0.313808338932374,-0.21339228090492643
270,-0.00520817830909423,0.059640147255734216
271,-0.4287796847183354,0.8292096850338906
272,-0.6095975064848698,-0.16434466675563364
273,-0.4213472167676349,2.1027652684115505
274,-0.9875224659505273,-0.39665246758268086
275,-0.8837671174200675,-0.10864668870407335
276,-0.772078050566897,-0.2272255334293371
277,-0.39514355825604036,0.7514278684388198
278,-0.4691915111542879,1.0780288931300082
279,-0.41960551680740366,1.0626429611051578
280,-0.8544968506618579,-0.40669502873143426
281,0.4916238442077596,1.0407485536250967
282,-0.13648198880178986,2.0029183136736557
283,0.33047427917226,0.384652329072931
284,-0.5670796273439181,-1.1694383038407146
285,0.7781483969279404,1.3210283458212784
286,-0.4691028015390767,-0.7831908101029553
287,-0.5523326016985232,-0.8114904911106051
288,-1.1586002945542482,0.2318366912066813
289,-0.42007666447176384,0.875364215052588
290,-0.4556425943293369,-0.20776704807759613
291,-0.32078816267067584,-1.048949508087747
292,-0.4777295308569659,0.8924302829033957
293,0.518862115332251,1.0808622770491787
294,-0.3070018883805776,0.046872956423474124
295,-0.9061307854216503,-0.4474930043549158
296,0.4509929863384341,1.1751775695182796
297,-0.7576474618933025,0.5982221214759061
298,-0.42819274073769265,-1.1841636842495666
299,-0.9216987186711069,0.06552580386723235
300,0.4380931265369595,0.576199701439817
301,-0.012868420239232292,1.783628958245542
302,-0.7468991777937886,0.0989325130709858
303,0.38357711649009385,0.32800945889013067
304,-0.18741426686560816,-1.1181657502089257
305,0.045902169512740065,0.41754694562353917
306,-0.3622856095760283,0.9990388276889391
307,0.3006180358720575,0.9414576080970685
308,0.14226057351914556,0.4142041626312519
309,-0.43764656539242175,-0.7411092572814398
310,-0.4290146366276608,-1.1307439157058776
311,-0.777143331118814,0.6243825619438743
312,0.3291040414810911,0.3321467854775287
313,0.02970094580945687,1.665786586137113
314,0.42883600377451364,0.5061840771264323
315,-0.8534407987486291,0.29085434815392225
316,-0.7210223068735468,0.8148911902011877
317,0.014945334272181844,1.793649762875498
318,0.3434692131370995,1.7058979111720034
319,0.44798327657763914,0.6636216034965129
320,-0.2637213802555995,2.165221235744621
321,-0.3621247128657602,-0.8734131226387167
322,-0.25559528152144195,1.7301153585955922
323,0.5467919432194208,1.5171221079447328
324,-0.9182005345078994,-0.020814848617943124
325,-0.5564757999689659,-0.03159842872004853
326,-0.4180141484713204,0.9093191348501498
327,-0.17468567223641365,0.8887559317771843
328,0.3191663319277004,1.9887389132681692
329,-0.545261730501614,1.1048343859938583
330,-0.7412008120322093,-0.8565588046182834
331,-0.10120540221722217,1.9226770361426442
332,-0.8479964183843326,-0.416780137562321
333,-0.024543088577801714,-1.0249404968696767
334,-0.06429728649821784,-0.9037282930648545
335,-0.28609861405449954,-0.8203225884128174
336,-1.010755571337543,0.617220002621804
337,-0.2064193086564049,0.1431377813726885
338,-0.3212759019912191,1.1715819333203283
339,0.42863983725622073,1.5127127996489886
340,0.4873171909601596,1.412812243487957
341,-0.2652864902139619,-0.7552952765041356
342,-0.7123459844341925,0.5763274900303227
343,0.2605441083705182,0.25645371950840073
344,0.44525338653564234,0.4952127916952147
345,0.2606857783189136,1.7417671100824452
346,-0.08752651156672785,1.663721683384696
347,-0.8519869145478438,0.45107644196335833
348,0.3895583948275271,1.8782998772728177
349,-0.2233082252107206,-0.12651338478083157
350,-0.3315781177681994,1.111315669292629
351,-1.1756249705830677,-0.4213180368796275
352,-0.41789521825521997,1.8635676341482181
353,-0.5988872649410713,0.9962515070919798
354,0.5875885750166543,0.9428072676808845
355,-1.1029640245372765,0.18643394965971707
356,-1.085225599694634,0.7940831915154342
357,0.10124832561005695,1.654922885930484
358,0.38134557246693124,0.7109088384477854
359,-0.36858488235837966,-0.727395661730352
360,-0.7553675288508135,0.5398074109193977
361,-1.1174685145526504,0.2736462793222345
362,-0.4066517288855357,1.0460091283173978
363,-0.22970437099073276,1.8989450185899432
364,-0.3507400685659191,1.854562149888187
365,-0.35548887972569626,1.8521030588367755
366,-0.9820743398260415,-0.558844677001993
367,0.14781879226843447,2.108970328174199
368,-0.7387053735954311,-0.5490318166552934
369,-0.7589751006935425,0.46646084399537624
370,0.16744894172461466,-0.0861564269911414
371,-0.8695303917388814,0.37814171587305745
372,-0.7381433702660983,0.43448348868804726
373,-1.126936806631406,-0.5976679601864436
374,-0.7292666257270843,-0.0023473243702214677
375,-1.0216075504414242,-0.6430602670325458
376,0.187150204644554,1.6022867745639982
377,-0.46543039554550825,1.9861164543981633
378,-0.3035665835704671,0.23901261074585664
379,-0.25182250696653474,1.7926348548591011
380,-0.7635375492532818,0.0695016033163
381,0.10563789155048176,0.5370096657704457
382,-0.6571236681255104,-0.7824330524819836
383,-0.06162651770565984,0.8867838921079148
384,0.3845203442558417,1.683658721676746
385,-1.093833475290344,-0.2807255992461629
386,-0.7975363915095511,-0.45534074327313473
387,0.5063967539969307,0.6744304500563995
388,-0.7859517826596892,-0.09732462120131537
389,-0.10911098677081378,0.9503587730925741
390,-0.12099115257713151,2.1319012049797834
391,0.2390973409089688,0.3896671817541007
392,0.3893132467775311,0.9512273152967309
393,-0.4059341140091546,1.984824951048547
394,0.3285060773453763,1.6099769078657649
395,-0.2604974979901543,-1.001992848582815
396,0.48797816665960364,1.4889908564872238
397,-0.17657727548705485,-1.0427967449838607
398,-0.46132496862495703,0.8311941949741223
399,0.4524704405292915,1.2977631085458265
400,-0.5614997843950806,-0.6835979142354195
401,-0.1856835572887881,-1.0605504211908303
402,0.0831781418130671,1.8569185810924502
403,-0.5559648066254517,0.4411982595783391
404,0.3148748643229087,0.7291986945941019
405,-0.2283528348932873,-0.2597553976026021
406,-0.7982522915195431,1.9993021222600416
407,-0.44321788905947396,0.69352510543422
408,0.17665908396408583,1.88290486742366
409,-0.9089703443965992,0.4639830308039893
410,0.5086472682396069,0.5056012263795717
411,-0.384741901741622,2.2016417140798654
412,0.17139841472739126,0.041450465722719765
413,0.6345506672807791,0.794771693543692
414,-0.9341564994960473,-0.3240141326696601
415,-0.166013044227584,-0.9168514447064302
416,0.3239376860142848,0.7474373627852149
417,0.5497249672773823,0.3552384495241943
418,0.5296743919303089,1.116128654564102
419,-0.9074334681538583,0.353743285059602
420,-0.8420648261292688,-0.04427954408293028
421,-1.04891520127748,0.05949855458924272
422,-1.0804002043352554,0.10798587431157422
423,-1.0294362330792766,0.09498464117616179
424,0.37428877749453493,1.768200765485542
425,-0.9170654060355775,-0.15138467814751472
426,0.3000482372477747,0.6406790098504678
427,-0.4448909265609413,0.019325137704283225
428,0.4290791554561154,0.8781737588030265
429,-0.7975138480665136,-0.8639852200836691
430,-0.7949793646273227,-0.3852378165720157
431,0.5978569834353381,0.6204010099110412
432,0.09582240519367219,0.9482092832732427
433,-0.9054203929309977,0.5571848887219144
434,-0.5334521089558449,-0.843839463704304
435,-0.5538594061756442,-1.0955402299673505
436,-1.1164266981514315,0.23008904628405502
437,-0.6142319218045881,-0.703326576741275
438,-0.20266467096501922,2.067399054918087
439,-0.8259067917986435,-0.4614257741977735
440,0.056796359995335985,1.608946941963974
441,-0.8738749485160151,-0.6343127591619604
442,-0.7643021594926374,0.6205365605694139
443,-0.4245346449853314,-0.6165483726491685
444,-0.40247620605464557,0.9571813811107073
445,-0.8916675449054027,0.2579041056509214
446,0.4076047716654499,0.9787298979799643
447,-0.4915506047399632,0.6863144027413155
448,-0.8416307501764072,0.019377657281150484
449,-0.6785036591318272,-0.7112142662582436
450,-0.4860814446976376,-0.6537590526958121
451,-0.9641562777785281,-0.42460994574476624
452,-0.6303422179937034,0.2592293642893062
453,-0.09847745557249539,-1.2036454890024078
454,-0.9892450251292818,0.10933348298691177
455,-0.2750046717746794,1.0229263814813527
456,-0.049494859083235365,1.7008440695169245
457,-0.1233870260104478,1.7651223454686464
458,-0.30679391765272124,0.9957641038212417
459,0.35538904986250885,0.15839388806572693
460,0.44572562431584484,0.30631872498932333
461,0.4702888824304656,0.6070799819320243
462,0.4444725467306948,1.650271516221702
463,-0.8126307320770609,-0.5218034392017229
464,-0.5288736925198481,-1.1110331322894798
465,-0.9183664375398575,-0.4660064446460385
466,-0.6260008070562122,0.8031657964796142
467,0.09227915845508865,0.039391133206311435
468,-1.007578114974659,0.42312784739494835
469,0.3546460172423711,1.7363645040571503
470,0.5331884650607136,1.1179939211495546
471,-0.804836489824683,0.15653491130470895
472,0.4764100081036325,1.0765507247621697
473,0.6122481057207974,0.5860683447393604
474,0.4778193997513086,1.4888788102154908
475,0.12917826758088702,0.5803428159396999
476,-0.4885668380482409,-0.824553084109768
477,0.29053992002381884,0.6845358793272158
478,0.24424648979557365,1.2219292538256181
479,-0.3116943073316275,-0.003412226007540216
480,-0.45378077036306347,-0.030979217745760193
481,-0.9076720337094849,-0.40107250243267256
482,-0.34699330425841307,2.064558244899868
483,0.12736369189086322,0.07603594647840395
484,-0.8416264458315069,-0.8634323779069464
485,0.22966441276571098,1.701665695600734
486,-0.6380404084676384,-0.9647810642529469
487,0.3690014774268321,1.300521829562411
488,-0.2631434251691501,0.8581840562661055
489,-0.5543769862780907,0.8675102377599069
490,0.49507787298076955,0.7200560091228261
491,-0.21526925288351917,-0.18200992205985528
492,-0.5157183716275304,0.8922977928275057
493,0.16507736976858461,0.3269719595125974
494,-0.1691060045528196,0.9816672797035001
495,-0.6639740866420173,-0.8169303111633023
496,0.34721253467916335,1.6151609223498091
497,-0.7597014495686176,0.15554481359548167
498,0.03897520732501611,1.8053768177389542
499,-0.7659460017379178,-0.23313498037389166
500,-0.8409617088530619,0.009351877772243333
501,0.327822344425089,0.38459104856338594
502,-0.5238398341539863,2.0167036198187516
503,0.23470933836768482,1.1208668288740227
504,-0.8753675789540389,-0.5552586983516128
505,0.6619467993196511,0.9264560132615477
506,-0.19377670646091227,0.023683275725461125
507,-0.06232326044572206,1.007204112867191
508,-0.1898811139888584,2.0902816371319455
509,0.38193936345327933,1.2264901992217325
510,-0.22213180595455423,2.05377793919688
511,0.43275327686343323,1.7087044867091417
512,-0.966030762006374,-0.21588993868531398
513,-0.1963694082602217,0.14848339300325322
514,-0.06877988373942867,2.1300656514389678
515,-0.10310157333404231,-0.1671875853362118
516,0.44926718475991667,1.3715702678567159
517,-0.1904064301357043,-0.032336361219682405
518,-0.2939196751252277,-0.9340630434868404
519,-0.3995572558197472,1.9418476572369134
520,0.2404602480151426,1.5972110838450666
521,-1.0840574302417245,0.14402648755289507
522,-0.942929488063753,-0.6341121468478786
523,-0.9131832899472618,-0.42325850620194094
524,0.037383129275029126,1.8340878221496
525,-0.33636643207999756,0.16424828654843518
526,-0.24568880860499126,0.16992803468577225
527,-0.5375753885606491,1.0900694634981476
528,-0.4508014864504975,-0.7309844081074137
529,-0.7965261301335372,-0.008847106420386223
530,-0.9123848674563839,-0.13787201807536198
531,0.4359990225937078,1.4929483651877717
532,-0.5964646022092384,-0.753877428054384
533,0.36689477277350413,0.9966451343376614
534,0.2061304262606514,1.8468294263449507
535,-1.0978473406408826,-0.04708958666116223
536,-0.769436010076797,0.8684299516683026
537,0.30576196721126087,0.20523645814305835
538,0.8143859737050421,0.6518136803525181
539,0.08420845890722009,-0.8511086818968349
540,-0.191800709623776,-0.8343521296433635
541,0.6381645712519832,1.246677328200186
542,-0.5091858582221741,-0.08064570990327317
543,-1.0333507169517298,-0.22586569149670027
544,-0.5383175396878406,0.8258040602393828
545,-0.9799901248797637,-0.12747237476160492
546,0.1253717521304872,0.6884488074198449
547,0.3679501239255974,0.8896524869677248
548,-0.9022679746826263,0.4384758669062915
549,-0.08779596547489979,1.3404664757711195
550,-0.8677948317245541,0.8004193922933815
551,-0.5672043212985799,0.9544967494203673
552,-0.7323334363944815,0.17040908691412543
553,0.05032745063565422,0.05801806342543783
554,0.22033688946612343,1.5975507788286478
555,-0.3247101380293179,-0.7966011342777626
556,-0.1303148775144471,0.8831032115462597
557,-0.08139683797605893,0.24821612623569467
558,-0.6472533886224668,-0.6055187803056179
559,-0.42174168029488107,2.1272191627516888
560,0.26023858278728984,0.5966756343669096
561,-0.8840640335287065,0.2213169615521998
562,0.06520189000854057,0.24071840086865795
563,-0.2583115889969385,-1.1517965342611092
564,-0.2468257300827341,0.7702391298923361
565,-0.628304387802582,0.7945165996736523
566,-0.9594845773279093,0.6139470399278482
567,0.7411638884201248,0.7507353883844305
568,-0.8256159776740095,0.7240448503369626
569,0.7440482372040895,0.9548774091219073
570,0.3835605762933948,1.4388571720460188
571,-0.18419947327578193,0.2978199283039169
572,0.5393596763766884,0.7011749780745309
573,-0.5231766664234596,0.7962881839593332
574,-0.5891909016700582,0.8201311574867101
575,-1.1146089780313693,0.24363743206354987
576,-0.022900643804348482,0.7305275788933792
577,-0.27704593218527396,0.8650492933938869
578,-0.12841139922088207,0.011495315462837764
579,-0.12534755802521932,0.26374100734329564
580,-0.12278528753966361,2.1050015047898185
581,-1.0564334522232888,0.08357800955224526
582,0.16206061840027244,0.11114938992799053
583,-0.6747549543624729,0.9507043601674803
584,-0.8786582055093495,0.6478874796314242
585,-0.8893539988901286,0.2404737425654584
586,0.3113171181019859,0.6135510161425705
587,-0.8091682112946268,-0.643456228752287
588,0.07957474536131837,0.7400157371769922
589,-0.6007357918814514,-0.6618471137360392
590,-0.8105162188789725,-0.6203062680343442
591,-0.5034914626728055,-0.5198376318827311
592,0.32400083450119854,0.562782250250766
593,-0.5027519453928677,-1.18842229974473
594,0.39754406942534964,1.2609981068896747
595,-0.16285821854817584,0.12712513120448804
596,0.32334942008131096,1.4960679095783944
597,-0.2041753130975567,1.2292513064900854
598,-0.919400884321903,-0.6523969588533042
599,-0.8642016899338004,-0.7376082316958299
600,0.29170548112400263,0.4254154649031422
601,-0.38110052352114154,-0.01781889509964786
602,0.36034158962853624,1.3981206671231128
603,0.09711215821173691,0.8587433047392985
604,-0.22215508053451205,2.152746329936989
605,-0.8923628938381625,-0.058401551937963536
606,-0.6624278716672161,0.5173704657032395
607,-1.1574670156864528,0.41933026906497983
608,0.36903498610706786,0.6560009045012103
609,0.13299577176790772,1.839709732732872
610,-0.7551287432218972,-0.37821681424317355
611,0.5536115078350738,1.1685720325472633
612,0.2427554249738004,0.37964576846573084
613,0.4812601226059954,0.583644502099819
614,0.3631804205895135,1.5472528250388469
615,-0.11515693252372222,1.8843172017552647
616,0.029590464670787076,-1.0066570196010403
617,-0.7734569288114569,-0.38851601398961627
618,0.10334545807450686,1.6293713293641592
619,-0.42297319546082446,-0.8626277369492754
620,-0.13027599940003232,0.01821564348082142
621,0.21331789313010324,0.6164499600907596
622,0.63324609132055,1.0803305423065543
623,-0.410095568464955,0.08594794645879097
624,-0.021264363295712893,0.020642926278315606
625,0.3289338038081262,1.511385015850696
626,0.22793499623707691,1.7156726967301144
627,-0.20191452471176993,1.0358028374645878
628,0.24386925928751113,-0.10220413573842277
629,-0.43193982353376303,-0.8458811114545061
630,0.2394490667677112,1.77698230945642
631,-0.6704117432536351,0.42990194177524443
632,0.25412364156814327,0.2471317791590167
633,-0.9715687300202136,0.901403756120563
634,0.2676940191915087,1.1875264760723958
635,0.25103925278703065,2.028855418192725
636,0.2508864206658725,0.8119081001413199
637,-0.656188581374264,0.7077400658018311
638,-0.5683114920475505,-0.5833002937093787
639,-0.3534310497032473,-0.9350192929282768
640,-0.8689435255424276,0.5531876532102413
641,-0.8094965497513688,-0.5636727839777206
642,0.032162411931989904,0.06881698785672394
643,-1.2915031839023197,0.39368223920457357
644,-1.1193618415858748,-0.20627953911222147
645,0.32843767496720144,0.4764600081349664
646,-0.9259200816890395,-0.02075606209824224
647,0.2925425905656483,-1.0011587237828636
648,-0.08465792765139996,2.100704757035485
649,-1.018466761855232,-0.293157845465539
650,-0.4759027720156587,0.6189430660081108
651,-0.7452875279647522,-0.7240203442813778
652,-0.08439458768260116,1.693224245371751
653,-0.30742386810622424,0.7194247832064067
654,-0.27141423388374025,-0.08665439414409012
655,0.5679964931278818,0.8563882183071895
656,-1.041147116905003,0.48230327849612836
657,-1.0571907618392973,0.238274195838492
658,0.42950342610035724,0.6692743811859603
659,-1.1249749126050463,-0.6035951844748833
660,-0.3513565691389214,-1.1558330370461087
661,-1.0150604863041401,-0.4750054014438717
662,-0.5313122111910422,0.7633108296056229
663,-0.5908030535437224,-0.7368092687347183
664,0.5157486530130345,0.9618472785377339
665,-0.535080313308419,-0.20051609719588162
666,-0.8068390488758084,0.5544881510658825
667,-0.07904639798286278,1.7438099339730324
668,-1.127995885701068,-0.21159653100603198
669,-0.20927090569731038,0.011928732545859161
670,-0.8955078920898848,0.049509384372968535
671,-0.03623641582078206,1.8548195395053473
672,-0.6903567412714451,-0.7721185280241386
673,-0.9753264509535735,0.4895860704657216
674,0.23139174839672647,1.624473840181705
675,0.5592032936218104,0.696773400875634
676,-0.12520628604023842,0.20504036149168714
677,-0.16241039352223294,-0.9732204480526713
678,0.33554446921282727,0.5414087957221292
679,0.11715980857406946,0.47777518719640716
680,-0.18959678251777198,-1.123651175131345
681,-0.2800686337548586,0.12255644533168136
682,-0.1615470638148652,0.08999291873347226
683,0.09608221000376761,1.943957931473214
684,0.2189229230430442,1.8073637224897419
685,0.17686944441969532,1.8660880931054613
686,-0.244218167285253,-0.8292187904567172
687,-0.7427327374454666,-0.852142495958253
688,-0.8519060210529206,-0.37247678077154484
689,0.03431402379759397,0.9288904481136974
690,-0.07369744968133486,0.11272401934881346
691,0.3769103280655459,0.3816815005824777
692,0.31291128182974265,1.3967091211251104
693,0.20726080249329953,0.8521938137139309
694,0.3485238045365263,1.0657686951635
695,0.2145127846758561,0.20629587020543383
696,-1.1777230731618433,-0.4081033208436664
697,-1.0528226777435628,-0.10879627972219905
698,0.7827801464605283,1.0303464475945123
699,0.3718328977016482,0.7444155494271637
700,0.5729426865744254,0.9757917000561844
701,0.47942514736322867,1.4676291575749936
702,-0.6953951602833359,-0.8516858628951838
703,-0.30138961979623835,1.0185518450384423
704,0.1504842633290262,0.6511387379144224
705,-0.77896398626278,0.29997292201707576
706,-0.30851349957224616,-1.1167565583777594
707,-0.23098314677359807,-1.023965354507388
708,-0.8730680466870774,0.4383361549847903
709,0.2955958406822565,0.7720783912104037
710,-0.839488634173453,-0.5457161601361973
711,-0.6735339711182513,1.9533162362173784
712,0.6160148810312598,0.8863342894387553
713,-0.9043581999225507,-0.28696153374076694
714,0.3864396460416491,1.204638917083046
715,-0.05448057705144185,1.9240047632189559
716,-0.31150596468064373,0.8836382927930607
717,0.16611038172326062,0.5422289828732886
718,0.37968708109435295,1.453967831097883
719,-0.09260665808989303,2.0445255704350247
720,-0.574784535342719,-0.8213717708895696
721,0.4267728191867622,0.4340641317982995
722,0.18705527180695808,-0.03865971557964232
723,0.46946421212299844,1.654684101874164
724,-0.5201370893534487,1.9205723481205557
725,-0.18793021608134391,-0.9724127668225285
726,-0.9553820101040759,-0.09112808975205194
727,-1.2035901018898987,-0.03944165788147881
728,-0.41409794551610557,1.8998690252226855
729,-1.1368636307192448,0.08584199501935141
730,0.24371131615697353,0.6111649207204548
731,0.6739150790810096,1.4781503862112846
732,0.2102123640103898,0.24937935354609297
733,-0.3482347555068575,0.03944840842543361
734,-0.15239171412634717,1.8616444302054387
735,0.5502285373274369,0.7209830463755549
736,-1.0509862040664266,-0.4542878421357469
737,0.38048199718655035,1.0588233245105343
738,0.10797504204721292,0.6333195830586633
739,-0.7670453272849491,0.732716067755012
740,-0.21086150287240987,-0.037369901555822246
741,0.8958664680106436,1.372276815250964
742,-0.5926596258770197,0.8440409279174323
743,-0.5368413478443819,0.723204733032508
744,-0.4535604564402632,1.1269765202485433
745,-0.499823708952272,1.8902572551791357
746,-0.5388673039123216,0.939479356029884
747,0.2849073577257901,0.32153524203067363
748,0.39297294079377354,0.6197180919619035
749,0.12936388370429697,1.7746016993575697
750,-0.40433377732321363,0.5171675944944407
751,-0.32188704213479286,1.7377136993995146
752,-0.2511842726000576,0.03780671014521317
753,-0.9444825914110007,0.2653702933474785
754,-0.05970286777682242,-0.06096120803040753
755,-1.0565166356445816,0.500435445851087
756,0.30949903465871637,0.31096218769311557
757,-0.2797541197703759,0.07807512226574426
758,0.17001719125003867,1.1499672959121408
759,0.44681249268028256,0.9746024575835819
760,-0.22667491055172437,-0.02771515871515917
761,-0.9129600398275883,0.6647090988731719
762,-0.005522157466365453,0.029440262618802837
763,0.3893089270122222,0.15516746238042267
764,0.5364738592844496,1.5960665246588546
765,-0.3689174188826561,-0.6913714926954966
766,-0.45502187244693976,-0.8533960009779817
767,-0.8755157728051697,-0.46318216471624074
768,-0.22246419076462223,-0.8112825907769334
769,-1.0308420720659777,-0.09088909072594549
770,-0.9326133769900931,-0.3005928439714285
771,-0.9419892818862743,0.5870486295383776
772,0.20801658163970607,0.03488656335183349
773,0.8323318537045759,1.0708776922938985
774,-0.07969139122559638,0.8518068662217599
775,0.24652385892870043,1.6052678207207245
776,-1.0203793123101668,0.3003701386950954
777,-0.0066885547768651965,-1.0341542748098187
778,-0.38865689647484924,-0.18778289301210924
779,0.42033558306082747,0.6413126893951164
780,-0.17804395004830317,1.921621948512592
781,-0.44385954839333247,1.0151771983123146
782,-0.7985971774732624,-0.6748338648553007
783,-0.35669218538736847,0.11230849932436511
784,-1.3484201403406857,-0.048595169629791435
785,0.5242139138374344,0.9684457106335813
786,-0.27498623832780045,-1.1754277955876216
787,-0.45321400646906773,0.9200001464441533
788,-1.240950008766212,0.3572387335777994
789,0.410958434704697,1.3630274409968086
790,-0.40636702656085094,0.8085892399951919
791,-0.9537315745198536,0.7073881339048247
792,-0.9463087904477001,0.5997291539104025
793,-0.5592644543174385,0.6567763893556458
794,-0.05764256596662722,1.7497916195009473
795,-0.994835241408971,0.6096413011076851
796,-0.1109546429022723,-0.2616186620307891
797,-0.15637723706083922,-0.9768561338764191
798,-0.5628443553634099,0.8247547306190792
799,-0.88523032062731,0.5276017705841759
800,-0.36484826894368155,0.744795269143282
801,-0.11807076935565425,-0.9836868022195253
802,-0.7936764393886666,-0.5221295372180952
803,0.2630480724022775,0.4670212098009661
804,0.34376938454488576,1.43725631269141
805,-0.6541209720381027,0.5979678078491698
806,0.2727121300037739,0.6799786621106608
807,-0.2506049155464583,0.07889932754971749
808,-0.7278854081789299,0.22444726656289973
809,-0.34788248534762023,-1.0204269993324604
810,-0.3655430841827248,1.9090274316434392
811,-0.5470930514954344,-0.8243620549224191
812,0.48579581557236734,0.7254569300463887
813,0.6499994267452578,1.8709011205610522
814,-0.7565690504509534,-0.44612112165811213
815,-0.8746143926927055,0.2262299805822538
816,0.388458069764071,1.347421285701792
817,0.29837404321203875,1.535804199838625
818,-0.31487198905738956,-0.009936596768877938
819,-1.1054742162982545,-0.035796610266790055
820,-0.29480862082058196,1.9663826666996844
821,-1.2986211654098971,-0.46427514844792717
822,0.07082422404396431,1.7114474226535514
823,-0.8413721788794096,-0.654402186026364
824,-0.4940894258109685,-0.6805463997408416
825,0.2742311768622872,1.5470332903574833
826,-0.04785364472183182,0.17990262097877985
827,-0.4940416103767612,2.070851653315577
828,-0.7221189617630067,0.30630419115530144
829,-0.43083568758632196,2.105647538070788
830,0.6587292299266567,1.1444935628589399
831,-0.7174783728982376,0.9622679597616374
832,-0.7325082682745935,-0.5087383306611368
833,-0.2444041394875878,2.0033829849673888
834,0.5119011179380665,0.6569076201157242
835,-0.691042315059025,-0.3442500712075396
836,-0.5215550324716818,0.7278430401635269
837,0.536429391456477,0.66622746442803
838,0.588613697756511,1.5025487650436817
839,0.5184969770383949,1.00882400065358
840,0.490719069683692,1.1312715426716897
841,-0.08210588601242223,0.8367947357889174
842,-0.9258210091852549,0.19928248849576244
843,-0.8769511210919395,-0.3475296005205724
844,-0.5785005889212094,-0.29250697083436433
845,-0.6889440317228244,0.5020198314241827
846,0.280829519970943,0.23679090392384702
847,-1.0805739115428805,0.04167606312746718
848,0.26519046058478135,0.5464355949781591
849,-0.09364514207617364,-0.9279302177356216
850,-0.9191550624465448,-0.5258546801072894
851,-0.2032999171575347,1.6927572877959811
852,-0.03342586654451461,0.14389163490607784
853,-1.1040439181719477,0.048507823499972264
854,-1.058894191177729,0.19553487882555903
855,-0.8452754497177213,-0.26325034927961377
856,0.2519084288003288,1.6210340339988256
857,-0.393041285769279,0.20387530704227658
858,-0.58297450466457,1.9825321891523071
859,-0.044597721466375875,1.8403282584245286
860,-0.6786427496552752,-0.4726948762873154
861,-0.4094327792991506,2.0186297906063
862,0.3512500108584371,1.8402645872602905
863,-0.8310065275817009,-0.6418233653383673
864,-0.6895923954026912,0.7560846734427387
865,-0.046412584533282675,-1.2288729513885503
866,-0.828774096317193,0.7194453002780753
867,0.16882488558781245,0.18908133320980014
868,-0.7683712927656338,0.3725410865330065
869,-0.4936670608798408,-0.7306781360706098
870,-0.5282259694199736,0.8657041030469148
871,-0.7774781427509223,1.1106036413674194
872,0.33576693718322936,0.7078358813621012
873,0.09660420895402227,0.23636387450848492
874,-0.5363465904677378,1.9376471801867368
875,0.3904155578505276,1.950619555647944
876,0.2628689089172203,1.5134650233846298
877,-0.8305450456677403,-0.621344572160015
878,-0.6121924377693699,0.7952522986040892
879,-0.906336734030957,-1.015877621131676
880,-0.8546187165374809,0.29072563320114425
881,0.08609101953037604,1.004379694238103
882,0.031172583740174065,0.6859001208597085
883,-0.4331100041482836,0.7931294569823288
884,0.06824513760456866,1.988514563021729
885,0.4405858652357248,0.31259209839834573
886,-0.2884324728877303,-0.7859485130341839
887,-0.6848079556751299,-0.9296336570725569
888,-0.4271888451681012,1.2685438360230394
889,0.2126175574927149,1.7666946363084792
890,-1.040887838060386,-0.6723142203616019
891,0.16713467174283897,0.26708446844504197
892,0.19933345909422578,0.46662391662932673
893,-0.26891688434055583,-0.13099960851129824
894,-0.34341971615879324,-0.7185570650103439
895,-0.5875815426342738,0.6898362103841535
896,-0.4968874951409502,0.5264832091700947
897,-0.10031435737071619,2.067226013704139
898,-1.287286242247637,0.5500734539222751
899,-0.7205944467153852,0.6796607640626069
900,-0.7516540152980209,0.35111066271965674
901,-0.7169584653063327,2.0143329445798566
902,0.5794307144071373,1.3770722638605164
903,-0.4147741258780562,1.9627572366686197
904,-1.2902899741286356,-0.16483204640023125
905,0.2680407072067179,0.7948516558495335
906,-0.25319818421795276,2.1098461391171353
907,0.5999007565502481,0.6387673444828487
908,0.022987073698293448,0.7043259708281508
909,0.3149637012905323,0.42178246989361073
910,0.24485868026377422,1.5201100278296862
911,-0.40178992810966374,-0.8179827469155438
912,-0.38066747624211333,-1.0779982857493775
913,-0.03590128697216582,-0.9304740903385236
914,-0.687431763858798,-0.2096197436575282
915,-0.29750158995350556,0.9904000022738504
916,-1.1005203266417543,-0.08886618248102277
917,0.21716683064382575,0.9268393782497708
918,-0.06662709217185908,0.41901760814674405
919,0.19365412537561852,0.26940981770212313
920,-0.19815339047848832,-0.7736516732620141
921,-0.15444689361577146,-0.9484969895950006
922,0.015065642393333467,0.4295728651907801
923,0.27298281581902417,1.9191720370379168
924,-1.0044408165511738,0.13740114005654613
925,-0.3056686115405882,1.0571155606188927
926,-1.1003399386339952,0.04325749649848727
927,-0.8493306398222671,-0.2651676094442309
928,0.2782043880657812,0.9343108479961538
929,0.01059376184716627,1.7272583001522126
930,-0.229588929306139,1.8426264073747116
931,-0.3089801032076865,-0.06793146343026103
932,-0.8711743840437082,0.40381298254906
933,0.005772513614081348,-1.0605996317486752
934,-0.5004151171174748,-0.9141828551621585
935,0.14914348741428168,0.49532574551419445
936,-0.8266728783956128,0.10266761663292898
937,0.5386451793063138,0.7920725892847498
938,-1.0171790453037872,0.08944221640276885
939,0.29274519726635195,1.0197809200524215
940,-0.38126666377087925,2.0192838050511472
941,-0.07861153521203124,0.9668849346273923
942,0.5875423762059647,1.2857603526642563
943,0.15744184859152632,1.6478933792055277
944,-0.6787662870875398,-0.6264797231677306
945,-0.43741628391784904,0.24580388086888366
946,0.11321652907481759,1.9529406643990552
947,-0.8637702535154417,-0.4279270305564564
948,0.6160879297841825,1.1590423480174117
949,-0.17525860397057422,1.9296792562329004
950,-1.0747849710380253,-0.48003741400070826
951,-0.7235346987248074,0.6905210878148176
952,-1.2148174088069708,0.6066245170321458
953,-0.27278093274679244,0.13799886180159196
954,-0.8214832021615701,0.5510935709600289
955,-0.3655658196006011,0.41411789688226075
956,-0.6442672009068451,0.21071493213538453
957,-0.8146252944077218,-0.28417434379211354
958,0.5853472315724589,1.4577442437700685
959,-0.7338110255549624,-0.799052327062167
960,0.38880999139937483,0.49608923945818606
961,-0.858111230088629,0.6174017266322689
962,-0.18093163012001107,-0.7115851689522618
963,-0.03312889563037437,0.3998732747617604
964,-0.481011994772371,2.0234001551817076
965,-0.27441599267882777,0.7270809175950186
966,-0.5895259105083164,1.8651710583494356
967,-0.5480544429295837,0.95024355532109
968,-0.0740433707576765,1.1586492657013532
969,0.34888889546273066,2.0468554222359487
970,-1.0691082885714924,-0.33959383054658154
971,-0.2450593444781682,-0.8830771746387105
972,-0.707124096509674,-0.20860852240209338
973,0.4652378600574715,0.7883728263889932
974,-0.764279502500334,0.8121380241459037
975,0.6530938269578264,1.223072734769779
976,-0.2642126770133645,0.19379046188470445
977,0.516085189843799,1.5746365783733964
978,0.06914181638929431,-0.0619096285169779
979,-0.5369252106727247,-0.5838681510465558
980,-0.9521916975707293,0.22776924771261628
981,0.043190430062499896,0.8734950544963853
982,-0.3140798523986933,0.9297316945206759
983,-0.5384945679877936,-0.00992863683387268
984,-0.6228587798986893,-0.5766491091029772
985,0.33283824276485907,1.3199223160436184
986,0.22748626436147207,0.4739055386341388
987,-0.4573950065367397,-0.7036621321025885
988,-0.7959180053986007,0.06650421477956858
989,-0.25217693199108226,1.8710724621795443
990,0.4424888118220578,1.80674067193403
991,0.41340738906811847,1.2718384842008121
992,-0.8557276610904847,0.41424932852874097
993,-0.12012516777543428,1.7830385508244844
994,0.41093546816110527,0.19965227661941365
995,-0.6796119156970335,-0.6386750168979374
996,-0.8184809783677423,0.49611612742527855
997,-1.0262726907851456,0.05546670212878271
998,-0.5276244531428949,0.6194881304855727
999,0.5259758428825931,0.8008912177892367
1000,0.1520061259269185,1.6846600965237366
1001,-0.7655772909136926,-0.7425638149886246
1002,-0.9159840805450798,0.33744390951422576
1003,0.4914444565357814,1.5459384092644883
1004,0.1440051226842651,1.889077144467913
1005,0.7224103771948345,0.6574012492557639
1006,0.02179394408289914,1.754108824947038
1007,-0.16877166630954443,1.5779520463833363
1008,0.10118204193009211,0.2552112751568891
1009,0.17674808220599425,0.04656867807506403
1010,0.49852061000459835,1.3439928279175457
1011,0.11803395169565878,0.2922227531287978
1012,-0.5393681609666379,-1.189779259753004
1013,-0.7503226344107791,0.44118272679192494
1014,-0.32170079392229833,-0.09139561898860478
1015,0.3478896399293569,1.2311948822237369
1016,-0.8922204253271451,0.8622132060765537
1017,-0.44383682015590803,-0.5651230726261173
1018,0.3860904717781387,1.6502153454513058
1019,-0.2486762007035736,2.1897898824115165
1020,0.472671505487163,0.731538046987148
1021,0.3451067350166089,1.3811992099607089
1022,-0.8171055027576976,-0.3874669528439937
1023,-0.9716513801647887,-0.09256380816592878
1024,0.32305062474596463,0.5956536958959295
1025,-1.21492908941249,-0.01920025572334201
1026,-0.17008422050621877,-1.066268299730544
1027,-0.22061431631908401,-0.7529753278621885
1028,0.5552322754434502,0.4265957881981389
1029,-0.36300909037594004,0.7412254659504172
1030,-0.15321272133362224,0.9094260051684486
1031,0.5733107376632174,0.5988815342964113
1032,0.04694146318445043,1.7011943068002628
1033,0.314801786824438,0.45681386367888016
1034,-0.1914323995348553,1.1203462592582625
1035,0.20360368531355025,0.38821146355527714
1036,0.24364450569281162,0.1761715010690682
1037,-1.0107849768970534,-0.048696001790588875
1038,0.6505142753202322,0.5888753734959306
1039,-1.034020344268909,0.2609929715685194
1040,0.5137196976122655,0.2878219377652994
1041,-0.862472284579484,-0.006876908525136727
1042,0.5598771137892575,1.2299625285220297
1043,-0.46735680716537664,1.0957928458302115
1044,0.22463179915260073,0.6944842160462723
1045,0.6936427903968224,0.913549672783522
1046,-1.102904042362437,-0.07091865240844539
1047,-0.02515256321536985,0.48858346743523196
1048,0.5154142085544873,0.8508028407854866
1049,0.5711584805848016,0.8246093251763218
1050,-0.6509173957400284,-0.08702784026687957
1051,-0.3783574654776001,2.122965864384806
1052,-0.39026591865385873,1.6318407121736331
1053,-0.4839167602911512,0.8428375827568859
1054,-0.2554199720931757,-0.7833626396300484
1055,-0.829978823040694,0.5126820270265826
1056,-0.35915850967463003,0.1892903242233376
1057,-0.6082749062794699,0.8181511650060409
1058,-0.6852731321152106,-0.6699916664381061
1059,-0.7988817085524051,-0.7639079724596679
1060,-0.2547343143229408,-0.9828751236195356
1061,-0.49701036017621375,0.33220822341130674
1062,0.169356941582569,1.879547048668365
1063,-0.9278691100399249,-0.9131821421359764
1064,-0.09749201631581719,1.8169668387697964
1065,0.2898233755817748,1.0200504060322815
1066,0.009288983970641318,1.6943098291113106
1067,0.28464659052113855,1.807529826573249
1068,-0.7841978482287704,-0.5271741431883001
1069,-0.0399002973281925,-1.0208171158669064
1070,-1.0362293271119825,-0.5615303682016914
1071,0.3468596295253708,1.8508836885268407
1072,0.1347491831343878,0.34384110899201586
1073,-0.20313010598112197,1.988721457693866
1074,-0.5617157242169744,-0.9550473597519523
1075,-0.7805855702915194,0.5492163373165605
1076,0.26925806925393825,1.3853993305386305
1077,-0.3216678265289057,-0.05754186718765365
1078,-0.46852490914106326,-0.8018634953241828
1079,-0.13106491581753904,0.8392897412355392
1080,-0.36502299119429443,0.6724934743480369
1081,-0.1543855139366219,-1.0693252412367291
1082,-0.1672162554874626,0.9038154513714028
1083,0.07366708963004559,0.5662711496501389
1084,0.14100600303231584,0.24665897567086933
1085,0.06885103150474484,0.3506174824678488
1086,-0.17060167187016526,0.9244624820950552
1087,0.27138496875525053,1.9428092499535656
1088,-0.2465351304607602,1.0358117864748861
1089,-0.22485912491518154,1.7749343350534699
1090,0.5281321363104741,1.2234096235782368
1091,0.7676970545076096,1.4070791978609989
1092,-0.8156999154162776,-0.4195026529101531
1093,-0.16877142021561986,-0.9234708789825704
1094,0.09984458692822622,-1.098486502323478
1095,0.22630985911528556,1.5172470634486654
1096,0.12088881256787726,0.08997893964041308
1097,-0.10822398669133293,0.19698142864597223
1098,-0.05979653366344587,1.9044086347696016
1099,-0.04219553012921967,1.8697178876065166
1100,0.27635811909096464,0.5248073906062339
1101,0.21352678863486882,1.4642600484476722
1102,0.14082942790078293,1.7889787443518912
1103,-0.9425398168210875,0.4676258396166173
1104,-0.3004948527824489,-0.9249598396189398
1105,-0.39151440260889825,2.0205186206014356
1106,-1.0925696439765367,0.05337314331137201
1107,-0.15829183726105756,0.26511087514026255
1108,0.1949835599609469,-0.012778102789606421
1109,-0.23978849436462935,0.3000964759990807
1110,0.4910544255132478,0.3898103844235419
1111,0.3878796246150736,1.7680563781592002
1112,-0.09665041325134902,0.8956505060692505
1113,-0.2590676503892086,0.14394660180946056
1114,-0.8793533247847374,-0.1645597112251065
1115,0.3267432676103525,1.7410970465282576
1116,-0.9340232210627879,0.6666392152686867
1117,-0.02657281526374522,0.044147613651372736
1118,-0.037252753997037064,-1.088275098604752
1119,0.32436605148219033,0.5060686808238606
1120,-1.0115218274825724,-0.7234923404702189
1121,0.2898909158753322,1.0545367373519585
1122,-0.19750526238092958,1.9232162734005147
1123,-0.7388626731672875,0.8710548387496909
1124,-0.8414459012915586,0.5203847690018246
1125,-0.8682047408251743,-0.6812680089462917
1126,-0.8407937033278231,-0.32668887146170145
1127,0.0310837598999672,0.027853984430239162
1128,0.04522992861355188,1.9792252065471378
1129,-0.5677362833230142,1.0015280081410944
1130,0.3644196289855243,1.321662641793558
1131,-1.007541604014261,0.007007823125556527
1132,-1.0000472385563977,0.282272319242437
1133,0.34403958710549964,0.7470457800337125
1134,-0.3342710776351859,-0.6783161749064046
1135,0.26453983159058136,0.8712269927878256
1136,0.3919093418042666,0.49408836357712554
1137,-0.15785029478601836,-0.21172022110062141
1138,-0.09733151872991742,-0.8342706770812705
1139,-0.12630052042855655,-0.9661460407681416
1140,-0.18002707181524716,1.083240102643203
1141,-0.04084287651919144,1.9682658226584007
1142,0.7405193411169202,1.0856128568496175
1143,0.004906498175513183,0.18902774739524433
1144,-0.3782602383914951,0.9790266766358228
1145,-0.3960975541232633,-0.06277156888770927
1146,0.02990543640391298,2.008076355639345
1147,0.20371722098130907,0.2979381467142155
1148,0.4032632631020401,1.6004318455133972
1149,-0.38904985786018415,1.9653137003726655
1150,-0.42605491040401455,-0.7393396758701837
1151,0.5980185697012546,0.5536392006399455
1152,-0.9444868624348268,0.312387713387037
1153,-1.0367137612212831,0.5909163232896353
1154,-0.2621373129194534,0.7075020098384319
1155,-0.49683527460604254,1.889875077240581
1156,0.01078954609996191,0.9591517470927517
1157,0.508661358204628,0.9361532425648731
1158,0.21701900481969694,1.6034277050936978
1159,0.5655729060284465,1.0206038038108582
1160,-1.0587981414399439,0.19876865902685897
1161,-0.7162331306892071,-0.8042880624846791
1162,-0.23793529229645483,1.8132595620191148
1163,-0.8364580723224229,-0.008705030955621723
1164,0.3566035086227297,1.699338487426457
1165,-0.8840321640174476,-0.8122933559283285
1166,-0.18123945236848482,0.978411098022751
1167,-0.22475511481868005,1.8901712651409903
1168,0.6934580388934922,0.8103346155577849
1169,-0.2400731161735122,0.05951374766990533
1170,0.6036183924998735,1.5123773361079758
1171,0.1713908933056547,0.19628811713296365
1172,0.0597111721207677,0.3910604309033418
1173,-0.9369923784765987,0.14553816283270585
1174,-0.7220841483555603,0.8776391090406486
1175,-1.1357269337151241,-0.47192969382457517
1176,-0.19423584498512259,0.980108734234481
1177,-0.18573007096221922,0.7132821001151294
1178,-0.3983465799028087,1.227136767698695
1179,0.030812611896808027,0.08927632171822135
1180,-0.3967078876876393,-0.021860567300020672
1181,-0.0032770842363795682,1.5116818849754587
1182,-0.54101236205771,-0.8959094163846403
1183,-1.1505478248165772,0.12198789855728509
1184,-0.40404187427725063,-0.06047053993645082
1185,0.4061851992023507,1.522981100113343
1186,-0.15185539826534364,0.014603292029956926
1187,-1.1205434154799419,-0.25456338032533216
1188,0.27273855140459013,1.8555132595524964
1189,-0.40116240969788414,1.9719645217572983
1190,-0.710359978678933,0.5163918578924053
1191,-1.0969002277183677,0.5413071129315995
1192,-0.10943701127885122,1.1402610770175934
1193,-0.615062700310399,-0.6387594081627734
1194,-0.1021023083365098,-0.8824532739796324
1195,-0.30692355467379573,1.667400325494827
1196,0.4898897204281589,1.4863432147004552
1197,0.36421781974951856,1.196887862858045
1198,0.49160597615988044,1.4880074940417292
1199,0.4212764486837235,1.4228354029498949
1200,0.3393695968605677,0.8069080781550326
1201,-0.3852064126248922,1.1859756954234542
1202,0.3346330308726775,1.6160029524814834
1203,0.4422245422675762,0.6617889685157502
1204,-0.21076487545692957,2.0347866363436586
1205,-0.6884462147978576,2.2099501686520826
1206,0.4752637374534577,0.7725511145220301
1207,-0.00719269854707888,-1.031817573515281
1208,-0.8801981760063403,-0.03522895906543334
1209,-1.0734625018429778,-0.5846186007408392
1210,-0.9604941757523764,-0.6816624387686628
1211,0.3249262087158915,0.8627988795168201
1212,-0.994369210011852,0.31618649717377445
1213,-0.0955900493151533,-0.9882271023372006
1214,-0.12909208801595373,0.3779882741374294
1215,-0.6125808997182285,-0.5610578695166448
1216,-0.4130297248758735,-0.751856463479287
1217,-0.06782160771404883,-0.05058987756163105
1218,-0.9722344745267224,-0.1069513020034104
1219,0.364320054801135,1.5996196693751903
1220,-0.7007966735027782,-1.110901555342682
1221,-0.19833712679200863,-0.6833723135706051
1222,0.507641763464395,1.2206321291325692
1223,-0.346586078837796,-0.06624871678947772
1224,-0.9108003029940125,0.551964620842383
1225,0.24695075087415824,1.9621725787904016
1226,0.20669526624270626,0.278218573927413
1227,0.05561415567792345,2.0122504829439443
1228,-0.19914220995160603,1.3517802018267577
1229,0.4170181566526711,1.276719753568171
1230,-0.2122462759716971,1.8723546780415443
1231,-0.5432099638599526,0.8213161209841451
1232,0.23488545381607864,1.6698341492551516
1233,-1.041757814489805,-0.40783721532791795
1234,-0.7949746617461744,0.12993635773964374
1235,-0.8761221523807003,-1.092209754007159
1236,0.19887822254042892,0.4621988220771138
1237,-0.1788749603655946,1.9031656282594378
1238,-0.7855149993876884,-0.7276990808370395
1239,-0.8964168060471753,-0.44116297863121917
1240,-0.7207960455457987,0.6314083533630843
1241,0.32942511636709765,1.5209469873036243
1242,0.5301549345791146,0.6776411352973695
1243,0.5777832645139531,1.2551315458826802
1244,-1.0114137753919632,-0.15891319251617814
1245,0.28635644749462885,0.7147574554871311
1246,-0.5198052673485541,-0.6365419446705439
1247,0.5361278120708907,1.1449202726757521
1248,-0.6186881680753821,-0.685279556773099
1249,0.2592630457674485,0.3494005705057646
1250,0.3991960131329011,0.41406979765162266
1251,0.10016414113162035,1.2208089109918685
1252,0.20211024971723446,0.21034673054668201
1253,-0.7137212005944085,0.6567571077489909
1254,-1.0109998348255584,-0.35877328925827107
1255,-0.5093176276290958,2.070878694519073
1256,0.39413757592351684,1.053136007205619
1257,0.35728255902704864,1.7642631480418787
1258,-0.7185260930012614,0.8119486759341384
1259,-0.06679173742188815,-0.12064924976830316
1260,0.047491783305135205,0.9675011016997117
1261,-1.076854314324932,0.2009520610206727
1262,-0.6953835249530395,0.4702648895942858
1263,-0.5454777249872076,-0.7927747452289372
1264,0.40675936299657045,1.156013834006717
1265,-0.7479294160842501,0.9717787190173575
1266,0.31882516822180507,1.4631134031901305
1267,-0.26803136588215215,2.054926937708057
1268,-0.8033284944809667,0.610208025370846
1269,0.3144976263289361,1.6141670380633835
1270,-0.17243203938731583,2.1397030447538574
1271,0.501539703415147,1.538868142299726
1272,-0.7101844644399827,0.7531204074369646
1273,-0.06602975040422993,-0.9166138305519297
1274,0.42486252007883796,1.0370862172608915
1275,0.43499430828519503,1.7217949965979675
1276,-0.38491415436073145,-1.101635229140568
1277,-0.44751158470481045,1.0276147046543889
1278,0.5319104129999882,1.092392519934958
1279,0.10912035424140434,1.267018695794271
1280,-0.4037701011017971,2.03236360375284
1281,-0.9485418731451298,-0.3381461636412934
1282,0.31268653730023566,0.4370047043765396
1283,-1.1799597003191098,0.06730956229885854
1284,-0.7598601344739554,0.681416287149932
1285,-0.14217877216369762,0.4439477904882785
1286,-0.24158816519860649,1.1062621367850787
1287,0.44552878285291314,1.051985919600705
1288,-0.07350025660323273,1.898518696611708
1289,-1.2375596436488423,-0.24374625569059583
1290,0.3466224005906868,1.651925628159999
1291,-1.0481576136024155,-0.2875702778089194
1292,-0.6920726780551063,-0.8265847479485336
1293,-0.15615189609081723,-0.06453420328393258
1294,-0.1741878859690923,2.247230299347917
1295,0.4958032362228339,0.7476706025686446
1296,-0.7370320291701599,0.5984495089776926
1297,-0.6409169184749128,-0.5880875441826052
1298,-0.24895962330689228,0.16372273145893815
1299,-0.05719966817928607,2.0473401213822706
1300,-0.4580108048610456,0.23059708977574717
1301,-0.5016650001215216,-0.1703017653214013
1302,-0.6958034543898048,0.383374920953097
1303,-1.0873103770208918,-0.5432964395575604
1304,-0.09528783070511404,0.21545270055425714
1305,-0.8896103532311234,0.18113713744597765
1306,-0.6845528537389133,0.9632696317384694
1307,0.322176647519973,1.4967627946461814
1308,-0.6646783643835383,0.3296139465378211
1309,-0.35301880451042295,-0.8979730859360502
1310,-0.24619165880574712,-0.8587605501349271
1311,-1.041009357431442,-0.4132030871138139
1312,-0.43598597946711,0.014429762389052954
1313,-0.9716335821115578,-0.300109292676639
1314,0.5962212504746577,0.8851509773717119
1315,-0.9203150112789514,0.1761364871445037
1316,0.21768131783972652,0.2872704131619642
1317,0.41757693513564254,1.4779406868238834
1318,0.46277473612949127,0.5771834229053316
1319,-1.1496713390108866,-0.3897675322141265
1320,-0.8871237007077384,-0.23075393088701043
1321,-0.07412024893371272,1.994146169564803
1322,-0.2009037095318743,-0.8389565786050559
1323,-0.31092029835812096,0.8966790223471217
1324,-0.13075188843141947,-0.9650312462002993
1325,-0.007607266475697483,1.681909668082318
1326,-0.19331494724730577,0.014053299459132473
1327,-0.825788177742957,-0.6150505551093324
1328,-0.5505377067356065,1.9903592850544318
1329,-0.026344425328973742,1.9700039443874677
1330,-0.648316243558048,0.48863351281091383
1331,-0.8777486718326615,-0.22458213916054887
1332,-0.459791346751519,1.78287505681774
1333,0.38981226285677123,0.820455893416448
1334,0.6913718640149057,0.7018316979045397
1335,0.1160884795267257,1.555067352757664
1336,-0.17628380181277983,0.9753000027577495
1337,-0.6274103418094065,-0.876063792067022
1338,0.4194478840076294,1.0202346911931233
1339,-0.11785315742863167,-0.9767217114839211
1340,-0.42559351573890075,0.8290198894019288
1341,-0.37486747600560616,-0.7414843958358817
1342,0.18719041666739447,-0.2577590377773029
1343,-0.003089220487942995,1.0238421612273003
1344,0.38359330413605724,1.5935366043229768
1345,0.3072584988995403,1.6562934667628966
1346,0.3737106650622533,1.2177178382302034
1347,0.44102574766524516,0.7621626050386328
1348,-0.47292704819361264,0.0299683686620279
1349,0.1735376465829221,1.7805741982297079
1350,0.4739048459349215,0.9625238245187101
1351,0.4917865440456636,1.1231229647207763
1352,-0.18909639275565313,1.905181880614132
1353,-0.4537648391453749,-0.8932056232751246
1354,0.4362443839641475,1.3013108226580372
1355,-1.0036608164804797,0.11139241833346639
1356,-0.2751789346076706,-0.1485364057004263
1357,-1.0381192777029464,0.5942409973093737
1358,0.4978378292141008,1.4353971885196493
1359,-0.9053576143834894,0.6173341036271902
1360,-0.9596284738563834,-0.5129474926650743
1361,-0.1055303680846141,0.2242148782451096
1362,0.3749775441808079,0.15868266646417778
1363,0.7588409913494336,1.2144177541326417
1364,-0.7235387698161724,-0.6161185699589165
1365,-0.9552198080977564,-0.0021512096553444864
1366,0.23648559918214845,1.2419676384504117
1367,-0.9517709038178646,-0.1297741669744415
1368,-0.8804352388314152,-0.5800064928636343
1369,0.48046313953340897,0.8225367612145146
1370,-0.16749243426638355,-1.048589984932841
1371,-0.18019835411830207,0.8295764193623094
1372,0.5811566256329858,1.1379695928660316
1373,0.3930354135030608,0.6516846964429867
1374,-1.0187466964167298,0.23716078420308903
1375,0.5406324435973634,1.5502493211835238
1376,-0.5455614814370013,0.08813994463836564
1377,0.48633106152683964,0.9202516007691569
1378,-0.7299268818539021,-0.10916106537230563
1379,0.29301076924899166,0.9634022045486396
1380,-0.5252775486548024,-0.12560963637051137
1381,-0.09583291513916448,0.04870354173769367
1382,-0.7439680996146198,0.3851361040192207
1383,0.056895865092664824,1.9167212499764688
1384,-0.10772577035839762,0.7302168803596951
1385,0.2831765327578633,1.558041241391052
1386,-0.5491746383644424,0.8446319521098129
1387,-0.608198429732868,-1.2391230633918975
1388,0.21284827581393653,0.4921501996294064
1389,-1.0248004027595436,-0.2443446297071614
1390,-0.8350182909937302,0.8697945159051571
1391,-0.9097536889020691,-0.7479154522812175
1392,-0.5412419371873234,-0.5740845872718862
1393,-0.027832826935249147,1.9498638223072193
1394,-0.48952478688521656,-0.18650879504239695
1395,-0.08416986827429604,-0.04455524932666961
1396,0.055075570888009406,1.5805643194687082
1397,-0.10674078707591582,-1.1211998477184284
1398,-0.8732693418749278,0.6218350848162365
1399,0.07921860785658452,0.9243649537602858
