Feature_1,Feature_2,Feature_3,Feature_4,Feature_5,Feature_6,Feature_7,Feature_8
-0.07990055105648257,1.5204332681123232,-1.9359165937177927,-0.421866707412035,-1.3397191680112246,-0.4193650326625278,-1.3249235316027699,-0.5134932468873905
-1.903294587529599,0.12736357721531893,1.7882867528316337,1.2504897061928217,1.049604809739386,1.3299071038923085,0.16679222037847885,-0.6100574851334585
-1.36664144199467,0.06612904488654464,1.107608076499888,1.3540559469293563,1.1514134286654205,1.9075711595628428,1.089732711498302,-0.5786135584430241
-0.30107056084092804,-1.1665632020788856,0.8938053493413178,-0.9974482442950714,-0.4891448531273775,-0.7302288338511963,0.368365941100826,1.1058324118867415
0.3963943960400081,-1.441957738027596,0.10567020416305674,-1.555125549238866,-0.2275524405705377,-0.9132751582104301,0.6909280563072179,1.4359235780514572
-0.6558142820476399,0.17905703051379404,1.2288526800102757,1.4036992542090831,1.201657163688729,1.1054766111518548,0.37840915056637003,-0.4713830620336245
-1.3106208597910523,-0.2342069666061406,1.3638156758021813,1.5441295564512298,1.1246760621798246,2.049735878686004,0.1609298470534102,-0.2751335435526432
-0.612831606754529,-0.16096803660933423,0.8828068386930433,1.3601540206960694,1.2575521834092351,1.3881630036066974,0.2661374736820336,-0.40957668317147977
-1.9817294028067751,-0.24633477614289612,1.156324323327013,1.2537856738203217,1.3163156258954998,1.5934197645656178,0.3288569988592539,-0.5739112468478633
0.6520814404651272,0.6307073821369216,-1.7488822273669946,-0.18393919585118051,-1.0094445999193802,-1.125615637369091,-1.3471595130566933,-0.70609918575354
0.931159038314177,-0.7963543609720638,0.5727090206608877,-1.1586988416181452,-0.32525756727091043,-0.5573511936899427,0.20851456170287613,1.4658891767054756
-0.0856336473151345,0.8804972538196204,-0.8298895965914049,0.21029444337631484,-1.2010228238114127,-0.665900816476657,-1.62403603590533,-0.8787469960721405
-0.8458635373195146,0.5169873401941987,0.9670236878558933,0.951960590582714,0.7796979699791423,0.8404457672557901,0.28410729577073607,-0.0972842311287476
-0.8674832930581232,-0.33021534748588766,0.2349081693560935,-1.3845930317648645,-0.045194418404516525,-0.9197764206952598,-0.03505730028651856,1.1511074789807656
-0.36573983317260117,0.05851724934525838,1.0915222098556716,1.2296467918440137,1.2572932083685633,1.7062783068258425,1.0197893594858387,0.19621507518858838
-0.5979305175725849,-0.4229805222457131,0.1902814843356091,-1.2351247968183108,-0.3806327271908197,-1.2505563110842202,1.217734467905769,1.2682370127267697
-0.25532651112783467,0.9684519607018542,-0.9201400465487817,-0.005704839479498335,-0.6092312294387358,0.21810346203370648,-1.0883742016504934,-1.2336405767362344
0.7459857932692127,-1.229525082309964,0.771098521230068,-1.1658677940450983,-0.0458084199698972,-0.8004884706777753,0.3087635947096305,0.8574324220641302
2.2935031782461346,-0.6447627900717381,-0.11920716750606748,-1.2332961901294315,-0.42066334329225363,-1.0417736769176988,0.7800530199544825,1.5986802764875496
-1.4961050191326613,0.7398066746720494,0.5876941605886422,1.4016848636623904,1.1427456332435137,0.7016922992184451,0.7951569642982133,-0.6053172338326894
1.722607683749245,-0.699820388115614,0.04510918504062326,-1.3239080691902334,-0.4477753754884352,-1.2004493411092882,1.0035008130145937,1.007014174945159
0.41544234651730194,1.161181848899851,-1.5402160273783567,-0.32420301026071424,-0.6857210187519411,-0.7826798132766543,-1.3406980758146778,-0.8994836188267039
0.7128642965012637,-0.28240130404120717,0.6428036590947537,1.30860785508979,1.609467321680026,0.6383190582539019,0.4570396095426498,-0.5543126681032785
2.387990714169709,1.148339183632737,-1.1866161773560948,-0.30999180168642154,-1.1851067432870852,-0.9383655791710146,-0.646223596229952,-0.31246345879535525
-1.7723976088619202,1.2584955889594416,-1.2845124198469071,-0.12787576623241226,-0.5947495316961141,-0.5074736218764029,-2.194052670238468,-1.286031421696563
-0.034109592095352304,1.124129707311991,-1.2643849160052845,-0.09398403875236429,-0.9351581527914311,0.19347620478415803,-1.7283823577872819,-0.7464357118059537
-0.5535246627553583,-0.9076909894133176,-0.3096207256360188,-1.3345045645751579,-0.17681728415904632,-0.9254930569089139,1.7264144191179782,1.5825252873470843
-0.4375743478452837,0.35886585362773715,1.4752496801303265,1.7886048484920767,0.7747927918299743,1.9170114900245219,0.43982985007955194,-0.18666021109857894
-0.5983332974789457,-1.8846499572858633,-0.27234727150810856,-1.3078935786133281,-0.9928027444113006,-1.4549540403200643,0.7950612207478283,0.7945755722855452
0.8649993353875209,-0.9352600863252477,-0.4669185380584833,-1.317549398823711,-0.5757322288909336,-2.1113121887201327,1.0881461724255037,1.331352258271889
-0.9420371553483908,-1.1853344111232107,-0.10734269471978751,-0.7659453305715601,0.06129148718349399,-1.1953675895416185,1.0470829485037967,1.391868866883619
1.6761931626678805,0.8798789717267548,-0.93646283996968,0.14326700469759593,-0.9856555374262124,0.36217517818299094,-1.0363920087054705,-0.9591077298844933
-1.8075039174878382,0.5473301941152247,0.5689961001901142,1.6137558369995264,1.3902198362602654,1.227377358079668,-0.04415658009535466,-0.809371730170061
-0.10299480066453653,0.5243816311469194,-1.173752786186112,-0.0677765335034243,-0.5541566869430058,-0.48930429067148085,-0.81374139089821,-0.6254834403164052
1.0305446559766462,-1.0932692791295577,0.40535570648931685,-1.467330596187818,-0.43138278593683244,-0.7924597282108,1.5939589752386265,1.5778563347934809
0.1525133631455472,-0.23787215383133878,0.9169351241011943,1.3561758459557323,0.9947615023453534,0.8164471624682823,0.27638370051639005,-0.6242291880722601
-1.5928292163814488,-0.08785642148231833,1.4515131324030734,1.0098784597453307,1.4160189258182736,0.8956639179360047,0.07002976029239508,-0.28344483146498506
-0.16759462047147594,-0.3218317592201402,-0.5360635489779034,-0.9475829533574724,-0.7868746158188391,-0.09418052437406321,0.8189472075569975,1.043087090831057
-0.15446567779103387,-1.243554023890521,0.21127556604375192,-1.0381671615506403,-0.2960496834550197,-0.7189270494697402,0.8049124872026827,1.5457709096174757
-0.5735284810721918,-0.0888857858022938,1.3622526370559613,1.245491600486041,1.0418795691382388,2.03418200359206,0.7724521887598634,-0.6478158440312464
-0.4254989834116429,1.5084564177983373,-1.347316727015106,0.4666788948965109,-0.9979729660600283,-0.188694194281811,-1.0758834178291035,-1.413222616026365
-0.3537031454236643,0.9574388153086063,-1.1539018805920402,-0.27317433181414036,-1.469018343914947,-0.3904238882455969,-1.4567601459457529,-0.9084070145674573
0.42071075371738076,-1.2177631108306437,0.3654520863514655,-1.3483970127644012,-0.5615339821366103,-1.140144321480857,0.6885713142449272,1.136270480906078
-1.4778678349829553,-0.07797838070463715,1.3991762485613966,1.4840584497012275,1.5706135257546747,1.876405426954092,0.8530516335134608,-1.3303215233921661
0.37442802940606007,0.024221023701897444,0.9565630913244458,0.9877570539301873,1.2814362655853186,1.9936772676447854,0.8666847035972606,0.139068241725875
-0.9920216296944943,-0.39991973344510856,0.8428957428710332,1.1126526023412273,1.725321250037087,1.4090411794425786,0.9535989651722465,0.2040517383485092
1.1521823158855842,0.8077948651137327,-0.9270021071061381,0.07917028685079602,-0.7574564849969183,0.14803518303118932,-1.3682870505690061,-1.1046472512696346
-0.21903147589472327,-0.2480938752158685,1.2721002602839238,0.8771812610228986,1.2390907560049187,0.6046122571026415,0.7521384555987065,-0.37264069463912536
0.8282286278451713,0.9062743782572346,-1.3778196876808642,-0.20713724716398219,-1.0247056558106389,-0.6884395758521746,-1.198784454727786,-0.533288812466561
2.767994055853988,0.9760836780477352,-1.0437033201530994,-0.3685949703937747,-1.3554072116588882,-0.5513744808965797,-0.27124664305385876,-0.8329105353889827
0.08300290977256536,0.7895383815940274,-1.5692192451058546,0.4099512077525812,-1.0240393638120817,-0.4967525425160981,-0.8193613381440507,-0.38431263228409
-0.7186663229889495,-1.1754859382448402,0.27010522753025873,-1.2486067909324812,-0.38353717338569177,-0.7807246436717763,0.6554434998450047,1.613411807509464
0.8082344018376518,-0.7341115429691208,-0.840545313602301,-0.9924213688841292,-0.04415150555788462,-0.5703082282268862,0.04450209683403443,1.2689863298407311
0.31264089570571696,1.2694596883484273,-1.0299822413832065,-0.2518921322525599,-1.0921540182472256,-0.0340689417642852,-1.1546681282353288,-0.7562423012912937
0.3484616069784704,1.603257429644031,-0.9756543311499597,0.08297819301770157,-0.8843720017260596,-0.4048678018116453,-0.9459022638574209,-0.5693540015486435
0.8366136775944255,-1.6711312593948677,-0.6974751721154158,-0.21521046419581016,0.021850589449857512,-1.293608468485435,0.009853598075945907,1.42177946169091
0.1823487916094918,-1.298583490273343,0.5249899532047928,-1.3191211760694377,-0.190412708628894,-1.4285267710176048,1.1440824364220978,1.1582620302674345
-0.884038879652977,-0.14900403110934304,1.2284396333124556,1.0032785649020364,1.1795378659321543,1.36571056346125,0.984799168853611,-0.44176155690107527
0.3823551122810822,-1.3893740150337317,0.06953043761444462,-1.0628682677673387,-0.18580826575043885,-1.5906507357231465,0.48982768475321203,1.750836297354213
1.5928144902841077,-1.2365428061961947,-0.07059389526644276,-1.1479778868254689,-0.06565951252675202,-1.0452361340219953,0.45970835898572626,1.0193565981550297
0.7089195983636744,-1.997973712809926,0.424392395964431,-0.8814060771701934,-0.30070429006775456,-0.6428796201370732,0.30494741476912457,1.387474440279837
0.36734035783930635,0.17567836529710734,1.09173917752666,1.0479684369406654,1.726381787019408,2.185146692686684,1.3012662974120284,-0.09207468836798885
0.08679450774471546,1.3680889877553544,-0.9709260693765038,-0.1321012333424576,-1.13708845915045,0.08965132836004946,-1.2975068452281573,-1.1902607730656858
0.2968920722968351,-0.963620763565992,0.4193641769228083,-1.3227093923873479,-0.010587802352692488,-1.1533749551898107,0.6523057733356338,0.8152133426714794
0.8270706640308333,-1.603366209795759,0.11274430668393177,-0.9510112210836477,0.001163924229032847,-0.5776557814093826,0.8212398140703808,1.719263935555067
0.6418791754892449,0.3094949261824599,1.4532852356200527,1.4287035221544846,1.347440857091216,1.2311500432642324,1.0185444950650413,-1.2740372920606202
0.30600240794184996,-0.3423993778498214,0.6533606111917855,0.7414482768170337,1.5877578251249351,1.216582056864729,0.6930673062427283,0.07875730801217516
-0.14070613326634643,1.1237029511839591,-1.0971042536605873,0.20162890768634298,-1.033398157893809,-0.34797114106411864,-1.0825260021053613,-0.9768710176829668
-0.7014662944010556,2.3435168605806935,-0.5617684787538135,-0.6484585564538914,-0.8238714741450524,0.43656435766193546,-1.1574874469595495,-0.9488051526332923
0.20847470436581353,0.4342218302435503,-0.7971647213754068,0.44729175574927743,-0.8842295007722212,-0.46443528417957053,-0.6972570711557153,-0.9176088965674779
-0.07417043728056803,0.6005863331287251,1.5787507494035398,1.100892701071048,1.3744890628223887,0.6405181351912598,1.2452710866165324,-0.24121326921930264
1.8741944742002798,-1.1091431866681285,-0.15496473878171738,-1.420665214647772,-0.8392909926821202,-0.737131644065319,-0.18073568151361738,1.1025254709192702
0.018263908786241914,1.0607834713889408,-1.3568162170491604,-0.01983456997399863,-0.9654700105115182,-0.2791291207636836,-1.3029222920551196,-1.065076674739131
1.0093886839334723,1.34743418868932,-0.4610089678023062,0.016307322622566626,-0.8690559519836031,-0.44988328551155166,-1.891589150105572,-0.41820397069704
-0.34221941404657447,-0.7256907488532527,-0.3939137525784856,-1.2610984449107148,-0.21868456194321326,-0.7092492783379489,0.06112361838924798,0.6726395998422989
1.2147925166699265,0.4555586591217789,-1.483960828113573,-0.20504490851614604,-0.6348054199397356,0.37313106620816056,-1.6208220663792958,-0.6015945328101505
-1.256287594200711,0.031072528052029015,1.4065149112862916,1.3867311797891397,0.8826173406432997,1.2198382845749094,0.8478296180465815,-0.5432661726249044
0.9718545717541727,0.960655935959794,-1.4422331436398985,-0.2605862938493527,-1.1318272745825309,-0.6059326148719695,-1.6963402074387628,-0.7851845123570874
-0.01895761699835591,0.25521752581470686,0.8834622433117202,1.8007720313036752,1.2521806961582962,0.624426115118034,-0.05004944359356045,-0.10112900200581587
-0.6050855762935547,-0.3743604265101992,1.0512498505982637,1.041340417099164,1.2738077407671242,1.4475658650542325,1.0617891016931682,-0.9301597565555703
0.150060406193839,-0.3487365672089338,1.4704255050616477,1.2770605030113698,1.3600972588890528,1.5909473404812204,0.05297573593615231,-0.08383383696432757
0.4440009959483558,-0.9662878716260682,0.08380613108634609,-0.7969455381334892,-0.31470255744281045,-0.941213780128436,0.01178424619579283,0.9156943169575056
-1.4439368067501006,-1.425057110948384,0.22102297810231913,-1.232021467611501,-0.3488686512610211,-0.7667463913951209,0.9157670797487061,1.6090051660026181
-0.7803841736854826,1.0022295613152998,-0.6170137091178366,-0.45595255911024773,-0.6935398964409237,-0.392387246885845,-1.9416693749597378,-1.307155998273969
-0.09261303838213462,0.9411873822376999,-1.878802458548519,-0.5108118531506846,-1.1462684817827031,-0.31598360264793457,-1.4732256494869485,-1.106374551145391
1.1803576421129753,0.511113024423586,-1.5190193825493699,-0.3043180165475765,-0.9515929218974286,-0.4961862739289416,-1.7496605430267924,-0.5144431902951443
0.03447789161255279,0.7873647682206304,-0.5130363110552542,-0.23703288651560617,-0.6678804488693437,0.4670246754424602,-1.7603117771414378,-1.2371039693969652
0.4851330473758156,0.39640946061380616,-1.7804115549601374,-0.3723089809252384,-0.43322682521773376,-0.2393716485406593,-1.2403417265015828,-0.765094651301037
-0.2656997200895006,0.6088221149153857,-1.474847960804665,-0.474451625655904,-1.2027619377774366,0.6026581104427476,-2.1921894495774574,-1.1452975653323565
-1.0782817252632422,0.18365529898566135,1.179999418196438,1.3384374142139224,1.1854528189648819,0.6779941654997402,0.08870184598387401,-0.5785798853554154
0.30456542963404487,0.9522639542667628,-1.098202474453254,-0.48111245706589245,-1.314331876197985,-1.194965156725445,-1.1705802118084918,-0.7256046781658569
-1.3744247317345195,-0.07751416111400863,1.0385339010276673,0.7282600294334571,1.673282620680838,0.7424842998616431,0.2851305752486817,-0.23620910442980877
1.2257049214554587,-0.46129289188002415,0.42989358611904194,-1.0621335312831122,-0.44169978295032464,-0.3140436707454609,0.7570582601541065,1.4008379175436598
1.5202581857874,-0.9473779857742666,0.20291429626137766,-1.3281165797491876,-0.48489432106804203,-1.0331947725334762,0.4425823412709266,0.8989259735237558
-0.6342437111143133,1.5459087177311321,-2.432857607179231,0.2094244997719078,-1.402936146780492,-0.047532408326145435,-0.9972651176202505,-1.1338039830654572
0.8159314678239561,-1.524532695679669,-0.01436175074422266,-1.3635274490550224,-0.23410285710465487,-1.7760819793969724,0.2980042504319617,1.2332764503690188
1.0409403547398075,1.8073065655614087,-0.7627057617005547,0.025818327827065325,-0.9636841253465646,-0.11816586160143058,-1.287622963460718,-0.7386190272832037
1.0743103483424716,-1.6454645206287262,0.8229406840260898,-1.4511003941231613,-0.525999973222931,-1.31843175147947,0.39005476618826923,0.8996118987437914
-1.002906047650149,-0.09707893810944197,0.8506954208163655,1.3462127192973394,1.4973699785348136,0.7363030362558695,1.447382396993693,-0.8079822537506041
-0.8561403054310335,-0.8275181873234408,0.5421468914176748,1.0255015388863664,1.10726281688815,1.611069136047509,0.9692685131503589,-0.3615597918522682
0.05042171913284922,0.8219335156819231,-1.2720590463521255,0.16371469997425034,-1.4439248472820743,0.41086839876594217,-0.7901992271670253,-0.6139972491921835
-1.2519427836160704,0.21014850082022432,0.9682574458824647,1.0999268904640243,1.047589334590774,0.5696869696675141,0.4377750226888564,-0.3060664310991644
0.9093635945339621,-1.8195705562353737,-0.2498657703777027,-1.1792569564771969,-0.058206973605974786,-0.9803724080156392,1.2693947982298275,0.8907257173273423
2.2981878537921347,-0.08447123379312535,0.3030090552073402,-1.5273643642184311,-0.4353996982176007,-0.5346216466092897,-0.052173522188051304,1.3314845327782252
0.07394446291638564,1.3190293039043746,-1.2192355373772905,0.3988463694288876,-1.1562383407330727,-0.5625798098426317,-0.3030024478852578,-1.325586096743136
-1.0206660838881565,1.0757402653557577,-0.8675295338428973,0.3307502181370084,-1.0485661047924537,-0.36695361896575,-1.159160735415425,-1.3414140789718816
0.20139938593728865,-1.6065103153421378,0.28023436128647,-1.335126459459054,-0.6844475354994878,-0.772759362138295,1.1751405710728753,1.4125900697032354
-0.6102060630063169,1.2858379971203031,-1.5415589759088841,-0.09379958011138055,-1.0070211661729553,-1.1187111577436692,-1.3685975738103942,-0.9399954120801352
-2.0526187269535376,0.36786864855868945,0.899404869101723,0.8467759536507105,1.3554016107260227,0.8984515803133618,-0.11019703232473295,-0.6313042121013794
-0.8425765305313059,0.04722935520789329,-0.8504426691800754,0.3354725172699912,-0.6564307168639277,-0.5052505375015724,-0.07927991277526727,-0.8723061336264215
-0.5392551339739904,0.3657502080681186,1.3215260621589189,1.5626303378171662,1.2163992369136005,1.5962118393577807,0.368712609469578,-0.4001846323486845
-0.12517309669863852,-0.9029186166462045,0.33266185254306224,-1.5505727435062544,-0.37291428031169543,-0.9283620417782529,0.2976686319508957,1.5414696344546628
-0.9962692982018303,0.32513394531542195,0.8534258215054343,1.6471336284597125,1.0527922186743166,1.2689328472326746,1.1822241847982424,-0.5053338071363191
-0.8730067902821701,1.4530262508506882,-1.1860168358721068,0.09289728394503134,-1.4649528924960056,-0.3970304973208093,-0.8869677665211602,-0.784736171963682
-0.28329895881097844,-0.5371707643626025,1.396755843289781,1.5739965787844823,1.4033575398026095,2.3833525980311143,0.1680948654587158,-0.6702128961406093
1.097803158311774,1.1575226252703559,-1.2030775115538506,-0.22154822267411214,-1.016888893498722,-0.5577530692577265,-1.8071613402853666,-0.7443243165893294
-1.325280261942505,-0.16546702148468814,1.1672815186469172,1.185377151229351,0.8751900114583224,1.8373466022862215,0.1454210304107351,-0.5216056752642338
-0.948238844294585,-0.31253932185563094,1.284772109273784,1.7565182682332974,1.2701549491014235,1.1975845430076622,1.1449822736751782,-0.633009621103834
0.03997800908751057,0.04822104579296445,0.689550985858542,0.8633235949913611,1.2917694624839133,1.3999972161614582,0.6049482499362623,-0.24796220176762124
1.2261049769311312,1.0922104247865947,-0.8062269979185953,-0.1340570687233414,-0.9457054343729132,0.4379937264234604,-1.766653396865595,-0.8757072232622146
-0.837198874700612,-0.17948867407987926,1.2028981202274864,1.1918987785059212,1.5682852452243865,1.239089488053587,0.7205912305550781,-0.8301542643946093
-0.5948359192282738,1.0717741073176843,-1.525746357220965,0.25251117335303946,-1.450499140753923,-1.2601493651070437,-1.0456547192412484,-1.1720452787496338
1.1886876851841284,-0.8782090883165148,0.1138277220839876,-1.8460051147746397,-0.03393950591521372,-0.19475662764852655,0.40597124529224426,1.0699385650616837
1.1704429726529528,0.4184767772930228,-1.0945275834341572,0.13957665922025597,-1.0283013737551008,-0.75431667609695,-1.9321177269991263,-0.7870258009853179
-1.2377507147990559,-0.1622441775181466,1.1936324457379552,0.6334027145199295,1.560211105596495,0.285057882979902,0.522661612735248,-1.1109637270647166
-0.10720668138148533,1.694058380527073,-1.6176500422872304,0.04840850608878589,-1.3816573223727082,0.34874644427287566,-0.7876181649652298,-0.8434867291312541
-2.1552328310290148,0.20090228127974388,1.4235324428881784,1.356046412003319,1.1080090493738421,1.6450571314347906,-0.3218347596173054,-0.47975084585689104
-0.6021079879342897,0.7958355003548732,-1.3361197810252468,-0.5672330490230082,-0.9593618099782554,-0.07478260290288531,-1.785121498312209,-0.4791581182740841
-0.4452573880603522,-0.3194422209799911,1.0603142020219398,1.2349462116147418,1.0396289575307376,1.4743705102799434,0.6532033145224941,-0.5291980153102308
-0.3696295396300518,-1.523984050793154,0.2713040534272378,-0.9073842379181337,-0.022715429267226514,-1.0568051806037881,0.14241975866446377,1.3068842504543514
0.21170593814074606,0.29808122752380717,-1.6623969952337068,-0.22694185676894746,-0.694986577400571,-0.5302545686713913,-1.5226563070405186,-1.3522478536792466
-0.41276382826911073,1.4778153362604578,-0.7515322989458759,-0.2833657659973517,-0.9000053725268315,-0.15225064507053518,-1.5594638503121572,-0.27495351483763986
0.23372644861228178,-1.529298725218077,0.5497454207274729,-1.449799459247344,-0.19270137917386815,-0.21421601198138063,0.48686585217008826,1.4318231693155445
0.29766485930226794,0.9822222193040683,-1.0377473228021183,0.3647639952226654,-1.3858637915644954,-0.023569721823087315,-1.9785387910671524,-0.9129459392564963
0.23635362526525325,0.3322667483319228,0.5737366838562181,1.3338831648023866,1.7324828987842587,1.5338715135925873,1.0061597338410906,-0.9821801553701683
-0.7191398867461403,-0.18130533320947562,0.8616764487944379,1.0937844797726861,1.2343304528877155,0.11664327776118306,0.4634877377271582,0.1947906457258178
0.7776607620269612,-1.1824472708678377,0.02431095721999556,-0.9913540445037102,-0.5780029559617413,-1.4390037137084086,0.14709761669093838,1.8547035381148176
-0.27091352844339184,-0.2940351389668535,1.6315103395741462,1.1005417806499067,1.2605330439691829,1.2767498176122198,0.43729537079563174,-0.6137593680272645
1.4792615877867552,-1.3142981158212486,-0.5271302110276042,-0.6784451564621881,-0.5682848018798123,-0.9604406715351641,1.237552331061393,1.3631855999678968
-1.3602831698935323,0.2966981722060325,1.0499277893920456,0.5822656058636297,1.6186419779300771,0.873241138245489,0.9813580099995894,-0.6515017628602118
-1.4972612884261751,-0.47540905331602107,0.5999162859934111,1.1042817011317838,1.669269444641057,1.6862102754651205,0.4664660735258746,-0.6525956063028089
1.2200779949757419,0.631133720815235,0.6152901080011202,0.6241291238148392,1.1772875191437777,0.7769721585731735,-0.03917855913292844,-0.49879134122292806
-0.08439355596490275,0.01395447396191941,0.9197664033704482,1.0810628096032164,1.0278821269124432,0.9533324908513572,0.40451840286694757,-0.5388230855661185
-1.5731442115451824,0.308945656594911,1.1097625140916845,0.922744105146194,1.1125382048622698,1.5103838145161188,1.5268149765632666,-0.6156993885155202
-0.6617177764524855,1.9631189534527442,-1.3427031439486852,0.047069945664545844,-0.8151911968739153,-0.7717780644359848,-0.6188493957506208,-1.4813257165707212
-1.3642296715988496,-0.16057476589768885,1.0456841550844251,0.8393774025243931,1.516265308309353,0.7301534161612746,-0.09163775029584309,0.08705890483704473
0.9379111890476077,-1.2378678506308096,0.04672002414122332,-0.8296703206346865,-0.21579891815485935,-0.4242678619359207,0.9035904054916565,1.7801902120182918
-1.0265005423187463,1.501639902392766,-1.4164318923825368,0.05658235631873084,-1.510224424981097,-0.5479825035987123,-0.6004264002260464,-0.4573758739412765
1.2997966589686782,0.9525987836251306,-1.4810797086579177,0.16092694762149795,-0.8565365742791712,0.052360351662845285,-1.498718967261567,-1.6190949482186043
-0.31906743719122177,-0.20444491973489654,1.2251420049550514,1.1696698606582505,0.9512151503971376,1.2658478490385068,0.12853628939419462,-0.8067930222907014
2.2878307950186625,0.09992396741642397,0.32207572855468813,-0.9679927642771124,-0.48359888750472196,-1.364745423600743,-0.2738064180080196,1.0569099929459738
-0.26522785810155225,1.0611402111429014,-1.5175988158485518,-0.5028558755730369,-0.9095527547177106,-0.5852675636392897,-1.166073381486712,-1.2827257501037508
0.36089195472020535,0.7052937057258378,-1.482122826732637,-0.7974352589343402,-0.9996723084360286,0.2529581615738436,-1.4846377990410986,-0.8154732467530632
-0.8402665588654552,-0.08125100773528283,1.1614884003112542,1.5665714155698653,1.398887539454595,0.9973365628172898,0.8232236845306359,-0.6922804596059846
0.03148987952891633,1.0783299463416978,-1.262961672883274,-0.2850165243218595,-0.8968168458355029,-0.569153934332467,-0.6234845312068535,-0.8986967670715298
0.500752239721477,0.5709449150981839,-0.674465234064209,0.005580520750634134,-0.6229050763332044,0.5320926509207652,-1.2773369767201583,-1.0296059649674596
0.4917306748820509,-0.03142801283250417,0.5478946949126814,-0.9220847095397656,-0.20558433691278022,-0.8839923703772619,0.45347993017698085,1.423819075323773
-1.0995414683318885,0.09356100173838908,1.3668868679946968,0.9579441550091106,1.4775412249125666,1.2567160740494991,0.7246387616691758,0.5053396338534877
0.37618067764224816,-0.9933828083939353,-0.27686080295964405,-1.3479473000251068,-0.022228548348221164,-0.35106028327940164,1.5984338710574035,1.0330483405347946
0.5660652318324089,-0.1525193501981249,0.5635628394525731,1.8055444528293623,1.3286076417688857,1.3237980167056638,0.4691994392911735,0.18927485699225824
0.8274539433732626,-1.348067243153033,-0.24566611054126553,-0.8675300044388624,-0.26779726339989,-0.6229788111193566,1.2437782207606205,0.8145648237070083
-1.2966158203353442,-0.24040955349739226,0.8340580688345058,1.5885510519418387,0.9747114025260886,1.297788145739548,0.17661177124976438,-0.07458873982288979
0.12268368573413234,-0.46699831557603316,0.16916767002062996,-1.036758440413269,-0.8366459408319282,-1.0819466965720586,0.34688770507604794,0.9365611180758053
0.4133913670103927,-1.1398505903014067,0.031814020119603076,-0.907118403963,-0.21218514988852397,-0.7912460093560082,0.8350334020206891,0.7303874912349518
-0.37221917904523116,1.2154636379497916,-1.5542568282251934,-0.6379513824984809,-0.5742647211223911,0.6672447042633988,-2.045747166873887,-1.133671196088535
-0.3925281773880645,1.0840234060453733,-1.761318022551726,0.03176636659813569,-1.32180499348342,-0.4896287393227254,-1.5726798324719877,-0.6330971143744563
-0.006598563502685682,1.2241228989080526,-0.943672101337737,-0.6197464852038307,-1.1278165517414647,-0.5506088164103259,-1.3912550167594533,-1.5789129170402152
0.30969315641673667,0.09407028783067152,1.193450600213244,1.2111287523550545,0.9560720428875711,0.8164577044414273,1.1674527384475042,-0.6671745692585553
0.34967273584596353,-1.5165201627910043,0.19922117392953487,-0.7416727432110557,-0.19102739187388654,-0.8021289112950041,1.0494392492123892,1.6742599452159872
2.2228819467552827,-1.3120645336029901,0.7512223402744655,-1.677872495342634,-0.17167846493313124,-0.5353973930287699,-0.4490648388837152,2.0079049352207656
1.6588474714814099,-1.2777680189152802,0.02687509339051666,-0.5393351626925771,-0.27765954249526686,-1.021953957251096,0.9262097719229911,0.7077689403162903
-1.2833517165630148,-0.041162909413983616,1.1049272158922456,1.0519657405581158,1.4540246052232564,1.0143357898052339,-0.1873800279254392,-1.0218158517270386
0.2993748673911947,1.5784515255489906,-0.7263401673458684,-0.31605420357610053,-1.187496481834112,0.36848472186322867,-1.1895655790393482,-0.7600116823815122
0.05890571218370297,0.8274090361724039,-0.982579412576077,0.11149592853752534,-0.6665035223743625,0.651587485812363,-0.66301296963897,-0.27664010158630953
-0.5663098478050412,-1.4817830135038095,0.40791066285878574,-1.5427126141889098,-0.4280433379761947,-2.4115374124345705,0.3899925066029443,1.075289519558239
-0.37488113334584766,-0.6152279898245573,1.0167443989024483,1.7436064459271048,1.3963676045758058,1.2072797398605186,-0.12179906320342211,-0.595565681061487
3.2770403399377592,-1.0735143979853548,0.3479149956838,-0.9362137804053823,-0.781802512680211,-1.0734311537134198,1.1293240230680262,0.9368306289399017
-0.06509980483094883,-1.2046134406722058,-0.6199597437163256,-1.2223647065850187,-0.6002886862415545,-0.8029139569200348,1.020699419422976,1.1236048062160926
1.1318887546138485,0.6852069974079485,-1.4287220309646291,-0.3403883737742075,-0.38954818815215764,-0.2375257729152196,-0.9363018121266358,-1.0260139118836813
-1.0860020340336585,0.8617536493365263,-1.4509951835004808,0.31128681426876326,-1.3677871950379952,-0.18137971733245803,-0.6725356653910964,-1.2741576527724106
-1.9738292812071898,0.8581448568663166,-1.2290301377583865,-0.32148119473460507,-0.6685665997186829,-0.5595815779669481,-0.6064334083046581,-0.6187395831763144
0.8527364849996663,-1.1226150531801935,0.27815061065377983,-0.9236016832978445,-0.054708278016117204,-1.0326182222783706,0.8304411963487381,1.989507703119194
-0.5203687223779138,0.8617271820164064,-0.7304876229055016,0.0077335716176050754,-1.0875040391798034,-0.18797850278486888,-1.3814485342351712,-1.5723745588074935
0.06582511346201922,0.896891220544283,-1.2455733367005735,-0.11266893903727287,-0.6939104186017439,-0.6920277687378038,-1.4382874316381218,-1.064781370017329
1.127614348282708,-1.1844048988612401,-0.00028821538028327604,-1.3327808609839484,-0.7058181366314241,-0.7252443986356634,1.1511556384647132,0.7602210505070973
-0.4546942290663463,-0.7710177110550708,0.2455229776776588,-1.38699558025225,-0.21235202964320074,-0.9116134488006989,-0.3433383683114322,1.0869114473290393
-0.5957346178175419,1.5012612377111085,-1.0877444844879547,-0.1558535902994388,-0.8357078366848288,-0.6244306990804579,-1.0278053956011786,-1.057277256414399
-0.625433759133624,0.5420237797164601,2.352889553961393,0.77412344212893,1.3444738819177315,1.087548330754011,0.5659473675875376,-0.18288665149404584
0.3482093354295417,0.5676828440679942,-0.841851903422755,-0.39376753129175635,-0.6493250602280001,-0.5795980324989949,-0.7282614749624948,-0.9272500540977237
1.60818683078013,1.5553606389423122,-0.9555410736478848,-0.376568780308557,-0.8082895321187823,0.2566001981324192,-1.0941803682176754,-0.8492768046986443
0.2499967745387338,-1.1555005455274945,0.3895995288239986,-1.3801797991427331,-0.22381352997183002,-0.47229905166414166,0.6710065535682214,1.755152374863466
-0.8286910956232242,-0.235124327846034,0.4416939099925719,0.9868067128857337,1.507822637272655,0.7430560759893092,0.0923046309910094,-0.460185772634638
-0.933738394632049,0.5625494977892679,-1.7844988497992351,-0.26777527533950873,-0.8852033039918548,0.22066081223899275,-0.8184398835887834,-1.12077408207609
-0.34295427404109025,0.10038150661203729,1.5413265044318674,1.4023652757879084,1.1833083607632464,1.4036301736705372,0.9429144101919471,-0.30763961932776746
0.012936028301345463,1.5056186675021974,-1.6310694929293197,0.17845578297386974,-0.7223444938476802,-0.21112785070410098,-1.2570936171636908,-0.604204336182209
-0.2336519736300879,-0.12637879247426917,0.09544949036635637,1.0804506731114287,1.1542459182143883,1.89734535773464,-0.5257084656196628,0.029532140224933504
-1.4516519310145368,-0.12658488066889542,0.7730620622018247,1.3517506482335249,1.1919134825082365,1.9650813432999037,0.3040964734604856,-0.1864784606443725
0.0544474013312853,-0.8586177667218557,-0.056279784616944904,-0.8811938144376941,-0.1861245680363242,-0.7058280329242073,0.695278172591193,1.1265947152147817
-0.4528227976247094,-0.22430300560211733,0.7134431053140363,1.6086785686781246,0.5469045079179962,1.0848445244351452,0.21338183070282732,-0.1937173886465463
0.9178206372120902,-1.8757051105338813,1.0163584524227165,-1.212306143014814,-0.24345806937753,-0.6286438320454016,1.0184062427422151,1.3193831787574664
0.6070209899354905,-1.0707336803274212,-0.24174214457054763,-0.8991629770671137,-0.726624948018991,-1.2127676475744618,1.0725359726252113,1.2788018500822749
-0.7584792924300676,0.140702669738117,1.5575045791327164,1.667882488477655,1.1427672509800468,0.8455363898595362,1.0585619177178975,-0.4024791071154232
-0.24751009804907836,0.8153702113442587,-1.110269776992212,-0.19500317244064255,-0.6787891026821088,-0.08195852712326689,-0.5814477576691243,-0.9288755552555076
0.577501401727078,-1.8340250640080178,-0.052721927680030395,-1.0433853428197355,-0.933041464180947,-0.9556841927995688,1.3608338343905928,1.4459634894126505
1.2360688889011395,1.6187192109235649,-0.7480838662984836,-0.2504071609952439,-1.0921916599392476,-0.040738762133003315,-1.5959270879959453,-0.31737897625459394
-0.4034278171576261,0.3357673483310299,0.8869822869573838,0.5487644378271069,1.2885097168470006,1.2093434517325685,0.25358009106849844,-0.4828477870710451
0.4289870697510993,1.6525448895484294,-1.2162662498963195,0.3654371723768021,-0.8672331593841622,-0.6260907143519376,-0.36316942367548405,-0.6661996780209309
0.9607428020767578,-1.4077670069587611,0.24303370743600855,-1.3118085314666428,0.10898941301238307,-0.6643537541938823,0.18156649539600567,1.3205138039702877
1.0201337131466082,1.0151831052069207,-0.8134223854736714,0.391638409548724,-1.0574735706322853,0.1318325514989579,-1.1299500707248575,-0.7692901310959248
-1.3350785094693232,-0.2631969605010702,1.6314735050389069,1.1266525599255892,1.704082659056474,1.2084449288984496,-0.35728543759834097,-0.9845678508334
0.6587358360156303,0.8079423482464513,-1.4158420769673323,0.140313513350687,-0.9731316007142768,-0.7763812419430764,-1.4486393474115766,-0.6766563572389973
-0.267088680090838,1.2165036355887866,-1.765798384617777,0.22506613092780592,-1.268055476417663,0.020220526071261097,-1.3096481259269204,-1.1700847452598921
0.3731816163253185,-1.383297772160902,-0.1561999598378383,-1.1462380051007879,-0.4244805885865451,-1.0914182501270075,0.3216853005289912,1.0682522159492067
0.2614181006172459,0.7455759669991529,-0.5736567896816874,-0.07683961590434323,-1.2973123637543373,-0.36170381370651605,-1.5251322367198363,-0.8789880772705179
-0.32538484635771514,0.9973374361214247,-1.1627662246771187,-0.21428973919426347,-0.6908228616666763,-0.11478958031228306,-1.491486329834858,-0.783081093822428
0.7050707264484268,1.3489820661207157,-0.987758903054544,-0.5661927914167084,-0.0798786165801378,-0.39241866810476744,-1.298547423541691,-1.0276928227002198
0.9714380276343056,-0.9870642136711403,-0.3136041997343005,-1.3760525209986796,-0.32250363258994624,-1.3624344320523136,0.8243618780194005,1.1620406695063628
0.7411182655452829,-1.2446117454876218,0.7285006324951895,-1.3223908824976998,-0.40148643031175174,-0.5943842247973069,-0.07335194576719817,1.793910187204473
-1.579605230087093,1.2395506469861097,1.0713493615781107,1.4341142857165459,1.1924173382694276,0.5363822877969241,1.0203282357681858,-0.25348129709011297
-1.624304238635409,0.12521934747914618,1.4836138209749699,1.5718535370793185,1.4365739019353645,1.1709424830316453,0.856855367131143,0.033336568631296665
0.6500820014730513,-1.6037265724406748,0.043253260762911486,-1.2233841880247758,-0.796701416355815,-1.3318164513149424,-0.16542063447173516,1.1856633075562844
0.05564949159916479,1.5185245849810636,-1.0045323077422597,-0.3068971051321156,-1.004615942518056,-0.6951930009851007,-1.1803920588213421,-0.8457384265649768
-0.1742995870969784,1.713711328586282,-0.9091598055043043,0.0030308745776254785,-1.1579567799544945,-0.586284482921227,-1.4465527616299176,-1.1781354092593634
0.43820749597479547,0.7091022881512372,1.3569575676183605,1.292088234363275,0.8518161659251983,0.6145342613300068,0.13744786923267568,-0.27006005124923144
0.4406863707871286,-1.5190648953160186,0.1330986030641044,-1.0692144289020429,-0.5207677504963514,-1.1194928144228815,0.18765490553329187,1.6547127855457497
1.075162046448723,0.6096511777475334,0.7305990946169619,1.4049794408235063,1.5393199393796047,0.7927751703604526,0.4262127235203138,-0.4796766454218376
-0.5540642632974306,0.450767850927422,1.2708907127076234,0.8805303420675155,1.6489091064243406,1.9240461193530105,0.022774620535251346,-0.9871383392743298
-1.9372491372445777,-0.2550408132654101,1.7909598625189331,1.1392987383291935,1.4044847425144704,1.0584130039328092,0.837192970808899,-0.4089864142586993
-1.5724190631793313,-0.22547836417343864,1.0321775435786167,0.9536399311296571,0.9510490963640063,1.4697333383452311,-0.09431064109786536,-0.46306807785596327
0.7546897892624362,-0.583551713434034,-0.45065115139544754,-1.48729380762054,0.06459175854558565,-1.674527779865878,-0.32217747390345125,1.1902636220103484
0.3972707191272787,1.245252403477222,-1.0483550098235932,-0.3569326312632467,-1.4686732643895632,0.5817216911945505,-1.7702568499616795,-0.8229044822187781
-0.4035548512756329,0.8578218861918654,-1.3930156390570902,-0.2755054512760738,-0.32068112348839634,-0.11394890835012537,-1.4442505875941625,-0.15152380480848793
0.13414167305254232,1.0324569860126533,-1.9941763416303981,0.11990789360240242,-1.0563472063917025,-0.10735174402566097,-1.6468073148271858,-1.7135295480111883
-1.357546524487457,0.38666626653859826,0.8818489348654153,0.7308388670838677,1.0717635923139022,1.4298929068464934,0.7759109051657577,-0.6966210277576368
2.0589353619118596,-0.968704104790568,0.36713315090172344,-0.8496798651794812,-0.22124718464966234,-1.7950884757926284,1.495851195680057,1.6756929473763376
0.06763586621293656,-1.3203183202286668,-0.038483808875682785,-0.523692039214344,-0.26379512952532214,-1.1268655263363896,1.6266805960081727,0.5255929522572742
0.13314346664348672,1.303135005191119,-1.6888559555261269,0.010974212469951745,-0.8699065895393574,-0.6088837523458348,-1.1920786016637956,-0.7835091916282776
-1.0782317042689415,0.599655284426896,-1.6346288199920522,0.19532803546897864,-1.8419764859953969,0.0983475512207236,-0.9374653624180717,-0.31206560551545
-0.5047238703206127,0.762398715532122,-1.419509624130912,-0.4769279330847692,-0.9426068721129879,-0.8157741280605291,-1.0269178076634908,-0.8502447360475383
0.8513380923291618,0.47036735076423575,-0.6701979972812646,-0.1243814508413816,-1.094948685449627,-0.502417881866272,-0.4304281672567367,-0.9929249839679944
0.33315203286429085,1.0448562011475253,-1.2790040370792732,-0.09863370738111661,-0.7431873566538356,-1.0705316164366183,-1.9440629824679057,-0.7233595799482979
1.7789128092287718,-0.9636305190212624,-0.23457327760377703,-1.363509974603911,-0.07970656207730976,-0.776653232493946,1.0703515080482298,1.506888810388945
1.2344915984104163,-1.2374658656028672,0.38266276311170655,-1.1110952655001192,-0.23206945675722596,-1.951280577805941,0.9271893301138866,1.3491109866517512
1.7061052978191023,-1.153949804267712,-0.4089326286011155,-0.9400865198532248,-0.3099425856790052,-1.097482347604071,0.13532807858146761,1.4964422571867106
-1.622733964568589,0.014547305047313334,1.0753025699095853,0.8618169748233016,1.2190548900619953,1.966071395655873,1.8069728244672056,-0.6489087092426652
0.09428225365903613,1.7521162382774034,-1.0603606140649875,0.07038199150359965,-0.702794731906655,-0.20453706911878783,-1.2196457953661108,-0.8994773428331677
-1.8383942627918908,0.46331089373468914,1.6172926100490717,0.9409389040694436,1.8362455087331502,0.39661911292085456,1.0510224563988486,-0.7405285679035535
0.1611811710581803,-1.2143733240096461,0.4832664546898448,-1.3935452903266001,-0.06924848375478426,-0.508838610577908,0.9116377795433624,1.3472417657611027
-2.0751559872325633,-0.7349730529440932,0.8497730888121371,1.2098465769350593,1.186615241909066,1.2412332694104897,0.8212356997701814,-0.5170081234108267
-1.6224808725880921,0.39052559202283516,1.1449205087704204,1.9795760321774818,1.0694835097360267,1.4417787964600042,1.2748413674002823,0.2206806126539089
2.6227695279208616,-0.8532896226560813,0.2933643677146809,-1.3658605774392958,-0.6639116837988205,-0.7674583050867598,1.2787353962868062,0.8623600623345515
0.426445229942079,0.0005788252911209628,1.0532190425569605,1.1811260485923967,1.1678180199323627,1.098131885787665,-0.4213509858717159,-0.6542287967073662
-1.1551522015052136,0.12067658774857702,1.101041776045592,1.3632654752069022,1.3534973815570994,0.9360099605690141,0.13447849697740732,-0.5216164735116501
0.6904375353834032,-1.5942783901210047,0.5492648989958805,-0.8659076801878223,-0.1119702947622614,-1.4094859012537604,1.8300430425895815,0.5514987188959616
0.7788525599636126,-1.6182671155888158,0.14310323297760655,-1.5507125839470832,-0.08532583746187157,-1.0178585264941842,1.1831293773081737,0.9456444746395462
-0.29930104453434286,0.28651460684024505,0.6958682324094677,1.3750037033869216,1.9535557178398344,1.297772882512045,0.4418724542204175,-0.2124749954887278
-0.1814891803468034,-0.6779325968814089,-0.3961507633384603,-0.5204570899672754,-0.5283830098247939,-0.4671574306273726,0.3699236428140875,1.4457116902558458
-0.2477752216371891,-1.0634474275145114,0.22444744524780924,-1.0152818799277372,-0.744793226564042,-0.47039014291683895,1.0297055846711165,0.7371878245360668
-1.080053645537351,-1.1771028808523327e-05,0.8896532023057104,0.8324061024765134,1.4351228458010044,1.3900277450982448,0.8535351349905628,-0.29048472634941197
0.699711669243273,-2.236661003740262,-0.6835575064081908,-1.3839451930047717,-0.30433490849101114,-0.8778785801755147,0.3683212273242061,1.434940767465319
0.6123114118364414,1.054478707113234,-0.7013010109305812,0.4799156290253992,-0.9842285701928463,-0.24306514303646776,-1.5066099202439607,-1.208617115400117
-0.41637516628954707,0.6913751609409853,-1.1455331360053798,-0.052228357672384165,-0.7643200800562012,-0.23470318933659923,-1.6071242439506948,-1.1111842193584935
0.9298435958417453,-0.35798431595833236,0.09240512223340513,-1.1952273688046837,-0.35011047860020755,-0.8738713782887656,0.35150239166450603,1.0375714743818412
0.9089907520917454,-1.0585812240142092,-0.5631714113929935,-1.0489802873507492,-0.4709969204267698,-0.7213370296706346,0.9417528604550086,1.4071759434461757
0.14407769415215912,0.8278213751744565,-1.198525951105929,-0.138395614241135,-1.4018538816409414,-0.8835232404602374,-1.5456060825621014,-0.568981181675675
-1.2356621707792268,-0.46105725696408534,1.0901738134887202,0.7515170795472738,1.5087570783816908,1.4611149438025532,0.4678265434634302,-0.04476807205104659
0.6724158220794946,-1.2161936776825903,0.5880500792312946,-1.1790569273188296,-0.26030478400179535,-0.6433660697502925,1.0851486506615118,1.6428949352403537
0.32197107081850174,1.3975107679266308,-0.48273801017540063,-0.15754624127307432,-0.9750031206974736,0.3555283438973753,-2.083807581617268,-0.93168649317869
0.5292231655056353,0.8449423469692638,-1.6618204207946277,-0.1038672911101921,-1.2320136472081096,-0.36256227611834135,-1.118622036599076,-1.0846136976960727
-0.8833058620695802,-0.32921142218790866,0.7187846439636617,1.2664006615079626,1.3834569695510701,0.9102569968528397,0.8420931023740793,0.16356743204699226
0.4352987877594849,-1.2187425495311808,0.19149396706562588,-1.053827670644725,-0.25857545085258177,-0.9504403641091104,1.3192611230659106,1.49826060854434
0.14062080764240245,-0.09801794802280916,1.5548322772633756,1.520768459843024,1.5734440913520964,0.9700988050730428,0.31722608956289366,0.012286147189419587
-1.0974573981339046,1.0510179778868298,1.320995126139511,1.1106061921834003,1.9025528931949036,1.4431992342123117,0.8390788835567524,-0.7978855123583283
0.0334136193925309,-0.9785800721026869,0.18279446648234843,-1.1515276011545972,-0.1517318978685342,-1.107723696018401,0.5534453028686327,1.1133988058222442
0.6109229327620598,-0.3991995612348355,1.0637836340326514,0.7934580709267303,1.2650783603611437,2.0986058786046984,0.6917628315011995,0.00466249586536054
-0.8135405363503679,-0.18601579580540903,1.6596423041617454,1.2584102062692357,1.2927806198962704,1.427314507596069,0.7088404318529922,-0.6374339682808985
-0.694626104899523,0.5509041942522184,0.8872809361100356,1.4638844671374962,1.1755619044594308,1.4590921406576918,0.8673653573199334,0.09261282741268728
-0.12928076602375196,-1.8733603472454368,0.09097140402515075,-0.6519988808910536,0.30108466190327654,-1.5843073822344325,1.3312204003290065,1.6109884494562317
0.3667093946568347,-0.9848050062633011,0.5216495340696524,1.161653170703433,1.2009263804411803,1.06002341725708,0.580375540426533,-0.4155630250269244
-0.932608817081299,1.46983709985887,-1.4716176883265677,-0.6805904396802125,-1.1902024745136965,0.4403136885540664,-0.9028106060095823,-1.3479089329517053
-0.39633163694216844,1.3424457078366567,-1.5051721618302276,0.13342387357911803,-0.9134197207047918,-0.42631742585105564,-0.9713206521302383,-0.9128086523266141
-0.448243349618408,0.24277502081068852,1.4040786493495254,1.1006476625924608,1.25381029944642,1.47072259793438,0.7836431553077685,-0.6471255143541278
-0.8355862204830061,0.15329830035355044,1.1406501977597865,1.0089757580342413,1.4394521434705423,1.481740433631221,0.31017168678171453,0.010550643561440616
2.759914763870837,-0.1637652680617653,-0.1454463752512768,-1.2219753924068815,-0.09414987319967323,-0.2382414095054674,0.5764242763784081,1.0142763889501714
-2.164387230528658,-0.08373505396840084,1.5240204620679312,1.1364423131294181,1.840178106964338,0.9405424122980127,0.4173369412347812,-0.16256359911695478
0.5988565667677557,-1.5029012132098658,-0.3411068073107213,-0.4968051942340182,-0.1947878001560256,-0.8487223761851123,1.5986998146024562,1.058217833216645
0.8957560009862505,0.9119855187493326,-1.0711141473947567,0.272034173968685,-1.0879554184969253,-0.2889793271778249,-1.3820128978085193,-0.7797157988862548
-0.11398946246822822,-0.9674413086591261,0.05404528280093645,-1.056814387468668,-0.011089226704558754,-0.6507836943970541,1.4585829679444273,1.6434964563413965
1.0536558407931569,-0.7940573721721069,-0.004709743487222227,-1.049647461999095,-0.47549764743273354,-1.7087036857435849,0.20580480318963854,1.5742724127246868
-0.4713165201994606,1.650539351002281,-1.72946522126526,-0.20480208515381784,-0.7660465074504396,-0.372366963485581,-0.9945468193389684,-1.3114494949758642
-0.30759839639193154,1.500449406110307,-1.7758285667426463,0.17986396001830568,-0.7584656398590508,0.9108416356914388,-1.6381725859976257,-0.9200746780289366
0.8685292130961185,1.2396077597448807,-1.406824701915739,0.37018131275303057,-1.0612231472979883,0.08125851378475171,-1.3652073700242988,-0.6818720610560003
1.0357732786813072,-0.6385414423387646,-0.1029080863797949,-0.8249297913333568,-0.6668283083969612,-0.9249169279837485,0.6203748065006454,1.5744502374169218
0.11843462431442975,-0.2538820502861194,0.8854006120391142,1.313501765628663,0.8043698716141827,0.816575554337005,1.1851441305542738,-0.15374246353549725
-0.2706008463853739,-1.095926379500843,-0.2745226335231266,-1.5029745556869347,-0.6487079960671659,-0.8825086500777802,1.0416621389019651,1.4156953580012994
-0.8570808853122034,0.2606738905315921,1.088208308716662,1.0606770488985853,1.2613428497065713,1.6618117956685505,-0.025096454744203033,-0.5331218012507085
-1.458345112711227,0.13352029197707935,1.1943654504344925,1.406456360103558,0.9741806862519399,0.9005471144809137,-0.6325047376662044,-0.7328899142893944
0.20796436447572375,-0.1584291063238505,0.07088910895065284,0.8038284716819405,1.3387161666258267,1.210536263438486,1.0846268511444008,-0.7187185526955563
-0.07676183128489046,-1.3374149808380063,0.08084206739071811,-1.1464043226686762,-0.1388006657182556,-0.03396369128180943,0.47449058343440575,0.864401849357499
-2.471026482050671,0.5219625473729319,0.6317915159667843,0.9466974627880704,1.5000998030362496,1.113796113231476,0.14284621850422194,-0.1287261011742642
-0.4820225068124378,-0.46984002401468977,0.9103961210200175,1.5689798805565434,1.4006140646828342,1.7540628043363475,0.7764866095217106,0.030279348267047833
0.4515327537743082,0.8484855941231717,-1.4628630648947287,-0.1519534438243909,-0.743053071907458,0.05357123588545313,-1.1796143925457034,-1.1677415031012952
-0.9866530537463516,0.4759088634348965,1.0835446364293468,1.1453681943213723,1.4148684206090894,0.7267688401536135,0.46888536693512495,-0.30644942773171313
-0.653939132643548,-0.9700697924053071,1.118423233501522,1.5501741054832467,1.526044733122882,1.2427351497233978,1.016976517761935,-0.6183840007523522
0.18720875096147319,1.1098596145005974,-0.8053153708363615,-0.3559100503670586,-1.3773954866603146,-0.22077770005562222,-1.218898075272321,-0.8500097887933016
0.9786949160586658,-1.3441283962069028,0.1466854852108475,-1.6238822490883689,-0.6503277901622199,-1.3721874504314844,0.7913680428698672,1.3566576230925753
-0.9285474907841106,0.052641564491864225,1.0219966931335336,1.3256383011103778,1.4592774466091634,1.1583862837160008,0.620128008871826,-0.06192057202359441
0.5695759729715641,-1.9513338739307013,0.09395023478831481,-0.9123515811716942,0.5199211485626892,-0.12376740455008597,0.1134499599907373,1.0656662087171855
-0.844891324425921,0.44431551189450685,0.5769183179380374,1.0506586828074473,1.363739795178441,1.1992591573386189,0.6269335661939041,-0.34621882593217623
2.037710654850878,-1.2316360090559948,0.4854143113142201,-1.0576948485678574,0.06753485076385222,-1.2424783583184285,0.3089046007465999,1.7801406436515181
-0.15736045877476745,0.9715496005548947,1.054922714176964,0.9954478122238463,1.5046835916182868,0.8609782297892542,0.9253019347253455,-0.33558871620020286
0.3778711214925755,-1.4128051756736648,0.5812158395236837,-1.2689459180875027,-0.4072907590389127,-1.164738774989204,0.720872825181978,1.6072259951484045
0.16686693901500899,-1.5918445929785585,0.9241242774217351,-0.5752095271593138,-0.4646774173755406,-0.7742100072387476,0.6843042922786124,0.8619889561130306
1.0305726996153666,-1.2277795130984799,0.05616033429870237,-0.9754772664866523,-0.5301822411246085,-0.5141637599285385,0.8276453272237954,0.764638219206296
0.18559417450574076,1.2830414863627622,-0.8032202059673436,-0.35238929865137525,-1.1741775040415827,-0.21644503882031124,-0.5614304737442283,-0.9079838325787897
-0.04308958256704691,1.1362112866589942,-1.0500115991661676,0.03741214706973029,-0.9391929633642226,-0.9363305951758205,-0.6938102757256883,-0.7584069356465287
-1.733544779047148,-0.22063478550963897,0.8280764176223459,1.4962841796613988,1.7582367322974335,1.7535454373776966,0.06764544207112173,-0.4922737265450046
-0.5928324218144435,0.4129036960368317,-1.3504674977447566,-0.03440910105721847,-0.9504607177699497,-0.5499625085939206,-1.3465697505949639,-0.8146331864962845
0.8644789633712955,-1.1959266528404842,0.37320439118249427,-0.6158261474126874,0.18631061752159142,-0.5849071024956009,0.5759820532521807,1.419616351753122
-1.0808564096242155,0.21272348261906027,-1.292212773908884,0.059173114006551224,-0.9334883953650831,-0.6586417832196124,-1.8135696615952763,-0.8639731031745774
0.6114759659936392,1.2389434288802461,-1.0212931941073118,0.07334924617890867,-0.7917372267774999,-0.3549865971735724,-0.8534920825604413,-0.779999054517386
2.47364937160383,-0.8898970305206982,-0.08842991039415665,-0.6888042260099829,-0.5204099809602014,-0.634969126795746,0.7895387408799162,1.2475514202732088
-0.5339578518013672,-0.2140789466116331,1.2634980072183273,1.0614122667276362,1.3729908857061122,1.9013731389491846,0.6552858341030241,-0.5001458864862838
-1.9040235602575981,0.548830225110432,0.9390186226442606,1.0504349055258204,0.990532560593662,1.363437853005677,0.23718190593767272,-0.5680704048908666
-1.0930048513654536,0.3009604147612275,1.593983324274859,1.4710987246548175,1.5514516437355217,1.627151572914692,0.5232483524560272,-0.8781867923409539
0.37324915813198006,-1.2329937330572465,0.10162007875409165,-0.9823397348005523,-0.03547230252105583,-0.7090951550973664,0.5029773391553665,1.7361448679983555
0.7779737133886218,-0.1657281314113705,0.6865752332754159,1.3948709459961321,0.9238184918208504,1.2756530781367,0.9798529100789783,-0.030095379425619427
-1.0715869749659481,0.9696933184749867,-0.637818283042483,0.18215841854358775,-1.024115233779112,-0.0650618998759366,-2.1774325684540305,-0.7876907848784562
0.6150362761586863,0.8221662098235384,-1.2700169478663925,-0.18525502448009296,-1.1188754545962225,-0.21465867817404125,-1.6647274526612024,-1.4947483858448707
-0.1985547615082822,-0.34655634344853786,0.16888131133212272,-1.0962541364319844,-0.2983898512793453,-0.6686538699730952,1.3106203399637588,1.4658969218084805
-0.7295652674439645,-0.350942625314343,0.4791198095665094,0.9235369931653328,1.589682691111255,1.7761772687556316,0.890714498946988,-0.5687706442796764
1.4623017972480872,-0.9818829767288026,0.028160021249555436,-0.9293456217039788,-0.4955735249112277,-0.20038541608250282,0.2538685730085096,0.9163044683584424
0.19908504788493236,0.7333403075213479,-0.8874781272232417,-0.0955384169889793,-1.0482582741128414,-0.7947814460099688,-1.421931530434825,-0.7336878084148736
0.4036541841919555,0.8360318481605861,-1.0098664777198374,0.15085029796650629,-1.451398404180523,0.05221607781086733,-1.3667575078982068,-0.4700105512228029
0.6722795021139604,-1.6468721796621237,-0.3174363914775436,-0.9231914442044827,-0.4867904549027665,-1.2755737465056403,1.9275442522845252,1.7250466545179564
-0.9034002386351,0.33970069889389165,-1.2121186652273417,-0.17012054080814648,-0.2949729221960664,-0.5240655637922375,-1.0087699822606322,-0.8190726117186227
-0.10436879295127473,-0.8349954238542796,0.7352219475046137,-0.9117083879069005,-0.3010279848298542,-0.9796440037587134,0.8304023054982855,1.597120389363289
-0.14539713084186678,-0.6587860372065387,-0.21668145398264374,-1.1055916092013847,-0.46875816212787436,-0.2781230523316838,2.012268995136601,1.47402532663792
0.22153281861526522,1.6626269007342325,-1.4211234460154616,0.10897239019211344,-0.957916314591689,-0.5782806843863484,-1.7922963159535457,-0.8408295486334758
-0.31384034055841004,0.30019650984176194,1.5936304625784825,1.089733585667056,1.342762492615418,1.1017389124129318,-0.07121887310048657,0.194268034828975
-1.103072089723644,0.24144162762112908,0.9998494683220649,0.8865619280774245,1.6719437272300337,0.6470164994764183,0.1397321559782697,-0.8364145744433601
-0.05867196514793473,-1.3099743948484075,0.054902268537888745,-1.5029444828355827,-0.3700937176979437,-1.0876845875604293,0.8692483395465231,1.0319955773526268
-2.34409092305961,0.03276892710773761,1.3565185965905155,1.5081363772626266,1.2110207947928395,1.092571166808094,0.4926043074948194,-0.30310469395597184
0.06890546458726954,0.9834033228686,-1.6733843248066211,-0.25532393892511546,-1.5920849879097756,-0.16454006607482202,-0.8026624410525454,-0.7542540551362235
1.0853847944845543,-0.7438737397296122,-1.0697811039752823,-1.6480588694862874,-0.10675539591125797,-0.9154132578812297,1.0827818921327097,0.5267779887833824
0.1919928563278553,0.9286285624018693,-0.8377447634987707,-0.16413359291985552,-1.2047796421545849,-0.5010639538505963,-1.2177986981146343,-1.2989751062223915
0.6902518345263452,1.2118353832451687,-1.0572281845455795,-0.0028456794489961955,-0.6279927431484064,0.36819242512576983,-1.59387694834063,-0.7118830229069087
1.4905390819752045,0.6276685335425872,-0.916857072532303,0.7872259853366523,-1.2842445086705134,0.11970239247412706,-1.626064240817574,-0.563987012553132
0.787181514948895,-2.459369408560264,0.24843611984680097,-1.4562444848738407,-0.33053796839960153,-1.5831162090092785,0.5118630820583365,1.703512187905977
-0.4795933153896017,1.418721339299992,-1.279611715946781,-0.30010734977106834,-0.7833296454738835,-0.9293190799274114,-1.3669536095515669,-1.109711786214551
0.5982677186668391,1.6805087822832852,-1.6726807297977786,0.03587809283138836,-1.1312093704740962,-0.7110770355955418,-0.26661316061404855,-0.881128566396854
-2.1244815800114845,-0.2438441655312779,0.5946785433974113,1.5400631568904888,1.3493586463455138,0.40810166146107213,0.7645670149602655,-0.6736269536104511
-1.7909441613918606,-0.25627937114587296,0.2181755070125294,1.3767066278850992,1.2149135777948747,1.301590591385819,0.7868871586093736,-0.36156321075873943
0.0881652216089897,0.1244405199591092,1.3971281956160573,1.6056014049570553,1.2040069102249547,1.2357621168101576,0.2681458742377402,-0.31858036535880907
-0.8883057531019578,-0.3702148981216351,2.058296189382397,1.2292349102244948,1.389987798607099,1.222693804616305,0.04515663139805356,-0.8511322214359255
0.7443567340130364,-1.8687598127767489,0.05841145419843965,-1.331875582672876,-0.7524689068293392,-0.8676595624264651,0.1107209528463244,0.6510212940527493
-0.8222708744729319,-0.12389682957765477,1.7222898566201028,1.3657149369206754,1.455679129688717,2.1363706901693824,0.6327933720903695,0.12354436538497088
2.4741656910371757,1.504796682893966,-1.8280226770685797,0.15521831056564142,-1.0812030659908094,-0.15674405952918208,-0.9178467946515294,-1.308862319918858
1.230398266996478,0.20261259681438104,0.9782203213450268,0.7309018833286444,1.4722773890013188,0.5310798656195961,0.8168458537629878,-0.5990916606231211
1.6513810315594735,-0.402400968343729,0.10641434731019551,-0.8302225989339121,-0.13165338038397248,-0.8995126635941257,0.911197407107876,1.2830502227653406
2.034325149632103,-1.5843759315006403,0.8730365345051121,-0.7291615356184973,-0.4963094883409362,-1.625013101280339,0.87799165458536,1.8961722493789932
-0.46180414238023254,-0.36131761943428814,1.0790797805180445,0.7250792485424248,1.5575308899967615,1.1220893423603413,0.4208648731738625,-0.3775965867141585
-0.06608140113357511,-0.3511810510136984,1.0598094574324781,1.5239802187937432,1.4301876703945526,1.4876125113480023,0.3823618233733239,0.035309487798591874
0.965350997117783,0.6093231641655679,1.182945038527124,1.1806547489523955,1.5225800172940316,0.9768922769525976,0.2315751138181979,-0.29758929396044165
0.6017055070510259,-0.7682460671115235,0.2936365065740781,-1.2169057228663467,-0.17525708500923098,-1.2499117197953338,1.1296167462628948,0.7209127871275088
0.3444438301373762,0.4446693541975622,-1.2954785866517455,-0.28157480608200064,-0.8485483377851744,0.18159244987568407,-0.9069498802280753,-0.5604417727608754
1.5647122675183915,-1.9909637400524751,-0.7880302999715892,-0.5909462023263069,-0.29903002933056677,-1.4067086596700806,0.6640233758804068,1.8337575573762197
-0.6659636530852605,-1.1211562805339488,-0.3922513385001526,-0.9702373633996086,-0.5508232695156317,-1.084312767544629,1.0785384106626064,1.7204132687254943
-1.2377612367657802,0.5290605674398379,0.9095480597731533,1.0993701823608355,1.462370731420783,0.6176697227495607,0.01807473505518643,-0.2714740663344386
-1.2933523566458742,-0.080211235059554,0.604936463706805,1.1944209101291958,1.473021562742105,1.1981245664828577,-0.2341727268936883,-1.0086712261799577
-0.6373530883451777,-0.9264414253757629,0.32361199961571663,-0.7205155351637234,-0.3002131296567017,-0.9295190030196496,0.6343702880576982,1.3588519342899146
1.6065202800186829,-0.44578296775627635,0.9267046310610612,1.0678029405944196,1.4182466896102934,0.9706504897898022,0.6498593114453957,-0.42061034937182706
0.5181517999903744,0.7328358522498887,-0.9306272110846775,-0.5378152237549962,-0.7462949657297602,0.25444681756025944,-0.9759708954130191,-1.302572926761412
0.7584485917810165,0.8100680192113473,-1.1794216553571484,0.11397545756205071,-0.6686866608403403,-0.28461350146908637,-1.8895389598640346,-1.3307077568290202
-0.420620986876256,-1.1412472705923848,-0.15325994117148523,-0.5931330230172195,-0.6315803298766168,-1.1045627971854528,2.1075305287269592,1.4588577489973062
0.5037969721918335,-0.8533290692579572,0.35938738421618516,-0.8110791173456537,-0.9488300960254493,-0.148129215403389,0.7690669764740455,1.0377370819425447
0.7673005197653204,2.0294456382170174,-1.2451256956165844,-0.0607322706672162,-1.2934373918253368,0.08329378768824124,-1.1050723668023152,-1.336344389960087
-0.22478711958562175,0.7172699546269024,-1.603744082696893,-0.3448572977317235,-0.9558778615875382,0.01748744097983765,-0.5901002977317926,-0.7700306440846959
-1.0134436333523569,1.185942462077273,-1.3821551274756567,-0.08679603562355882,-0.711127327445812,0.30221643449859564,-0.8684385931864348,-0.6586740160226247
0.829741614603375,-1.1525523676807319,-0.26101682349516536,-0.9107222322570406,-0.668769905125884,-1.2703833407072327,-0.012622003566448207,1.391620237693464
0.01507119854704882,-0.11301819606038208,1.3681309912027844,1.5357753162065007,1.315311831398391,0.5803860697560228,0.3268624606104001,-0.43955196009402064
1.4542948050721844,1.0148565904001599,-1.5478089405857232,-0.03124501007556826,-1.12228132382326,-0.22135927723857435,-1.4413380607272495,-0.29443404314458343
1.1861348194705574,1.3815198155576256,-1.385277475823652,0.08646483643879596,-0.8415125364745211,-0.8508638519880776,-0.8152631462302146,-1.0052896508749773
0.331235756162144,0.4860890984385855,1.1524928866285626,1.2473811087338476,1.361654286158602,1.7701757425300315,0.48995403363930373,-0.8307223580514238
-1.574474129125659,0.03259632653061013,1.4723014498324922,1.5138831392705716,1.3620510633647473,0.8152228862315664,0.7514413169249692,0.29001385424682813
-0.06933719133792321,1.4910325071631658,-1.2790220396195926,-0.6612710792078397,-1.202213672273693,-0.5959943002030231,-0.5852474952848707,-1.1992612051592249
0.6111763811780867,-0.726763058079943,-0.1434507060184575,-1.519591242648445,-0.21910856854977012,-0.5988356475694362,0.5115166755666478,1.5649473679005825
-1.0040104798813505,-1.5598011181793243,-0.14278188322938745,-0.7023833867136745,-0.6169078068955687,-0.8456685330135247,0.8505921893064334,1.3826262226111208
0.7038270761269211,0.06685373262923315,1.3770078932392533,1.6164449427615049,1.4417385805002434,1.2121011977566583,0.36315953997494865,-0.5568539736961832
-2.0385135512711985,0.26280134102835156,0.6784337738580144,1.3868725089587246,1.5880378447717394,1.5234601957054097,1.122106533022229,-0.8998479302469584
1.4386326367401694,-1.4600660460183155,-0.10555077597999199,-1.280668865160242,-0.6445182831673377,-0.7172821950654721,1.3966626442295775,1.7714326437663577
0.3035049034060331,1.4127664923929284,-1.880270127267443,-0.25352835329572604,-1.331671600152173,0.24975533150377685,-1.0897805990950467,-0.4526979034806348
0.6989987027307247,-1.1606672155618598,0.2288158979734355,-0.6859270295046377,-0.7537912240651728,-0.6382758261681668,0.4345273099923192,0.9136235502200455
-1.737059399064627,0.011775371817683422,1.0029642083800643,0.9796101723143569,1.376131467746033,1.3500400443502867,0.37497313291753187,-0.295698148152407
-0.07748827607660135,-0.6040785443040768,0.5866547610130153,-1.257612161631946,0.05866802368381519,-1.3642536177328928,1.8421092520256979,1.5816360142280772
-0.25671213231049234,-1.2183782586728735,-0.021893511000127746,-0.6269553163311998,-0.5731096027362915,-1.7022351063579015,0.8391426390760258,1.2846093321293708
0.36398066860652223,-0.36027928571091605,-0.14668143934275923,-1.1743773899432701,-0.45936060876652735,-1.2635880376367083,0.7342577935373831,1.146005779326091
0.16504426251770754,-1.2158661871074221,-0.2266836325214225,-1.0924245455584338,-0.14021902196659483,-0.10789425264198307,0.017710614991504607,1.3866618835718956
1.0371950824716483,-1.427439505255852,0.3348348966833315,-0.6574093661414647,-0.21703499540247595,-1.8221876099771495,1.2559462118606337,0.9448490126277609
-0.6927344245205389,0.6639201230816766,-1.4032673946275191,-0.04055587103670856,-1.2128937761907348,-0.15718946820052374,-1.348142547107839,-0.8844649760301697
-0.06946056523538947,1.5159270218958594,-1.0336264470988743,0.7598561880539282,-0.8562247951955853,-0.16056752362156618,-1.7629504988487037,-0.8481243425686059
-1.818658214518176,0.12731383245944344,1.0413029277670078,0.9149295630864271,1.0714719763798681,0.9235376317290906,-0.5007951360413238,-0.9440832111848861
-0.9117994983368214,-1.5132490750983894,0.5235564202033769,-0.9941806289422832,-0.19314995337193744,-1.1446831202213386,1.375807907870888,1.6230722700191893
-0.05118761246132474,0.7213131081127689,1.1648724400487276,1.1902539076591185,1.5696708345158723,0.31257467741896927,-0.2884391553258661,-0.2544738884691251
-0.6001718355192913,-0.8679841010508567,-0.21930584492023128,-1.6858436654553293,-0.3945412486846734,-1.2221389219781928,-0.11545149073951667,1.5445178088568732
0.5261881294925884,-1.4443123078168323,0.25261393883676536,-0.7592802133297774,-0.22704463824692434,-0.8114193282256598,0.9866505748757973,1.4664599315265374
0.2798809888088242,-0.27330904006734424,1.1565385501374466,1.1876247235408501,1.1988050370960364,0.8750119021191192,1.070964791383911,-0.029404928592557594
-0.3421077582132598,0.798335983041015,1.5093017789401395,0.7132077651070741,0.938341915746794,0.9142893214044336,-0.1963849984921936,-0.5005164804715653
-0.5103381657033141,-1.351255109057896,-0.22970134509127735,-1.286490198226315,-0.21209231601051443,-0.7367600203891564,0.5856445863389368,1.513327652479653
2.598461957459232,1.0562299372394401,-1.1623913944981101,-0.17331748575175712,-1.1837202648512217,-0.13846959529163105,-1.5271673565710053,-1.1065841577521212
0.5809133593300422,0.41764081903900874,0.8644552309287971,1.0654701809155962,1.8433824865594715,0.6753480762557997,0.736993424496528,-0.358542112158791
1.1990057697369458,-1.105629679697338,0.09030551542108653,-0.9713853403357261,-0.20732598821484238,-1.2117142590517462,0.5148041721328567,1.3335282281648904
-0.22274380068680094,0.9164409717644152,-0.6639576551450332,-0.20710310286322975,-0.86544860896173,-0.7639736333336393,-1.2527639681853213,-0.8134220662339386
-1.1732428527441208,0.8577017594112806,-1.528289016733414,-0.1607410808876659,-0.8042487636038814,0.4629840512328282,-1.5005364990836803,-0.5492172039230779
0.29617012698589507,1.4399101358298085,-1.0829634161511048,0.06047441684706332,-1.1353500382492725,-0.8517118830291347,-1.476642590902659,-1.0082931749606463
0.16794603763160054,-0.3440068989411317,0.08273996464562339,-1.7098601893720946,-0.04066737105406638,-0.9406237057597672,1.7476703930751236,1.2220436608332532
-0.5340057017657397,0.27317584695534225,1.061104847342132,0.797533357941026,0.9420912583831073,0.9055198518316941,1.4182101790278503,-0.517469725434571
-0.7465016165163847,0.3694171779406602,1.3205373776421356,1.1710779875386652,1.02830315856009,1.252808338409644,0.6630477285154318,-0.7557358232601578
-0.25544103394652595,0.8480244263447454,-1.154817141159565,0.18109407590252577,-1.2797086397195045,0.5830178523083187,-1.1863147530670979,-1.1045207769221852
0.0310236602855117,-1.5405209672994213,0.15761481696483953,-0.9511621522790347,-0.617163728264147,-1.644910928807785,0.09093463396302301,0.727010972581896
0.05146681120831286,-0.8614885210003949,0.31181910423959924,-1.0062550300290758,-0.16764067864383586,-1.4035174241589627,1.2351352547226373,1.749091924398382
0.19119758784326638,1.688250735568644,-1.4469721097534278,-0.16859482968160244,-0.7063904672773688,-0.35365146154623145,-1.606951635353267,-0.7236375815732068
-0.9424363156468952,-0.5479623004627006,1.416897584791577,1.510124993571058,1.0529974481312543,0.21697439536897598,0.8178006654205694,-0.010569874833183142
-0.09819524758778375,0.6321371367441715,-0.8969445031979261,-0.1091612427597901,-0.2809359251888424,-0.6092232724875458,-1.716848532520466,-0.6868766004569232
0.01666786914953667,1.3704769212373997,-1.1201296136628598,-0.19473040393752875,-1.4893382145597955,0.009108824697978577,-1.5808964528395149,-1.1570618740202874
1.8855412978789534,-1.4146622959983433,0.35410107215935377,-1.2546408205858806,0.024296342883452508,-0.931334945926539,0.732215926166465,1.0020921333848276
-0.6463320935232614,-1.1178881742721012,0.7172895378895812,-1.6613208405100215,-0.3109367853803958,-0.8124924437306517,0.06065658177404444,0.9875780035883733
-0.7274396624812856,-0.3154090895807709,1.312502348545931,1.1797854623257136,0.9866489439485913,1.1768393278661933,-0.48092196236474855,-0.5906870155432229
0.5122411899908892,-1.7264375928668285,-0.4984859345715206,-1.20745232212058,-0.13351880706596558,-1.2649136974517632,0.5735542506753918,1.2323690169801813
0.6159063324897837,1.2005511457316855,-0.529140736548027,-0.5049003740834092,-1.4588917726797113,-0.675648822115059,-1.1004969307678207,-0.46399828393986325
1.8669283818123574,-1.1792632449561034,0.35019415299893203,-1.3040773135673334,-0.6783865239870771,-1.111481193331168,0.8278108607437288,1.0910246393380816
0.11334612796987478,0.7587293206619746,-0.857088424746554,-0.3309465968781405,-0.6668355633800502,0.2778347793510071,-0.6348338951901098,-1.3996632885214788
-0.5957875210119676,-0.1330938699415441,0.6441594622568674,0.5009696883876942,1.39789271473261,1.422684918716583,0.058660721413756715,-0.6391583508599861
-1.7039104779416596,-0.27180227927541695,0.7744810564703629,1.417179639843153,1.2571102332784718,1.5755470131128135,0.4709733416028735,-0.1943556279950395
-0.3836886133473881,-0.9572057616590343,0.5167826759627797,-0.8100360771984286,-0.5173452318910673,-1.315437756075926,-0.01101202360626894,1.1301851979036992
0.1968418449339394,-1.5924517810993843,0.15534964481903352,-1.4057405735784132,-0.20688146934564924,-1.1391152500127582,0.21815937578003877,1.4909578542191864
0.5211087048926155,1.9412708899082736,-0.7272906225929078,-0.2135502761425044,-0.9601728201961243,0.21252116273702287,0.09671002527072882,-1.3391893385676514
-0.7221985092766513,1.2216613038760464,-1.1551516700330933,-0.19562862055071645,-0.8287815982212023,-0.08200726229994365,-1.6769099696422964,-0.3242461711301367
0.8489274363977473,-1.205605592923497,0.09153778453570739,-1.1669272127519463,-0.1277043733442093,-0.043963939714574886,0.609166200345661,1.6607361434193524
-0.5991876033024998,0.2862591026631847,0.837918684814151,1.71498087537702,1.3837852367212284,1.0952905948432146,0.24119827807896455,-0.17123935224599093
0.2955004935439901,1.259505955061525,-1.384755363015912,-0.07648584749950457,-1.3525835070900645,-1.0777171198638211,-1.4158485104829572,-0.9051935203595856
0.8938743332105408,-0.8741833844991472,0.6173028439852393,-1.070094180379194,-0.05211263708949645,-0.5614659795377068,0.00017307231266085077,1.5662885161866358
0.009033690537780414,0.934838185704625,-0.4450115245782803,-0.3694752426969671,-1.213219517184356,-0.14280889245740727,-2.4522898506319715,-0.5610721131015118
-1.890934581581238,-0.5649617163335962,1.1297180397667588,0.8299447502924298,1.2955638794078415,2.039428094124207,0.8954371474222006,-0.08812147239963344
0.0767303386176372,0.3196093373469704,1.0079286077366567,1.6106107884520395,1.2381718980283731,1.2748093979285269,0.38700466223859864,-1.029547761024491
0.07435773630629414,1.5459902461814732,-1.020893403064341,-0.033946530269275556,-0.8951864437356819,0.29492974306662767,-1.1336676915101644,-1.0828528442319285
-2.5872354297590348,1.0193461044145746,0.8952276052710616,1.1050996726791953,1.405371208204278,1.0439591948842462,0.7719434896488518,-0.16077338068559152
1.9600189986417722,-0.9525476296893336,0.033621833300416376,-0.8908018105619344,-0.6902875332570892,-0.8387803407852618,0.09173531738517363,1.6329777108798227
0.6713401352223435,-0.7530759349672079,-0.09546129091469124,-1.3030786347858518,-0.25245006514438323,-0.4780997902746641,1.3078469336699292,1.5656356034430192
-0.96315074099733,-1.6207378935478922,0.47684755964765285,-1.1374289334504506,-0.49840036546728933,-0.7060685623487962,1.209184763369095,1.2898756890319893
-0.3062184419619632,0.3030945238184668,1.6627265100437232,1.0072431031772717,1.5678113902567656,1.1814661263026849,0.3706757239866316,-0.7797064789929511
0.14217646448853025,-0.7913502614519913,0.30431304805826337,-0.7158313475682474,-0.5795434374344002,-1.2334826674348416,0.6431826289738213,1.1617596332742604
1.6148784979563529,1.6869069652715163,-1.0947225230791442,-0.35199875905241157,-0.9576586770680489,-0.2670618669783159,-1.5963750548115552,-0.7941398952793147
0.5956431810655749,-0.6295979093811472,-0.4069694102137283,-0.7636333073690753,-0.12460022311282228,-0.5493137005162431,0.40094353391014353,1.2998942986012039
0.492117571018687,1.2041336885533374,-1.170833411881941,0.3229382862998879,-1.0093475261456708,-0.26637815291407924,-0.8841600282897762,-1.6308527690754526
0.45470254338929433,-1.1478440719038332,0.020579857030028688,-0.9249924609259621,-0.17214624267677237,-1.1998644290716745,0.12417278344024711,2.008745201596317
0.15931739501141529,-0.538914063300309,1.2878913140880257,1.0546654613745243,1.2738749507049945,1.610566649598033,0.7845205090412847,-0.4421037213939674
-1.2179757785050906,-0.7424388184350038,-0.3709452118139369,-0.8067314030672682,-0.33111635977427306,-1.0124969862350028,1.0364200278408118,1.3259593582194749
1.4302981823301077,0.8478307351298635,-0.7900364732649527,-0.08263528981894074,-0.9846724344134183,0.25818829941819993,-1.0841874031964667,-0.7363369146007954
-0.37218113592785057,-0.6227126001250782,1.5469651697028928,1.1644035163957709,1.3003471732705572,1.83622191309079,0.5302801263105532,-0.4655194391665259
0.5244000633373728,-0.9961947561260974,0.3109054864946731,-0.7839896574619443,-0.7363440463772329,-1.4710865047863677,0.9805672666429182,1.0300059202523821
0.6076833375672918,1.3578684978324476,-0.6754925429584476,0.013618298937582674,-0.7298531693209492,-0.3403170194038479,-0.7074756333655638,-0.8249078227289014
-0.6907743757953745,1.392532283790391,-1.4302557721315923,0.20694030881068706,-1.3701196103389988,-0.29543643259234836,-0.86288483916839,-0.5724641036966152
-0.37242477368521804,-0.34225556118992556,1.1064523987614503,1.3214189874441107,1.0984532936395597,1.0976506979203466,0.8155686674666897,-0.2195918346755019
0.40011305802071245,1.253405308015838,-1.231940034902239,0.5490962475695539,-0.4494525845394396,-0.5626184190653001,-0.41324464636870367,-1.0459313327770474
-1.1210656311846217,0.02007993563234713,1.7108687180057804,1.3087004514544656,1.3551612210378514,1.3180862195183096,0.7518643586753684,-0.7274365195398296
0.3980875648278982,-0.20706666454961564,0.709230935341633,1.4638648368031377,1.6621885548322652,0.675387620655306,0.601562672048855,-0.11372059516821934
1.284601410099484,-1.0765423432642893,0.29434778362501224,-1.2246407340952907,-0.2758571316737137,-0.565114072075242,1.593994289519017,0.8950561056314116
0.24564808322449036,-0.6916491569717135,0.22059211936760428,-1.457840849430946,-0.15475970519425772,-0.8846011594929657,0.7277510959017343,0.9702249501100629
-1.9889253659749524,0.23944726118495455,1.128337833742908,0.6718309258920789,1.3302878194614054,0.740539162494317,0.49379168589369543,-0.14850941526736838
1.1264297177838072,-1.2911680879935066,0.6788758673017339,-1.616090919009978,-0.5338765895909733,-0.5363768276722691,0.8093579639654755,0.7838500309018733
-2.508196832297229,0.19448445157520092,0.593433361739056,1.416519346017269,1.010955262810204,1.8229662721968423,1.1979434041556951,-0.5995406161800245
0.2828788805140976,-0.9571070905011282,0.4725628596940658,-1.535078321057985,-0.16371072088556152,-1.6959046492480905,1.425431766164554,1.025448751368337
-0.30072109852400863,1.0399998302693299,-1.1782360275307253,-0.05353203070156898,-0.8470371775759625,-0.8173797772237623,-1.7146909711535268,-1.2161048081893469
-1.120951587784998,-0.3336418010461934,1.0713756802566996,1.4847130426469397,1.3616447450474738,1.4456861717002498,0.6353646845327494,-0.22930732814551116
-1.0364616395880117,1.173075607312175,-1.4299196358796222,0.5580557107035978,-0.7824304475400052,-0.39771757644344924,-1.165509409926339,-1.1513748341278804
1.7249230496079238,-0.6767736416527339,0.45923041351606436,-0.7854023721336076,-0.5076108149463436,-1.8995038848031875,0.3281561262961063,0.8962927849957409
-0.47423691635288373,0.7070566405679053,0.5719269028929617,1.0764156112977579,1.957519383666867,0.7897526615258761,-0.15263463712331804,-0.3886233895787249
2.083891297228128,-1.1813494584008009,0.38636203361422244,-1.0633786211836918,-0.1780337832056438,-0.9197413988336351,0.6790474934741392,1.014723167854392
-1.2105649280849398,0.3488016457375789,1.2267690374848377,1.1101966070184708,1.7366516969779149,1.4747848038195612,0.10123979984348441,-0.034504629040650665
0.35548303774671985,0.9986954749644543,-0.4838127382956084,0.004060016980996305,-1.2821467022377362,-0.6841508275918333,-0.38697370046773527,-0.7655935839279179
1.3987032128564703,1.1696597934620745,-1.1708082828427828,-0.3982340158888018,-1.196314361747128,-0.407890935329481,-1.8610267451066609,-1.484219398136987
0.7593072690796694,0.2575822027072462,0.9574254342320628,1.2366615990963508,1.4660033328477804,1.119243643394797,0.3508308114769065,-0.39704754093906397
-0.9032059889265398,0.5295203897396322,0.9540003392297142,0.7368957243574256,0.9624709136847485,1.3564385895978315,0.46313100761732684,-0.10137082006153764
1.555680661886623,-1.180600689671692,-0.1651386647784143,-1.3556948998112501,-0.409783543134173,-0.39075649592229655,1.0737130239590882,1.5254905396206342
-0.25340038403154014,0.9687550642123877,-1.3756061023862673,-0.037262677664575104,-0.6636426659510605,-0.0977353465164593,-1.9362821700302995,-0.9160254346688367
0.001299099528840663,-0.5930101900462105,1.0312611228302233,1.6929697094304648,1.3318940101782522,1.4755617471963334,0.33783414527680733,0.203117652459897
0.24425010255160978,-1.3574955547516414,0.10986318627959196,-1.0559467813573817,-0.25378535760557913,-1.3326364932806531,1.0251941774246949,1.0538914571967164
-0.797600713421733,-0.13006049962001884,1.1012315994938775,1.560281417820061,1.0933390652234372,1.3810711048110231,-0.39219778795953314,-0.04264013091246657
1.3736894169366618,-1.2189564199609912,0.20621787473057632,-0.9033304887948421,-0.04458196329454305,-0.9050189555003376,1.202848808471321,1.2673162615116023
0.589427751467495,-1.6392840264276896,0.5652046424331186,-1.304667831805888,-0.39795271623062306,-1.1735541707166974,0.3525471432677995,1.0756068876262121
0.05811612527964043,0.25299733096260285,1.1675703482279975,1.170712533733434,1.158396728657097,1.2768314269156864,0.05072232099989602,-0.4926922577420596
-0.11925104205172575,1.3940401276874415,-1.0823985444245565,-0.3850122294767541,-0.6193441410570861,-0.054932068126159556,-1.641012242555327,-1.2479856270749008
0.06224932302057023,1.1170100320560172,-1.9573628326343688,0.03923635166827109,-0.5715915108689698,-0.5174774829137698,-0.5094746244202654,-0.979260658683779
-0.2303513865445439,-1.5747681146165415,0.17536050749711984,-1.0884126294221523,-0.7481669282127711,-1.260297099194175,0.5108951753657596,1.0218395425065652
1.3605597912617242,1.1065149638030987,-1.455288364097753,-0.36584374892076765,-1.526817413745693,-0.33142930541924465,-0.8064174177158481,-0.48326403703965376
-0.9221324116883494,1.253772689066337,-1.308978657713953,-0.14702218943704032,-0.7778213009159851,-0.6231737137381487,-1.1468741613867695,-1.0122088019671192
0.43527032743872957,-0.6264334839609342,1.1677748422153702,1.657497728385841,1.0098995792214445,0.37483660723758694,0.518348382725613,-0.30980693705199486
0.7378367329105714,0.8206394002297291,-0.7081265129466694,-0.04254165379009497,-0.8685266629031858,-0.49789462753383984,-1.2584622667998884,-0.7862087989991657
1.4240712509800386,2.101406506348735,-1.0232257136585283,-0.342541511612891,-0.8050507534011815,0.08902801348950039,-1.1732088323590464,-0.4238242440503461
-0.7547981813707489,-0.1770802861970871,1.3482524810005485,1.0991552603911205,1.3355227898533097,1.2332755179475825,0.32988305726005673,-0.14120162545183088
-0.6589026485979872,0.35786708241724247,1.510602055816602,1.295112643228237,1.3953427197804584,1.0804585362323649,0.11937303539737816,-0.277347187239755
-0.4036948795078749,1.2642199454030525,-0.9621642382416141,-0.3855180828158982,-0.7138484755118621,0.04771738946155925,-1.371222665502767,-1.3660963037242981
0.5144907184328785,1.6853864659499709,-1.3944758459476847,-0.33596728000286735,-1.171826277532265,-0.49867607311703177,-0.9493621860031048,-0.7738617228812233
-0.5435122114965102,-0.02515755588953251,1.5338872099042449,1.3385166654135239,1.3803108826240877,1.0105163072956205,-0.6316284594257912,-1.2476536886643292
-3.0988483395980406,0.19241810457570216,1.2774857587258837,0.48010941220842496,0.994498917167264,1.0013077650239264,0.5735712826448242,-0.16656629897504835
1.1753998104089423,1.8391903083874357,-1.1516385771161144,0.263133263212637,-1.0620462973237357,-0.2893573755168197,-1.5039203241314085,-0.7801003060019561
-1.1295696043422372,-1.0743465851826381,0.20089207539485113,-0.8777465298425801,-0.5591407342189617,-1.0336289942685233,0.20564064633980808,0.9514246677634018
-0.348682480532962,0.2438423130314982,0.9468856233916937,1.6378510434629243,1.1489222090256186,1.5904875185618192,-0.28132169289276904,-0.6094694648361595
-1.7725118205138168,0.04547792968523214,0.7388283447211019,1.4011241831692445,1.3968081888408665,1.5401197519700909,1.1246405834137458,-0.6888924564889558
1.2183029286552305,-0.7477254747526367,0.3441314208249546,-1.5629041025074686,0.011625453023506056,-0.7782615698905606,0.9656630778415438,1.4447901470111608
0.051607207337274565,1.4336268848738511,-1.3837415766972025,-0.2641392889360206,-0.652311625975174,-1.1664863032341166,-0.6026918014958881,-0.8387500688399216
0.06035444103414096,-1.0002931833497455,0.8189672990077579,-1.032362628630317,-0.05827481284337421,-0.6881529626826168,1.310823738179929,1.8458818493946414
0.3601530467601835,-2.0460777616087977,0.2620794268314633,-1.3699261095443231,-0.461797458976958,-1.1572823963197447,1.1826605483738903,1.8481891150981946
0.1318969045351374,-0.2163075721445311,0.19762135041064047,-1.0684709472730491,-0.151438031351529,-0.43971272015610147,0.26079812969006994,1.349333536510155
-0.3375554959052233,0.6924087432006144,-0.7064212788707046,-0.12112386688830822,-1.4660033209892238,-0.30027690318502237,-1.1817577979500455,-0.7160037977039978
-1.1082136780454679,0.48861280075830943,1.1976058815747452,1.5040291512549053,1.0042815661015105,0.9171660751721142,0.5896972326452696,-0.38866401096486675
2.244457553981032,-1.0581568140778697,0.17858413675596307,-1.3925554615020173,0.003914068291507263,-1.3577999434440702,0.8148210304844747,1.0146202566797033
0.14380427537268617,1.1383408656755563,-1.5107739907632518,-0.5078979420742132,-0.6431484977960124,0.19164226857009334,-1.3917139782185355,-0.9236689868820921
-1.3379510524123543,-0.09794427368456904,1.2156753770405042,1.4637526932862748,1.174765294517281,1.1632206367581677,0.5249240435945426,-0.5012413098136763
0.08066105256852146,-1.229794270253421,0.163610079780894,-1.0248829358251628,-0.5134725887652019,-1.3452813457088715,0.19334767760490323,2.248438295914497
-0.982992162829883,-1.2856255037271582,0.15366206719654654,-0.9240678302593698,-0.17604857610275093,-2.1314367121849096,1.4170185577217544,1.3181552455002086
0.6450615054565982,1.2090238063195526,-2.1414319060770013,-0.3461671813269951,-0.2158818553203028,-0.4185720443920393,-1.4528419568826465,-0.7410851085155794
0.28319402695038615,1.2022421397797711,-1.1503201084430614,-0.022207263546310824,-0.3771112806968263,0.39308107716599605,-1.8302455359214027,-1.0902821685129118
0.30308043544910873,1.3629393689082479,-1.3492462156425082,0.01402164736317334,-1.337307473955466,-0.019261902641121112,-0.6665392442237017,-0.8496016040592036
-0.8754992743301451,-0.42503144569694284,0.49382518380784957,1.4604134068403234,1.1618297379444638,1.266465127749687,0.4999478894124411,-0.44351511521591397
0.48932490651338023,-1.594606403472773,0.33198150999039094,-1.6354066662414906,-0.3651724904805472,-0.5290012411553234,0.6606603417656247,1.8073189130177345
-0.02960165114871905,-1.4368745133898984,0.16076668027124966,-1.7441276464924584,-0.4078631148494915,-0.757324948347274,1.2810653665253284,1.5671310236299787
-0.22121052487671217,1.4956110220045025,-0.6227087681086154,0.07906941295693812,-1.0219518519373731,0.25658377893698775,-1.9023137277433895,-0.6795365848886559
-2.0932216825410332,-0.049048808314586474,1.1402079889016101,1.2680384682932382,1.0840986479813626,0.7729324665368473,1.2209353358694568,0.0379427945563123
0.24547773642220508,-0.08844589350824669,0.6976213489001599,1.0074609343876042,1.0888107182319484,1.2478607222710787,0.11696213000803088,-0.31685036632404995
0.3108989707139605,0.8846276207087516,-0.6669233969768644,0.008265602699286785,-1.4622918068931372,0.21838851740358922,-0.7909467050561853,-1.0865834882918959
1.6864621823919652,-0.4827928849843298,-0.2571444989338152,-0.7998113449422694,-0.31064281788448955,-0.43715630816693185,-0.17136239594005048,1.6857928954258092
-0.1467920912527696,-1.2150197194749066,0.16337669867694068,-1.2286726684501208,-0.26490041632377176,-0.5047900152959965,0.8399368855637552,1.776702261174404
-0.18993020883133593,0.2575282754420697,-0.9301123297386422,-0.09740341282430884,-1.321513929370742,0.1935361911910372,-0.6998848245578277,-0.6195052927126011
-0.4310643315597047,-0.9596050349349093,0.2047091479744459,-1.4053257793106078,-0.9093929631609647,-1.3348114231981816,0.5945187498197043,1.3689634941810176
1.273639021840174,-1.1385014477537532,-0.6366071536753335,-1.3992609350605938,-0.5643611304026177,-1.8395752882609742,0.6557860873938963,1.7678248216282717
-0.7973966458284057,0.012550934764998814,1.174433157265209,1.4613315947461893,1.6266690622395177,1.6421600901325495,0.9934651644052943,-0.7105451113209615
-0.8110609255458632,1.843312934115208,-1.415303848162711,0.0681673948135501,-1.081693896936844,-0.7430076900152888,-0.9322004531609026,-1.4145043615616082
0.2250765879078306,-1.1187920111809753,-0.06285975230737392,-1.1205326308505372,-0.5420167426515139,-0.4514009075754867,-0.03028805930365258,1.5843160316611309
-1.4838083932442692,0.016492468635064383,0.769934230121802,1.3554464567902935,1.1498878803866757,-0.250421451315659,0.9317527924983403,-0.2205370276862236
-0.7305870544705019,0.06467125113542845,1.22920183411155,1.076873152033461,1.841680553368593,0.9494703736514148,0.355125267119872,-0.8109189740449999
1.945575313271977,0.13447608231403693,0.6938349636935992,1.1388426947219925,1.3060625423661065,1.7007921134133812,0.9352250381028868,0.08779365409322623
0.877304213592454,1.3017678183651107,-0.8232268301980312,-0.24204402500198943,-1.273130543342873,0.19306782894516986,-1.3802245773306665,-0.8440399220563815
-1.7224874957593583,-0.41414829717290175,0.5953661785130954,-1.6393761363344486,-0.5533883210458248,-1.216602692175677,1.4216624946083964,1.5761540266536214
-0.13939232351636724,-1.3973808626864674,0.14459752710051024,-1.3283472858629715,-0.2994863169532357,-0.4764785623068954,-0.050355234799174316,1.743693642567863
0.9446328216849849,-0.7830177281390793,0.3529752584224102,1.4381778806697478,0.9237636714593249,0.9183608036824911,-0.1782844424993829,-0.8240866170314523
-1.0605121096788357,-0.41842248890090855,0.9481384060695709,1.01523376472729,1.1743896714364475,1.0399247313570819,0.19999144229555058,0.01785985228686695
1.105427747163092,-0.4410876149869352,-0.321794641161851,-1.1487660712680337,-0.331677705781904,-0.4489942012826081,1.6149333184093908,0.9609548394085983
-0.4301367370788425,1.6929385021475103,-1.5128645253605508,-0.01871018827002372,-1.1740342548984386,-0.9524455124061174,-1.4960412490657238,-0.7498921390854396
-0.6525610028055809,1.245196707227606,-1.3694535094593605,-0.39405021232387577,-0.8718110808252089,-0.45959917260209215,-1.8277764841891915,-0.8188720442496954
