Feature_1,Feature_2,Feature_3,Feature_4,Feature_5,Feature_6,Feature_7,Feature_8,Cluster
-2.7741770571771247,7.402735933844572,-11.184619704619433,-2.7072001327446835,-12.314548772262114,-4.042156254839707,-8.094500343250516,-7.172956162522157,2
-7.127998146070976,0.2912902533188359,10.342957065499306,9.477410273898068,5.565522607627064,3.855497817923973,-2.161313135638219,-7.749425906374965,0
-5.846601072418956,-0.0213043378017827,6.408326999154729,10.231982854473234,6.327388888816428,6.463548781875611,1.5096132509917588,-7.561711772300083,0
-3.3022772009578545,-6.314043324503345,5.172450707160269,-6.900825801963755,-5.949430602585873,-5.445651293849336,-1.3595688223585685,2.4941034517115384,1
-1.6369006683537175,-7.719897816859566,0.616673735751407,-10.9640031474672,-3.991851365735343,-6.272073048858412,-0.0766022698762659,4.464683590521849,1
-4.149318851664292,0.555178835184536,7.109175547731114,10.593678694893317,6.703378740747157,2.8422338677333165,-1.3196227120857544,-6.921566539229256,0
-5.71283755924986,-1.554481927977273,7.889322597361854,11.616838894589804,6.127304670131784,7.105397325349019,-2.184630284614053,-5.749995037140852,0
-4.046686686369842,-1.1806063955645714,5.108874349935555,10.276412769337018,7.1216589537653325,4.118512893753161,-1.7661748626429872,-6.552594463870074,0
-7.31528139150584,-1.6163928713478553,6.689928900537122,9.50142434238687,7.561404486797477,5.045210838729364,-1.51671266855222,-7.53363988554351,0
-1.0263822483591838,2.8607971133986507,-10.103476623644038,-0.9736856678813416,-9.842999117449825,-7.230752727677741,-8.18294228705643,-8.322776202108292,2
-0.360012880768601,-4.424173721291803,3.316368956770407,-8.075680450312847,-4.723009909261299,-4.665139348121846,-1.9953656610682384,4.643572393397912,1
-2.7878662954307813,4.135943012864166,-4.791284305111002,1.898658566937356,-11.276639908702732,-5.155221681558466,-9.28419783207018,-9.353450091312451,2
-4.60311020941806,2.28027059247345,5.595685760856643,7.302358987487159,3.5457238671578954,1.6456665183978831,-1.6947012468430929,-4.688269190806887,0
-4.6547329232081935,-2.044592645311103,1.363727523747381,-9.721521419181936,-2.627208276984572,-6.301425098244246,-2.964154422446117,2.7643868071717934,1
-3.4566916807954984,-0.0601615973321872,6.315343427401563,9.32555102367292,7.119720961154895,5.5547471809037,1.231418828986964,-2.936135346985868,0
-4.011106512786888,-2.5181472030333336,1.1057651359888006,-8.632511806053728,-5.137399846021939,-7.794837754815652,2.0187306097512945,3.46362737016466,1
-3.193051545751972,4.584940736687169,-5.312972652712997,0.3249108369070228,-6.848075156523979,-1.1640988341620837,-7.153643174867039,-11.47209582659082,2
-0.8021615130714034,-6.635455809559116,4.463149840216419,-8.127912672843623,-2.6318030460148925,-5.762861118060661,-1.5966326722791957,1.0112037664141007,1
2.8929332889136665,-3.6503178050173775,-0.6832190015651447,-8.6191887728117,-5.436961680222595,-6.852221116391955,0.2778855697061296,5.436309463225334,1
-6.155728579206945,3.417735289368708,3.4029898311393105,10.579002060284449,6.262525018410759,1.019219169780397,0.3379603723256559,-7.721127526946041,0
1.5297738215816643,-3.9313799229772695,0.2666037027488434,-9.279377256311948,-5.639849641602346,-7.568613654387375,1.166632360502314,1.904177773506132,1
-1.5914187994710831,5.568802592192276,-8.89729177776381,-1.995632854991916,-7.420472581690382,-5.682458182053564,-8.157242406408125,-9.477243700880766,2
-0.8812475845619918,-1.8005079631555403,3.72154761369226,9.900852906164692,9.755151879186464,0.7331002039838079,-1.006875975512706,-7.41664017763943,0
3.1185465235260734,5.503242400166672,-6.853324999121185,-1.892091505506464,-11.157534815164537,-6.385351858453459,-5.395022397125084,-5.972847379466346,2
-6.815448025364122,6.065577004071821,-7.41920947953758,-0.5652135010586942,-6.739704005624709,-4.439950939788437,-11.551396122669248,-11.784858993608736,2
-2.6648393941060844,5.379656066378804,-7.302863420039285,-0.3182819905307801,-9.287090002748457,-1.2752865415824712,-9.699227479192372,-8.563577426906376,2
-3.9050761412345296,-4.992533215857385,-1.7838953366830856,-9.356582191151633,-3.6121840512335535,-6.3272346988957455,4.041966856531282,5.339867316309437,1
-3.628215015103053,1.4730802774524423,8.53346145331303,13.398059789450896,3.509016858709102,6.506170202957497,-1.0753264993855816,-5.2218264291347145,0
-4.012068253154258,-9.979785955276697,-1.5684379433671332,-9.162697386546728,-9.718462818836024,-8.717657323612064,0.3375795595551258,0.635960583747242,1
-0.5179861460504052,-5.133269990500798,-2.6931477103038186,-9.233048662424876,-6.597391479246554,-11.680998187265574,1.5033029111575098,3.8404131253620153,1
-4.832749397653672,-6.409867987367524,-0.6146369922126549,-5.214120271506116,-1.83034037183835,-7.545670445536965,1.339977026482764,4.201685522875753,1
1.4189472439617088,4.1327867604904425,-5.407325768204596,1.4103037998486356,-9.664977995408885,-0.5136405366570513,-6.946887912146638,-9.833188061373196,2
-6.899273344407273,2.4351670480216008,3.2949066001163376,12.124128546271107,8.114453202208761,3.39259416349808,-3.000346123504825,-8.93929323064959,0
-2.829320503390324,2.3180175184168443,-6.778968790512853,-0.1273369033528328,-6.435934835576187,-4.35791962539698,-6.061311825961004,-7.841515862185913,2
-0.1227042193074947,-5.93988705997995,2.3489912431178217,-10.32433848633757,-5.517178679433449,-5.726612766921678,3.515135290825956,5.311994576550664,1
-2.21922920675945,-1.5731922480935414,5.30615124805048,10.247428212608426,5.155112692502168,1.537317065571184,-1.725421266055196,-7.834028219938204,0
-6.3866824165917855,-0.8073807895602569,8.396253490721655,7.724342402977044,8.30751599617428,1.894966695023892,-2.5461785428696797,-5.799611811434723,0
-2.983569147505785,-2.0017954809270533,-3.0928370914482914,-6.537512612295743,-8.177437125942514,-2.574005758061049,0.4325842755602563,2.1195260738549333,1
-2.952220428373441,-6.707071793064693,1.2271204068036812,-7.197499488806598,-4.50443802351172,-5.394625737799781,0.3767622309394637,5.120450821133806,1
-3.952840389830346,-0.8126355650354619,7.880287527718007,9.4409946089639,5.507712174775941,7.03517433235899,0.2476538353081807,-7.974835974092208,0
-3.599381984350712,7.341595618332536,-7.782246730258652,3.766648327182625,-9.757153232103516,-3.000718248633763,-7.103962021682398,-12.544165715718352,2
-3.4279510005511358,4.528720013669798,-6.664221593765742,-1.623843348054754,-13.282135636181623,-3.911492110423061,-8.618870561018744,-9.530514640002774,2
-1.5788391255696863,-6.575412423490455,2.1183303027802958,-9.457801086480004,-6.491141482259716,-7.296347164843572,-0.0859760341722136,2.67581281088691,1
-6.112182622949124,-0.7569546329368468,8.093722672726877,11.179167219766084,9.464396564715068,6.322841015528331,0.5682320647178736,-12.049262296978853,0
-1.6893510045861664,-0.2352395186332884,5.535218790088084,7.563168200329803,7.300391138319706,6.852302618955817,0.6224565755968736,-3.277290841469261,0
-4.952100154633373,-2.4004247746600784,4.878170196768423,8.473143841008085,10.622123678722405,4.212774162183853,0.9681515139595394,-2.889351990263803,0
0.1677369022065278,3.764806456305048,-5.352638460861352,0.943301952064115,-7.957291894966323,-1.4804447116683903,-8.266975478453594,-10.702030731674787,2
-3.10638783694347,-1.625372851018543,7.35916608740598,6.75752477048419,6.983506219838232,0.5809199629400261,0.1668574895093592,-6.332093787481591,0
-0.6057856445400946,4.267531993254809,-7.9585676145778255,-1.1427041947577437,-9.957202453292572,-5.256980190744848,-7.59279165223437,-7.29113184356224,2
-2.385203248431338,3.671609402549468,-9.06494347078634,3.35333645090096,-9.952216378316978,-4.391547164123724,-6.083664743440217,-6.401772987842628,2
-4.299394225311774,-6.359592771153778,1.5671824109862085,-8.73074017678226,-5.159134740815173,-5.6736309373554805,-0.217739424317232,5.524253841693088,1
-0.6535269890363323,-4.1064319585335,-4.852879160345012,-6.8642005240344925,-2.619403828398099,-4.723638065641676,-2.64771290427212,3.4681006477733862,1
-1.836883638973404,6.121547353401905,-5.947910131110174,-1.46878351263647,-10.461940005023903,-2.302612602417824,-7.417322281716397,-8.622120861115196,2
-1.7513525003171924,7.825542868498768,-5.633870281650837,0.971045950132555,-8.90704107903006,-3.9767038235794905,-6.586971757986929,-7.506434016393264,2
-0.5857641869179447,-8.889799839183196,-4.0258691483314815,-1.2015247927240926,-2.125489155900792,-7.989210625185962,-2.785524702077045,4.380245963471848,1
-2.147989466448705,-6.987990302430705,3.0405312023654667,-9.2445004637451,-3.713922937305261,-8.598342880377606,1.7257851940893776,2.807098088516942,1
-4.694263633857606,-1.1195316512135445,7.106787951332759,7.676256273288332,6.537852999389591,4.0171441006119135,1.0922479774522011,-6.744731907833087,0
-1.6704230603764565,-7.451464520094713,0.4077695684882914,-7.377469113352606,-3.6794664265524135,-9.330303884839177,-0.8764638724406837,6.344651350116776,1
1.2198592712432053,-6.671280407957867,-0.4022123397901271,-7.997568717506795,-2.780355086336985,-6.867853497357775,-0.996261225326584,1.9778596424417745,1
-0.8906665634536726,-10.558289483842902,2.4590319030898757,-6.055354952773561,-4.539269925445486,-5.051285054871388,-1.6118112409675558,4.175451649708266,1
-1.7062746389302674,0.5379311739094723,6.316597598497824,8.001861913021344,10.630060014322554,7.716753182645721,2.350972178962276,-4.657169232525932,0
-2.376149835465436,6.625037530400184,-5.606538793854501,-0.5959998036094795,-10.79819872014442,-1.7440374814790904,-7.985452535277101,-11.21312682559666,2
-1.8744879955256943,-5.278047683231023,2.429966526856916,-9.27064382501236,-2.3682359605532266,-7.356081134197566,-0.2302194955115328,0.7591640638778059,1
-0.6085505802447173,-8.543867778202175,0.6575652421829575,-6.562490605188461,-2.2802940522666804,-4.756810967732758,0.4417029455342298,6.1561704833925655,1
-1.0507427735764296,1.2210478981547546,8.40649704739625,10.775857123450477,7.794324492906857,3.409627169335474,1.226467474382793,-11.713256369650267,0
-1.852734731741368,-2.106790588938172,3.782571563133121,5.768588728845504,9.592692810579152,3.3438552892970725,-0.0680935641564277,-3.6373353997959663,0
-2.9193659855449274,5.377477529983129,-6.335905666747339,1.8355223984219564,-10.02225121150377,-3.719825471098358,-7.130382401034855,-9.939231438850848,2
-4.258324744059989,11.604474222043075,-3.241423190978577,-4.358124169890857,-8.45429638565961,-0.1777865583055144,-7.428535909893555,-9.771683676552293,2
-2.0856071466375194,1.8577630667687908,-4.602119751527299,3.625395699760211,-8.905974699062313,-4.245640462937306,-5.598004205279476,-9.585448087994134,2
-2.760494940366217,2.707032944052381,9.13174436303462,8.387462455011633,7.996734820545469,0.7430286471160761,2.1282554395713205,-5.547497588690737,0
1.891726176290476,-6.020921362811953,-0.889913907594581,-9.984339495143372,-8.569685547888607,-5.47681626015838,-3.543579226919962,2.474361656538912,1
-2.539784223322187,5.056281493824238,-7.837158071545793,0.2219631280180821,-9.513923276402052,-3.40901593458233,-8.006992067721242,-10.465802076729888,2
-0.1732195305321493,6.519597377218977,-2.658987726132671,0.4852891015159331,-8.792426206705015,-4.179940764676704,-10.3483702204232,-6.604097694469076,2
-3.4005306455161515,-4.063444862960897,-2.271147089563588,-8.82175303493926,-3.9254902090561945,-5.350932314119691,-2.5816020524349232,-0.0919734845739941,1
0.3172348204305062,1.9666848964186,-8.572111327557455,-1.1274596386001894,-7.039454959304534,-0.4641766414319579,-9.27141451001154,-7.69890372500981,2
-5.583102947408496,-0.2002634500745986,8.13614345658299,10.470051114985113,4.315902256938605,3.358556581051367,0.5474618909599769,-7.350694745515144,0
-0.2628418534587009,4.545143010242128,-8.330906471818679,-1.5321282464548829,-10.758827602416916,-4.884475865774572,-9.57178223615614,-8.794900238891849,2
-2.628660166031336,0.9439685912703432,5.112662884537762,13.48670858530546,7.081462405973029,0.6703760247970543,-3.023784544851065,-4.711221726061485,0
-4.028191051251151,-2.2699477252437967,6.082551008472313,7.953570867596336,7.243304460438131,4.386706298793565,1.3984696447047522,-9.660374284005034,0
-2.2250862708349435,-2.139141144110696,8.50557554336676,9.67100226469278,7.8890363736166975,5.034048281611067,-2.614009642068289,-4.607972950505957,0
-1.5232276966835854,-5.291662934655459,0.4902895220369564,-5.439984476405453,-4.644023413122952,-6.398210981640392,-2.777845694389513,1.3590159610277834,1
-6.031163587385204,-7.633622239818443,1.2834648493259209,-8.609901280545579,-4.899699161548124,-5.610521602497917,0.8176780351237233,5.497947047927169,1
-4.446761428751528,4.7573711423952565,-3.5607655649513394,-2.955546011615129,-7.478983730656143,-3.9203563271663686,-10.547560548114276,-11.910968612135886,2
-2.8045313823002758,4.445758490445476,-10.854474217087269,-3.355244975082685,-10.86689574970682,-3.5754073969913724,-8.684360862939712,-10.712342376389438,2
0.2350127224963398,2.250282948792775,-8.774765600655963,-1.8507529123181816,-9.41007660794039,-4.388990561683098,-9.783859860593848,-7.178627140131352,2
-2.5010691793151887,3.660513379474396,-2.9597292597712377,-1.3605206335226352,-7.286965922095792,-0.0402636150481972,-9.82622434317732,-11.49277160798005,2
-1.4250143706815284,1.6647356723526938,-10.285730372194177,-2.346127824851318,-5.530978211969375,-3.229517984627352,-7.758082575082155,-8.67496767102435,2
-3.2178202435942445,2.749075574938125,-8.519434840176553,-3.09032823681048,-11.28965425173023,0.5720973366574831,-11.54398530262784,-10.944705209938252,2
-5.158068264490549,0.578652417788363,6.826781637865123,10.118187891442146,6.582116474505856,0.9122262906455152,-2.4719117264088477,-7.561510750508361,0
-1.856165886135679,4.502302998466744,-6.342253878760674,-3.138858343822833,-12.124567591815357,-7.543853532603151,-7.480611397338698,-8.439220202691594,2
-5.865185673625547,-0.7545848502733069,6.009047078876309,5.672500565456383,10.232702061534564,1.203387832439383,-1.6906312296831243,-5.5176236970017065,0
0.34329098664332,-2.713727034628974,2.4908312658959195,-7.372115901717205,-5.594384049967172,-3.5666489478225487,0.1864256420969298,4.255229012997025,1
1.0466124785417272,-5.195130344119059,1.178788492462186,-9.310040015240569,-5.917622519073074,-6.813488881576082,-1.0643786726940423,1.258912208130594,1
-4.097813579216077,7.532784902201982,-14.057163124522551,1.892320250649501,-12.787621533989288,-2.3633977708909284,-6.791263645692297,-10.87609075653712,2
-0.6351482691636937,-8.141432597030049,-0.0771651564046913,-9.568039831034673,-4.040870216376219,-10.167493128419355,-1.6394271549048396,3.254919604294168,1
-0.0978818212939609,8.867188060922905,-4.402931406855917,0.5545852707114489,-9.500558929614842,-2.682295310202092,-7.946140138940041,-8.51691333876719,2
-0.0182023998538469,-8.758774363771316,4.762820947207499,-10.206086965686747,-6.225229190035392,-8.101283354145856,-1.2733031518472495,1.2630070484470322,1
-4.978089495109295,-0.8544605777862893,4.923255856740753,10.174837934736452,8.916291801776932,1.175480521352207,2.9321379752694505,-8.930998326343786,0
-4.627648629986851,-4.58326113791089,3.1397060513597386,7.83817049078001,5.996995816384887,5.124894627004984,1.0304759624942708,-6.265942950409591,0
-2.46299920041484,3.836982490403441,-7.347223358209305,1.5592835260798,-13.094353018527082,-0.2937992644978124,-5.967674640388712,-7.77294553247077,2
-5.572728597392936,0.7138968832884229,5.602817439275163,8.380425661970715,5.550440165958563,0.4232384719984763,-1.083499420783062,-5.934658366800546,0
-0.412055094834216,-9.647563792583815,-1.4384847167419714,-8.225464681840746,-2.7245853669076645,-6.575005255415479,2.224205688104951,1.2099582716119008,1
2.9041191537233653,-0.7900998318828423,1.7573813905895712,-10.761738115235469,-5.54723851182776,-4.562519466216487,-3.032232907703075,3.8412027784693232,1
-2.4068326144192533,6.374594010531943,-7.041879627240257,3.272427783644261,-10.941503375688065,-4.688745624578367,-4.02988609415579,-12.020992719783578,2
-5.020496138306461,5.132634047142188,-5.008860136343396,2.776286490476477,-10.13575778313641,-3.805527998897277,-7.435191288874343,-12.115482698960555,2
-2.102501284694664,-8.559918041841545,1.6257333772629756,-9.36111325092604,-7.410942701411695,-5.637669101098544,1.8493165886982676,4.325387078427895,1
-4.040417527037233,6.205156561132981,-8.90505462659322,-0.3169380445523742,-9.82486379182048,-7.19958022427217,-8.268210561290939,-9.719091236821686,2
-7.48454784092595,1.5190384140357995,5.20481845948228,6.535994944897698,7.853897344706579,1.9075524972372533,-3.26301705516983,-7.87626473900467,0
-4.595261637366392,-0.1177848781557822,-4.910090344105725,2.810692658139621,-7.201283935289561,-4.429914107325333,-3.140046537520288,-9.314999393707264,2
-3.871003980146921,1.5082240415930108,7.644869537319497,11.751633613782763,6.81369836420668,5.057816562214571,-1.3581899749957036,-6.496525744948762,0
-2.882276875440205,-4.968170852709069,1.9287879470239773,-10.930831890635991,-5.079640252753826,-6.340187657766203,-1.6407620521705246,5.094773043973397,1
-4.962242553015701,1.300883125198672,4.9390388054622765,12.367315573789888,5.589375002615839,3.580209841640245,1.877491129513563,-7.124245892253193,0
-4.667921689990067,7.058631582946151,-6.849860534749221,1.0433153883661532,-13.251712569975853,-3.941319781017969,-6.352564227451609,-8.792223733837393,2
-3.259842941465,-3.1010740367493503,8.079731637476941,11.834446832811976,8.212766816976936,8.611617762534479,-2.1561319628069637,-8.108542024355264,0
0.0378927114801603,5.550122715482522,-6.948478942852293,-1.2477010248246698,-9.898707134366305,-4.666953745177814,-10.012564956902551,-8.550972807620736,2
-5.747840643038059,-1.2035731478869085,6.753266436510547,9.003007145260645,4.260321189981603,6.146497335623211,-2.246315436351112,-7.221385784019363,0
-4.847557521175304,-1.9543587561248328,7.432415095734518,13.164280388986876,7.215969458434729,3.258084876820748,1.7293642290843616,-7.886445699458208,0
-2.4879362376827903,-0.1127224223621447,3.991768268167987,6.656559294245973,7.377717737746907,4.171942268764605,-0.4185804829477522,-5.587787404963041,0
0.3442462217334157,5.216712140942778,-4.654503801441301,-0.6102498115274853,-9.366018665958974,-0.1713332113476355,-9.851447658660136,-9.335303238140542,2
-4.582421104329565,-1.2751519220383278,6.959146474056521,9.050523025808532,9.446973300870727,3.445472357265821,0.0413807746486882,-9.063360922774995,0
-4.003717365261114,5.112387308854473,-8.813650551395181,2.206245157465639,-13.14355054788836,-7.838148695743807,-6.9837296466296985,-11.104383863054268,2
0.2549028375615012,-4.842031816265851,0.6638278723425701,-13.08332062816324,-2.542984186590354,-3.028089062224721,-1.2099965533317434,2.279824158870168,1
0.2113389053613703,1.7773865504133313,-6.321011349507077,1.3834163364218786,-9.984110354484546,-5.554403638004851,-10.509569586755688,-8.805892374315423,2
-5.538841391844064,-1.187120934509046,6.905586692181258,4.981380289276638,9.386551945616173,-0.8618114746225416,-0.745869393418833,-10.739738865138904,0
-2.8393774492410557,8.289070310208487,-9.344895344339676,0.7191748993913505,-12.628385322058964,-0.5742688933552587,-5.957408659609596,-9.142953147300965,2
-7.729565342028405,0.6666960946688651,8.234512472425525,10.246485170640389,6.002580111455132,5.278344410252602,-4.104790197641959,-6.971520583136505,0
-4.021081295085836,3.703755402354215,-7.717523327168727,-3.766323788658831,-9.468213668766408,-2.48642757607976,-9.924903143129214,-6.967982114609839,2
-3.646560244848285,-1.9895971885462769,6.134947052132313,9.36416203072996,5.490870132187638,4.507724527525402,-0.2266495929472455,-7.266710579213276,0
-3.4659793529416745,-8.138631833842215,1.574112165924304,-6.2446290603858765,-2.458990850605716,-6.920085694936041,-2.2582527689883083,3.694343871823024,1
-2.077891746964688,1.162782401062047,-9.60355293500982,-1.2869984673954744,-7.489809704472709,-4.542802882306194,-8.880967585548346,-12.180158229404851,2
-3.5689735339988955,7.185176748283844,-4.338343747467695,-1.6980970501945372,-9.024030565775693,-2.836182074507506,-9.02736682051846,-5.748920300684488,2
-2.0253121284283555,-8.165762578793089,3.1836289814028134,-10.196608492977644,-3.731049787029388,-3.11594473814746,-0.8882443387727843,4.440204946909915,1
-1.872642768276852,4.655236176101533,-5.992795807539934,3.0241072414094465,-12.659863669117309,-2.25521048276093,-10.694205877635069,-9.557611138669184,2
-2.0190390701166803,1.3372951880934396,3.3223093140153463,10.085006116120324,10.675716574449202,4.776361025715513,1.1772080181052271,-9.970925959495451,0
-4.300524980283958,-1.284425738563499,4.986731156238511,8.335672713004397,6.9478833573390135,-1.6221736075483395,-0.9812290306396252,-2.9446389141703087,0
-0.7265293983397544,-6.395129499241404,0.1463805558291616,-6.856424112471072,-6.614384052245596,-8.645644422192078,-2.239646940522099,6.964718600307111,1
-3.230269548741984,-1.8598972282228643,9.436718614456758,8.384905686262725,7.143965681560172,3.615502079288457,-1.0854072001124735,-7.77152542812677,0
0.9487225823493728,-7.068211490720124,-3.0411983648152074,-4.576603338295719,-6.54166001386331,-6.485016993153267,2.097554669898805,4.030451991372786,1
-5.831419066440477,1.1557220774976291,6.074908897807753,4.608800771399779,9.823808750403778,1.7937318135867155,1.0785610269290034,-7.996840193478079,0
-6.158489468808338,-2.785788264534123,3.4736392341019497,8.412154347883407,10.202670188620075,5.46414357138157,-0.9693829240087553,-8.003370226341406,0
0.3298552559767698,2.862973518765981,3.562506866377653,4.913813896794176,6.521012938527038,1.359094410119429,-2.9805464195369176,-7.085188641683396,0
-2.784905259162813,-0.287648964678488,5.322517320510777,8.242983981418368,5.4029648619528725,2.1553300943131504,-1.2157751248062338,-7.324170378884018,0
-6.339679416978554,1.2182439459466612,6.420780621134528,7.089490791689118,6.036473222719155,4.670318221743083,3.248075086172711,-7.783106973575139,0
-4.163414959210908,9.662590717432328,-7.755578137164853,0.70942229095069,-8.389339109605622,-5.633238715663772,-5.286143573604674,-12.950727996325227,2
-5.840842351812848,-1.1785987980108503,6.050378775566642,6.482089890739126,9.057691565166648,1.1477160751170552,-3.189198906792684,-3.5877764794117244,0
-0.3438903884983825,-6.678044593255,0.2759150800222155,-5.678413750318246,-3.903896018652064,-4.06429166120097,0.7692462291062345,6.519888518398043,1
-5.0344274047520345,7.306798163938152,-8.181763590637766,0.7787287001026735,-13.590493848633784,-4.622841370632083,-5.212867494547973,-6.83794634734085,2
0.5202040196165956,4.504012260257333,-8.555457156317592,1.5389722598615716,-8.698739720874084,-1.912399640708383,-8.785758616968298,-13.773183546344413,2
-3.3452493606889906,-1.4025504194180498,7.087726170592694,8.888565501962702,4.829241488589132,3.566281620842866,-2.313473223798304,-8.923898845547129,0
2.8793890185990474,0.1512144941125504,1.867595370880446,-6.686216317143564,-5.907928377635682,-8.31038138618425,-3.91376108122982,2.202046114257291,1
-3.216693552032748,5.058102605430465,-8.766554083758725,-3.2972785712712738,-9.095476663773969,-4.791176817203962,-7.462685818704465,-11.765124776356238,2
-1.7216718558389807,3.2415509207484865,-8.561486849743066,-5.443552529912382,-9.76986995167135,-1.0067360350722525,-8.729751829453347,-8.975718099375358,2
-4.589745987346509,-0.77366098259985,6.7197795970164265,11.780347885817283,8.17931638244613,2.354000690452861,0.4495936410777419,-8.240281091419861,0
-2.5082038247968472,5.145854043084778,-7.294636432219188,-1.710124299228308,-9.00016980626023,-4.718426633020117,-5.304579476261024,-9.472546348755444,2
-1.3877195415520198,2.5557172305634035,-3.8928613177220215,0.4071347675142424,-6.950400902545641,0.2535067771074852,-7.905228400315774,-10.254048829899038,2
-1.4092608422621449,-0.5193208557508644,3.172930950615832,-6.351735128235008,-3.827457057914729,-6.13986644488885,-1.02103433245674,4.392422060646655,1
-5.208831355662972,0.1187323540716899,7.907075474836018,7.345954599514342,8.767906930808623,3.5250532731053115,0.0574795252294751,-1.0907217819964172,0
-1.6851661072466488,-5.429979181359453,-1.594528192954955,-9.454524527441135,-2.4553473658098546,-3.7337724014175735,3.5329338523763734,2.059596684704241,1
-1.2317680155827038,-1.137476913329965,3.263499900010164,13.521479939374313,7.653389551721902,3.827916370593831,-0.9585111672609584,-2.977567101417835,0
-0.6076354024769793,-7.240598641390317,-1.4142087867981752,-5.95425536728445,-4.293016177021107,-4.961436424629324,2.1223176779118265,0.7552925316405856,1
-5.679396934287088,-1.5861453544692206,4.827084450747893,11.9404891714269,5.005071417530384,3.7104864069678354,-2.122256610602113,-4.552781516515268,0
-2.290455214956737,-2.742852505496427,0.9837177566487658,-7.187235696895477,-8.549891783491088,-7.033595189446896,-1.444996890712098,1.48358671013928,1
-1.5963160392620734,-6.177678798821795,0.1897516469195516,-6.242692222550466,-3.8768530411596247,-5.721133041122344,0.4965659041542936,0.2527702089902019,1
-3.4721627814672207,5.845904302747652,-8.97845394588878,-4.281570021456952,-6.586409651793927,0.8636943758341307,-10.961522137486384,-10.875298044079967,2
-3.5206557256749176,5.1749184392750935,-10.175361134403856,0.5979220466041402,-12.18049130569348,-4.3593844536294535,-9.07993239555016,-7.886968017287464,2
-2.599149754857514,5.89010874157836,-5.448998553795236,-4.148931082039658,-10.728814087568786,-4.634698708115227,-8.35832883649452,-13.53330462593223,2
-1.8439221228250608,0.1213321955618753,6.904535542947649,9.190630563636876,4.865587160093737,1.5373646607139893,1.8187388126531112,-8.090403803091865,0
-1.7484606194076446,-8.100529623708969,1.1574405779897263,-5.037272789627874,-3.718522807560962,-5.770267417087009,1.3493490353275723,5.887505403500217,1
2.724306979493871,-7.056809334229371,4.348256540468178,-11.858324300968018,-3.5737286322852158,-4.566021823992164,-4.610838268612822,7.879301180273296,1
1.3775299558832803,-6.881729937393198,0.1612024205673143,-3.563062765267065,-4.3668187487258185,-6.762738590217233,0.8592130578244019,0.1177418538637793,1
-5.647725483369685,-0.5690162792441067,6.392830414470524,8.030985840707732,8.591924584934194,2.430749191414857,-3.5700066150340897,-10.207543367153644,0
-1.8685596852290711,7.698911845886666,-4.192721852915515,-1.9362615188799928,-11.175417988898197,-0.4851540637394351,-7.556124267559669,-8.644623333987449,2
-2.4427414902743143,3.8649343343026414,-5.673900378873694,1.1788231285868316,-7.276661943127522,0.7930048058787609,-5.461800867086206,-5.758988895939323,2
-3.935604050825804,-7.923200842624704,2.3637600444613374,-10.873563827023146,-5.492188528051032,-13.036461932023157,-1.273550784665171,2.31176831774332,1
-3.478518880335523,-3.499546361911928,5.883093918929248,13.07020622921992,8.160458908145872,3.301856974547069,-3.309163260370341,-7.662912651229242,0
-2.7388364781475163,-6.508285010081333,-3.577794975025083,-8.539543149981705,-6.781155261117467,-5.773811759129774,1.2350385239389086,2.600201193409504,1
0.1192808179667541,3.1390107994346312,-8.252806140472359,-2.113557686742765,-5.2041170764426585,-3.221184182901235,-6.5487866833031365,-10.232604970777665,2
-5.176502482473638,4.040259267815522,-8.381555018154446,2.634478206433417,-12.52459074706529,-2.9676946798807813,-5.499676673213116,-11.7139748997185,2
-7.296417824258669,4.021836835835352,-7.098496839571598,-1.975801997457843,-7.292100607168976,-4.6752091383511765,-5.236759917377662,-7.801256345114784,2
-0.5472668476215597,-6.089693548110275,1.61368835782101,-6.362787637191188,-2.698403514858429,-6.810885859224538,0.4783007514860614,7.76947327845556,1
-3.8259078267891,4.040124155472922,-4.2166960185698645,0.4228216664230559,-10.427142732483755,-2.9974870282035333,-8.319324289825715,-13.494271897418075,2
-2.426219644416837,4.219632152476208,-7.194123998486335,-0.4544181805238139,-7.481756465850276,-5.2731802465079625,-8.545396729241917,-10.464039164906342,2
0.1090745761699911,-6.405122944098275,0.0041862320083219,-9.344023470687167,-7.57086570776343,-5.423147451103684,1.7539183232196187,0.4308707624063275,1
-3.66909312395318,-4.294833307966772,1.4250859082873426,-9.739026131134311,-3.878101855449049,-6.264570724998523,-4.1903191838794775,2.381148968870467,1
-4.0058632387214015,7.304865128331723,-6.281801975121281,-0.7690569422707774,-8.54287165174332,-4.967991441787358,-6.912735304346233,-10.419241064438756,2
-4.076777558499535,2.4080784694660835,13.606616166500457,6.006656497210684,7.772121673875927,2.761290855069465,-0.5737035591301336,-5.199299011343718,0
-1.751954863365378,2.53906476795597,-4.860431839414735,-2.502472533419596,-7.148110046342538,-4.765579887621013,-5.721321889497603,-9.643003925567696,2
1.25656467824711,7.581035771996325,-5.517606572427155,-2.3771642686822787,-8.337691756793292,-0.9902928846561956,-7.176736765690838,-9.177518773663763,2
-1.986462550813864,-6.257569853246588,2.257913422512768,-9.689367077142702,-3.96387190836144,-4.281143981231552,-0.1558385486716331,6.370417494409942,1
-4.562106598947926,-1.5591649418060507,2.5590424655703545,7.556244116871332,8.994512372148547,1.2059693004505667,-2.4575819200179705,-6.854720896691996,0
-4.812933977236712,2.5128596804007417,-10.309356781722087,-1.5845063986032644,-8.913261978325883,-1.1525528506400229,-6.079999727251679,-10.798304778806656,2
-3.402285312295525,0.1535501741991802,8.91541533056171,10.583959470438138,6.566068811621509,4.188344428879191,0.9256545001390808,-5.944049994919271,0
-2.552505904950101,7.327109259740598,-9.422465827750056,1.6666854840961407,-7.694537695919005,-3.1020022365897018,-7.824711960236619,-7.714483744163102,2
-3.141298026456582,-1.004032651692094,0.5575933954934724,8.238524020247743,6.348585309138636,6.417381096603475,-4.915682529384865,-3.9312000890519623,0
-6.049585426030081,-1.0050847060229429,4.474499993545165,10.215186694126588,6.6304636749660375,6.723197082060005,-1.6151957960211176,-5.220741414229771,0
-2.4533868512998693,-4.742020581910147,-0.3194703176101227,-6.053808429150777,-3.681833417174831,-5.335485996642197,-0.0593000095405238,2.618050369314827,1
-3.664624601234537,-1.5039234518562363,4.129875505587112,12.087136110972631,1.803656337938436,2.749083648117544,-1.976006464701127,-5.263956408175544,0
-0.3918617356232093,-9.93412363686362,5.880862974026822,-8.466257528952388,-4.110878245747982,-4.98701299139325,1.225917586167076,3.768960045762809,1
-1.133975635124043,-5.824845660539034,-1.39152649187026,-6.184729830947616,-7.72656969611407,-7.624228627718986,1.4412145155363236,3.5266973968618647,1
-4.394457904635583,0.3593846440899856,9.008931906512895,12.51848955419496,6.262686790809934,1.6686497784059913,1.385633763168169,-6.510223313583727,0
-3.174387854075312,3.803477646685246,-6.4120083356585145,-1.054296620901948,-7.368598848667083,-2.5188256037854755,-5.137381371211795,-9.652707851711371,2
-1.2044612257898124,-9.72135223801163,-0.298904298190831,-7.235518600808037,-9.271250148548322,-6.463542333565897,2.587897577062272,4.524619911004631,1
0.368037617995089,7.904473318577523,-4.318410249845416,-1.4579641704865176,-10.46222168977929,-2.332725660814417,-9.172396605909032,-6.002192063814299,2
-3.5466814121369907,1.3551653111070765,5.133010326061438,4.364714835308795,7.353324024206578,3.311174268369289,-1.8161209075143137,-6.990008720576178,0
-1.5590772975911042,8.077149156491098,-7.024715805007409,3.0290119383335474,-8.77878566984512,-4.975486116912906,-4.269195715043789,-8.084583891784684,2
-0.2893740545017823,-7.545358432102066,1.4106968024190103,-9.191221315351587,-1.4734016199424724,-5.148236969184073,-2.102549567968366,3.775709658649183,1
-0.1475630164418548,4.823497355862906,-4.696096390129074,3.2199113569710787,-10.202415183519616,-1.5535967251464289,-7.3190080670790785,-8.700013870389952,2
-5.7712364729372165,-1.7024722031298514,9.436505694212784,8.575146038319165,10.463188546326029,3.3071175968131263,-4.245792602972132,-9.985180037579516,0
-1.010493171669177,3.765559339160784,-8.178354191244262,1.3887849770015948,-9.571257393074564,-5.654021247338996,-8.586570695635826,-8.147008235412073,2
-3.2211367419618435,5.851213359979976,-10.201259649968051,2.006283506453449,-11.778266571534544,-2.0575052644572422,-8.033743566078549,-11.092679858971865,2
-1.6923271356076883,-7.420446063936941,-0.8970540429844349,-7.984892124887895,-5.46552734104216,-7.076357577268362,-1.5452375592584116,2.269756982257241,1
-1.959191204440514,3.447186801570407,-3.310142995552076,-0.1933695547901297,-11.997205166218382,-3.781826057375209,-8.890815409626603,-9.354889299234562,2
-3.360333795926835,4.732397458159708,-6.71546150470806,-1.1948164885945205,-7.458651295139834,-2.667051997788423,-8.756991345589382,-8.782343238847997,2
-0.8998567326534517,6.527499096957344,-5.703840172308605,-3.758744582723903,-2.8867611651275045,-3.920498188408201,-7.98959135725453,-10.242627742208796,2
-0.26383645941729,-5.397723549468216,-1.8069216154554284,-9.6592961689224,-4.702401340005007,-8.299947668392049,0.4541207200727562,2.8296558307385142,1
-0.8137839843701533,-6.712471328875466,4.216914810962518,-9.268323195938049,-5.293454740129816,-4.832336928669766,-3.1164684946037946,6.601794105030336,1
-6.355106756445955,5.968865456441127,6.19873525659115,10.815279369491956,6.634234187905746,0.2728737283312075,1.2335621688696876,-5.620735331904158,0
-6.461837107745518,0.2803442300186362,8.581809963690686,11.818832859588218,8.46133542108605,3.1378006917134487,0.5833611290933234,-3.908488390510584,0
-1.0311564219472988,-8.545707384211376,0.2558756224991477,-8.546970982983803,-8.250974200308828,-8.161712904791148,-3.482664779196132,2.970678390985556,1
-2.450516552365926,7.392992346357181,-5.800798024367255,-1.8695438765834425,-9.806864738098731,-5.287470709853672,-7.519637280857306,-9.156395343567707,2
-2.9995789756123346,8.38939613992004,-5.249501902046708,0.388558317518196,-10.954363003024977,-4.795768027765678,-8.578271457626922,-11.140740759134449,2
-1.5370611643043208,3.260993255338792,7.849679635716976,9.780492712021504,4.085407268534997,0.6257160558170094,-2.278028085254271,-5.719707273661228,0
-1.5311422146868596,-8.113520163407994,0.7752222649478129,-7.423706566311253,-6.186074802979521,-7.203109265824412,-2.078333374572764,5.770812657481372,1
-0.0161687521056395,2.7533078364933705,4.229044869453416,10.603005997983525,9.230216703244066,1.4304422111823003,-1.129487596094792,-6.971077620953341,0
-3.906364575973626,1.942228422731308,7.352174356320715,6.781925817663462,10.050307301031973,6.537930309235723,-2.7341323070694834,-10.00052535423125,0
-7.209073345208355,-1.6608360966178943,10.358408846364496,8.667284744953278,8.22120203343789,2.6297500114681123,0.5051554265825093,-6.549070673125847,0
-6.337947939204323,-1.509923509634903,5.972304463012024,7.31459448354417,4.827998853436698,4.486788517026535,-3.19983012892253,-6.871927698949462,0
-0.7813784894599827,-3.3378429522515844,-2.599114870888061,-10.469788314971185,-1.8056433914050996,-9.708993892781493,-4.106153317938655,2.99814137462365,1
-1.6348082221453142,5.997972206688505,-6.054113027750202,-2.23409738170922,-13.279553296321875,0.4775731095293567,-9.86578012232456,-9.020081131521009,2
-3.5469847386867785,4.020188111135668,-8.046407074297392,-1.6408276357484135,-4.688762924650013,-2.663256512679474,-8.569114733552313,-5.012068909147425,2
-2.2630963304669844,4.911678346264575,-11.521387351036598,1.2401118085811156,-10.193986241605955,-2.633471483462458,-9.374768881293654,-14.336939762331443,2
-5.824884623394452,1.6149978911968594,5.10333723333134,5.691289701442356,5.731343826437579,4.306916020625627,0.2614106196734023,-8.266193440090623,0
2.332842444530232,-5.303997501269826,2.128047614858524,-5.824201157063166,-3.944667129950016,-10.253304095467486,3.124918976577725,5.896060148023885,1
-2.4218960076405724,-7.098943877555308,-0.2166015431850776,-3.4490886365617994,-4.2630669361414695,-7.236395755132879,3.645283076357052,-0.9698134055160006,1
-2.26547980437766,6.29345561331609,-9.756497671360036,0.446432629930877,-8.798791798126242,-4.897799729113332,-7.56611962603732,-8.78489889958705,2
-5.157948826532808,2.702280057450765,-9.443040345160318,1.789614915683194,-16.07310005298175,-1.7047755745075843,-6.553414617073623,-5.970472272671908,2
-3.788551728514559,3.533064818421323,-8.199554269697321,-3.108370348541172,-9.34283113890178,-5.831873155559602,-6.90920499008192,-9.183297135787246,2
-0.5506058689069275,2.0422814059853085,-3.868194762517343,-0.5397542919264332,-10.482853388695302,-4.417125168516231,-4.536712308929955,-10.035070498944386,2
-1.787908036480525,4.974974781101238,-7.387368540180897,-0.3521589800890132,-7.850511468503057,-6.982058123121622,-10.557080941948453,-8.425817402463391,2
1.6642167548270437,-5.278097483604039,-1.350087204156577,-9.567912514048215,-2.8854736265515544,-5.655249236533438,1.4325259719807464,4.8883322419387465,1
0.3642714322642719,-6.675992510211864,2.217815784840525,-7.728845873519004,-4.025653634742887,-10.958483789822202,0.8631091768535221,3.946429283996267,1
1.4903701411689037,-6.249653514024255,-2.3579629737922585,-6.482894397574594,-4.608403030246612,-7.103735904022991,-2.2864593931343813,4.825968348658804,1
-6.4580876755269685,-0.2846226364990332,6.221586585566766,6.645582220442055,6.833571461490968,6.727666993206461,4.362381854796776,-7.981360167105432,0
-2.358270920969749,8.585448376874565,-6.123510840632182,0.8792713697833452,-7.548240608449748,-3.0722460243101994,-7.675766065586618,-9.477206234418524,2
-6.973031969332983,2.006259079758203,9.354533718690686,7.222056155449777,11.452205192035672,-0.3581322679435015,1.355646122834509,-8.52831292532515,0
-2.198532591475187,-6.558107987823231,2.7993505433580337,-9.786746619950684,-2.8072124997037555,-4.446113622170693,0.8012540541325753,3.9352703983921513,1
-7.538361332209767,-4.1108298586746645,4.917924361335981,9.181288770321457,6.590815255168996,3.455151150639735,0.441686581214634,-7.193939292570532,0
-6.457483353487916,1.6346992627247598,6.624009703733139,14.78945545916121,5.714281243203121,4.36057870841041,2.2458690073295395,-2.790080840969725,0
-1.5651465922930372,-0.3559299699905274,6.093933827056917,8.972034064995842,6.450149663639007,2.8090737327413606,-4.500608502689891,-8.013120055794614,0
-5.341616249117592,0.2571540125623791,6.370370817933719,10.299082494943397,7.839647392091917,2.07712193620211,-2.289838540065248,-7.2214502474587805,0
-0.9347972307478428,-8.49747560098826,3.1808513488451955,-5.942435285876347,-3.1269134014671733,-8.512376723656242,4.4541419122063095,-0.8151610111123944,1
-0.7236836749873135,-8.619935029417526,0.8330535428019329,-10.931850753168362,-2.9275244517702457,-6.7442484452471385,1.881091464639889,1.537812584300687,1
-3.298052026772436,1.1037362562525703,4.028284805383073,10.384605973117234,12.330074803670303,3.7104174961972727,-1.0672021950449568,-5.375935677188671,0
-3.0167459741247367,-3.819645499749304,-2.2840780217361174,-3.4255191414827992,-6.243062210981472,-4.257930472325144,-1.3533731809529428,4.523116718952768,1
-3.175020904664483,-5.787650255720327,1.3032598155271062,-7.030759768521554,-7.8625287038753555,-4.27252559611718,1.270859868835843,0.2933668777716387,1
-5.162299178765214,-0.3589448899731684,5.14844942265665,6.431297742354844,8.450476706445347,4.126931871525469,0.5701551554776199,-5.8416386163315295,0
-0.9126528566999677,-11.776758104023674,-3.945418756907303,-9.716801335093498,-4.566438998022274,-6.1122637642779605,-1.3597466680420327,4.458816402242444,1
-1.1213433954760192,5.024096464627072,-4.047984223997229,3.8630897598250593,-9.654299545677103,-3.246193458521884,-8.817144288956293,-11.322710623447776,2
-3.577596530080923,3.1704984990094784,-6.615846471680701,-0.0140545530750973,-8.00865436013447,-3.2084407176452743,-9.216932451551289,-10.74105516130013,2
-0.3631538371736018,-2.186349739149578,0.5399955731942864,-8.341823402183389,-4.908992150557951,-6.094171957040008,-1.426642321889308,2.0865989151114706,1
-0.4129453518249089,-5.762808898472434,-3.2495327750380065,-7.276282769739126,-5.813623849250659,-5.405506371836723,0.9210345234236404,4.293065796416219,1
-2.23937153081431,3.867039273082245,-6.922168868495786,-0.6418599912928447,-12.779522599676769,-6.13774840635018,-8.972248591572033,-7.504208354175273,2
-5.533854457140579,-2.7125241479994795,6.307549087617999,5.841948951302427,9.001505092217256,4.447877991135053,-0.9639717571566756,-4.374757922851657,0
-0.9778286950781324,-6.567400664527835,3.4050472015862585,-8.224007290733896,-4.23694757029478,-5.053481288772765,1.4913804937927844,5.700262386882412,1
-1.8146054520557329,6.775232020223358,-2.784591401415697,-0.7813894166765869,-9.585262572447498,-0.5436498169570076,-11.112904574503569,-9.669488605062668,2
-1.319737901478674,3.9544396822018975,-9.60022007443644,-0.3902903127705864,-11.508554098496344,-3.785701863215471,-7.273951663355236,-10.582434308539508,2
-4.692513366307485,-2.039467732845822,4.1607520106138605,9.593335796792196,8.063844519326448,1.9608518633366327,0.5246453313311392,-3.131035434441383,0
-1.5440064514534184,-6.580412334953455,1.1127738335877282,-7.311600287254096,-4.224006420230795,-6.439867375193989,2.422545244562089,4.83682355303266,1
-2.247625734287084,-0.859254105372182,8.993484795200226,11.44663243708631,9.48557858749584,2.231027035361397,-1.5629737354869957,-4.03415531728393,0
-5.203855103356988,5.006429876896823,7.641800487416941,8.458233914928648,11.948404442631254,4.3669917334424735,0.5126565026926031,-8.87072274161519,0
-2.503610402300001,-5.35441307311215,1.0624867925104151,-8.02343155739155,-3.4244621258508308,-7.149973779379723,-0.6234295812361739,2.5392733536660668,1
-1.1246587455071202,-2.3967483860433085,6.155001935555503,6.147526539829431,7.177979730006189,7.32603672491893,-0.0732820143278574,-4.079667034725375,0
-4.525930751516569,-1.30847205806928,9.599334070971752,9.535118192420567,7.385284550317158,4.29527500439048,-0.0053571433801616,-7.912858192635848,0
-4.241992036642888,2.453411869513666,5.134736652999788,11.032181735159003,6.50809961491851,4.438745392975183,0.625163824585035,-3.554620640534806,0
-2.8920849898554923,-9.92215391498364,0.5317080346463415,-4.383918596024551,-0.0358917661551796,-9.301664766620677,2.470112370387131,5.509786864874501,1
-1.70778122541416,-5.38619057960542,3.021222071610634,8.830156754248605,6.69791005724041,2.6370207425816306,-0.5163165868441273,-6.588331761846057,0
-4.810236821019448,7.14444885421865,-8.500762406829145,-4.592233642943034,-11.195667792907605,-0.1608589929647124,-6.415577929934884,-12.154255715536005,2
-3.5297374612110515,6.494131809456022,-8.694722413067854,1.3385877966782176,-9.124414400354048,-4.07354507950193,-6.688071485557748,-9.556791562367016,2
-3.6536899941740177,0.8804511670926838,8.122060762649415,8.385677130799682,7.093657245761975,4.491254848971117,0.2921650630502352,-7.970714840022591,0
-4.5785704786275705,0.4236837552679376,6.599325378104443,7.717765414618848,8.482874218074976,4.540998426968976,-1.591032091968816,-4.044515936805696,0
-7.751423819571086,-0.7863417264062553,8.815378592255854,8.646473135698313,11.481634075576304,2.0975851535078123,-1.1647903525644012,-5.077974336589128,0
-1.153470290176822,-8.031006597829537,-1.9658991042996967,-3.2531939525793963,-3.746663138938489,-5.980628663952956,3.5339916228245025,2.2098536666134034,1
-0.4445467157192533,4.296686647647767,-6.185671118352014,2.348487657051911,-10.430520547499508,-3.453487873040927,-8.321569003491428,-8.762253081818006,2
-2.8555730793386136,-5.297551085736556,0.3182583823298245,-7.333361187381999,-2.371988278483516,-5.08697055112225,2.9766874038013853,5.703853351004726,1
-0.0675203359390506,-4.412447882170897,-0.0213721967094755,-7.281143733046438,-5.847304221137182,-9.863292058632943,-2.0061435217465253,5.290599258009225,1
-3.7087831088020216,8.066911134284219,-9.991237561862343,-1.1256904534889711,-8.021573765509642,-3.829968291234247,-6.780451818728912,-11.936599953395651,2
-3.3178640831776534,7.30072083004675,-10.259238631140349,1.6769453118041855,-7.964843721816225,1.96349140421096,-9.340424896814907,-9.600168324318703,2
-0.5095576573631027,5.969157009896291,-8.126229692224092,3.0635772389647475,-10.230474458465768,-1.781929553745842,-8.254726280717952,-8.178144974001965,2
-0.1102195410963853,-3.618558606786445,-0.5890029538422603,-5.643874759593494,-7.279092420250478,-6.324633578774303,-0.3572225144851014,5.2916608368778135,1
-2.3006009392747178,-1.654920757250684,5.123867530929167,9.936509416222014,3.7303515553324513,1.5378967321329151,1.8891049941413232,-5.025313870753156,0
-3.2295229401038696,-5.95345122341095,-1.5810125179602448,-10.584036572411648,-7.143492358936214,-6.1331677103574,1.318416164004928,4.343925046337014,1
-4.629894505777005,0.97182264735298,6.296187582636881,8.094455503871195,7.1500257154957865,5.353988753667431,-2.9245359084831355,-7.290134819047038,0
-6.065567114595441,0.3227195083552855,6.909823790268875,10.61376667428619,5.001099898827767,1.917013463091072,-5.340456669019471,-8.482711647126138,0
-2.0868257140626243,-1.1676454755690804,0.4156233022331692,6.223084173318942,7.729034858792248,3.316559602092053,1.4893050754593982,-8.398111371326022,0
-2.7666825584235157,-7.18622018112876,0.473155895641858,-7.986103896943188,-3.3276936021889334,-2.3021374151189384,-0.9374660393922188,1.0528098934812569,1
-8.483603706778284,2.305668399799329,3.6578924545800313,7.264012399895899,8.936719946890262,2.87979494705851,-2.2565565570508443,-4.875971047111131,0
-3.734346398667307,-2.757359069908424,5.268352857970491,11.797895704752277,8.192236519944252,5.770485729236185,0.2637004404489553,-3.9267394021924567,0
-1.5052436924567754,3.9725275135805753,-8.45015673079993,-0.7406408911582854,-7.849506573029349,-1.906932712771625,-7.516544171736293,-11.078691158481012,2
-4.939281302145755,2.0705701316699323,6.269229451231711,8.711506153765022,8.298906399713228,1.1324353135174745,-0.959760366434928,-5.936944782296304,0
-4.144841451356373,-5.310969164893152,6.470843489520188,11.66087883394712,9.130874111923983,3.461931874417456,1.2202309625914132,-7.79913358711883,0
-2.136385066579793,5.306809036149511,-4.649234185318784,-2.2266469663982456,-12.59649264971459,-3.145569598374069,-7.672792065151578,-9.18189454632008,2
-0.2465087764098137,-7.220491322794309,0.8537605780481354,-11.464957126952228,-7.155613793413071,-8.343980820075181,0.3228902223192262,3.991481237545636,1
-4.800539362473526,-0.0901562300083852,5.913454550924196,10.024934918900795,8.631233267976699,3.08111167426935,-0.3582041334914269,-4.47715501565959,0
-1.2233852203648,-10.320198968411107,0.5489270213589283,-6.280820593367912,1.6017312763583416,-2.707585285133801,-2.373477964317759,2.2543190214373565,1
-4.600788801694686,1.9092900429469009,3.3407005954726947,8.02146275738571,7.916294631376874,3.2656454641157797,-0.3311355411068551,-6.174360363987954,0
2.28216301081527,-6.646231825280412,2.811766124374921,-7.339776133014731,-1.783619296125336,-7.75836722788781,-1.5960718313725872,6.519592604877508,1
-2.959132460683849,4.600753798802205,6.103781818205058,7.619202244734186,8.971021894972791,1.738366952459932,0.8556022036516067,-6.110900673882984,0
-1.6811297388381057,-7.571077650156615,3.365542210510166,-8.878928887262287,-5.336890378377452,-7.407386769178746,0.0425007960977045,5.487325743547536,1
-2.1849563616851198,-8.485051372474048,5.347707800047967,-3.82443955735343,-5.76633299765682,-5.644218506960737,-0.1029477931092059,1.0384053895381058,1
-0.1226372579249142,-6.626544898130791,0.330484334903842,-6.740747601724417,-6.256526431141311,-4.4701557289294,0.4671803923263244,0.4572404014655928,1
-2.1402402821185014,6.190880725202294,-4.637123186437472,-2.200995145025044,-11.075747841251756,-3.1260083997841512,-5.057764129953469,-9.527988325737356,2
-2.686281425346547,5.441331010441259,-6.063688862077798,0.6390566007746401,-9.317283773755502,-6.376164265910364,-5.584294835699158,-8.635043307716158,2
-6.722676925740505,-1.4851976493336962,4.792507806107595,11.268242583898784,10.868440703035088,5.768149908992602,-2.555661989263905,-7.046279748161763,0
-3.9989335011497937,1.7489366710673528,-7.800459607606084,0.1157746494952866,-9.401603964295392,-4.631780742721606,-8.180596551222498,-8.970703102831688,2
-0.5192286677505941,-6.463940050021393,2.1631421247636364,-4.120367919152296,-0.8947824503875785,-4.789549398942368,-0.5337913516343057,4.367332617346912,1
-5.164215983987171,0.7270418417283508,-7.463721002620736,0.7976046842094708,-9.274594676769972,-5.12244843126264,-10.038053572925897,-9.26525282067625,2
-1.1233382367754108,5.965765684330444,-5.897683514869058,0.9008904707727066,-8.213825590563934,-3.7514990136863298,-6.219417212292714,-8.763944062910893,2
3.3230785455263048,-4.901697292189496,-0.5053125599461008,-4.652078413816923,-6.18339749973246,-5.015570577604435,0.3156143112408449,3.3401384015802327,1
-3.8583553598401448,-1.4517309157466445,7.309441180886792,8.099812222533632,7.985523484607695,6.435565815863852,-0.2183665279475017,-7.093275013772967,0
-7.129738755491049,2.4428245177169274,5.433803840028075,8.019832339986463,5.12346617612944,4.006883215178148,-1.881343455521232,-7.498771193696591,0
-5.193223505560789,1.1774802900311148,9.219795523090832,11.084744045744625,9.321002106087477,5.197503982844964,-0.7435356803096823,-9.350105783861906,0
-1.692165862215134,-6.6531628356578105,0.5932621823111558,-6.790746813706126,-2.554454591181158,-5.350236474968505,-0.8241621110764539,6.256946370805268,1
-0.725782146670098,-1.2049060812443573,3.974567074725776,10.529356583141611,4.624223577466157,3.61055049468101,1.0725746051973244,-4.28716479818104,0
-5.142082830488793,4.591277712095804,-3.681025395217429,1.6936624918247405,-9.952784137414833,-2.442540322492044,-11.485290917863528,-8.809862198978326,2
-1.1148370827903031,3.838170364749633,-7.33541910698213,-0.9832726548864892,-10.661905013428928,-3.117943297654745,-9.44604488170742,-13.030858724417053,2
-3.0574944276508824,-2.128011375840837,0.9820624741421482,-7.620714990521328,-4.521950243758743,-5.167651230800303,2.3881771796694657,4.643618630158295,1
-4.325418251531971,-2.150402793464792,2.775381062391386,7.095267689203731,9.607097195063051,5.8703286217960144,0.7180332792558535,-7.502951486819954,0
0.9082267310778072,-5.371273986094511,0.1686298837199777,-6.404637359600322,-5.997538398532965,-3.0535020457001623,-1.81497349229541,1.36265844636395,1
-2.10802736058261,3.384725297806161,-5.124172012599868,-0.3296070245269085,-10.133454188238591,-5.737094911837406,-8.480342362376458,-8.487474920057101,2
-1.6195660615026457,3.908952705722279,-5.831631935142714,1.465554865548092,-13.150280022169229,-1.913051011613376,-8.260891837521445,-6.913372916311284,2
-0.9781541939713548,-8.765960286211609,-1.8290734139137264,-6.359798678925161,-5.931811891726762,-7.90778704761992,4.841945640443695,6.19069219225558,1
-4.7404938459565,1.3752445713573267,-7.000740893042756,-0.8730044215432973,-4.496380276488519,-4.514860620739924,-6.837023379488071,-8.997205609010566,2
-2.8326012624990624,-4.621431490605351,4.255767046299129,-6.276134355862598,-4.541692236318993,-6.571716639124101,0.4781460660534698,5.426997240115672,1
-2.930566945822145,-3.72190471909309,-1.2466643857118649,-7.688746820908805,-5.796870508741242,-3.404473713687466,5.178931932765488,4.69214362797393,1
-2.054427548556561,8.128616556411432,-8.208882888808608,1.160436897437224,-9.457396566970344,-4.759632294064998,-9.95344044066059,-9.12709029591056,2
-3.3327683263659647,1.173580651430574,9.21775582317353,8.306158330738674,7.75931480332631,2.82535881950534,-3.1079843585059947,-2.947758799702569,0
-5.21726162008462,0.8736443624508936,5.785433592343694,6.825871309824717,10.222682695934347,0.77236761164338,-2.268942506530928,-9.100733757644218,0
-2.7234883617184056,-7.046139438591626,0.3232121468067913,-10.583817464825154,-5.058533085481849,-7.059500751644114,0.6326532447672149,2.053311893015465,1
-8.180512491927775,-0.1916035461114316,7.847142184986595,11.354596431116205,6.773449770911121,2.783968070804164,-0.8654200643230918,-5.9169773713999,0
-2.418864515781968,4.661265561348465,-9.667064660570848,-1.4937872899149456,-14.203082481231291,-2.891666635095984,-6.017246136227039,-8.610251417804216,2
0.0082406816725577,-4.156266746009306,-6.177965525536512,-11.641105403779738,-3.087888654483039,-6.281726190425237,1.4819668897546523,-0.9627389676591926,1
-2.1249617875632985,4.38164729367074,-4.836690716336396,-0.8293841579737313,-11.304753375424996,-4.411012423172736,-7.668419375193947,-11.862130275800205,2
-0.9352406391891956,5.827382518506963,-6.10540398376076,0.3457423718468857,-6.988473531732807,-0.4864737317721026,-9.16424232962645,-8.357304586351251,2
0.9756504931823596,2.8452841732699805,-5.2939955806797165,6.102120229118266,-11.899414249684414,-1.6083622460872715,-9.292264864561966,-7.47439413467619,2
-0.7037961580063372,-12.91365651895809,1.4419251852689778,-10.243566262075689,-4.762524830625931,-9.296286830348548,-0.7888197370001522,6.062135609846875,1
-3.7285460808894992,6.883509321179814,-7.39088119839382,-1.8200744434185083,-8.15090898518068,-6.34450851561247,-8.26167181709836,-10.732265021464242,2
-1.1548763160980673,8.21990131418963,-9.662997563756178,0.627879645261572,-10.754203629415509,-5.359184314621958,-3.885150440969243,-9.367667603509426,2
-7.656138840399081,-1.6036786172142672,3.4433627171276613,11.587211541232412,7.808675919953896,-0.3062905937126645,0.2162911495850878,-8.128923284238693,0
-6.859732678004162,-1.667158778926363,1.2670051808325402,10.39701329932678,6.802580704426606,3.727653776022189,0.3050678421922883,-6.265963360617071,0
-2.3728769044314726,0.2763684134177629,8.081884002034819,12.064716224402002,6.720962641542357,3.4304498650514192,-1.75818660048979,-6.009364123385769,0
-4.704451888965507,-2.248785323861445,11.903733514344031,9.322550098136553,8.112716790637927,3.3714487486069555,-2.6451095422730124,-9.188595251153858,0
-0.8060513100120127,-9.898668764750852,0.3434968242742833,-9.337427709496392,-7.919968260967954,-6.066126707922409,-2.384332384978805,-0.2210305705862763,1
-4.54677667372037,-0.9913625430566902,9.961465208697325,10.316929011658084,8.604305917820687,7.496538164705417,-0.3078286038851874,-3.3699653675711443,0
3.3243113906451,7.3229131316288,-10.560944153753832,1.4973797393242774,-10.379990545743452,-2.856469045447225,-6.475383239346651,-11.921155020887468,2
0.3544975532905816,0.6754270405078346,5.660407357551284,5.691748831078627,8.728515972235588,0.248934230737218,0.4242262988929681,-7.683962064258793,0
1.3597019149108729,-2.4130911669572237,0.62097521911236,-5.682437591084104,-3.274208192449846,-6.209937821647904,0.7995025058920057,3.5520593564949685,1
2.2740792484889587,-8.44692479434697,5.052397580570108,-4.94611746592307,-6.003045846990652,-9.485443883139864,0.6674291227263038,7.212278750882199,1
-3.686069866175108,-2.203365834439616,6.24342056824278,5.649325735240269,9.366495039695092,2.917237408661392,-1.1507582686218116,-6.361679500442702,0
-2.7411802911674497,-2.1516199266928613,6.1320294005199205,11.470032970140268,8.41354521897804,4.567509818493716,-1.3039012532870875,-3.896710446339215,0
-0.2783708065202548,2.751633368384657,6.84380865328393,8.96860022610152,9.104946541235476,2.261698358442916,-1.903644049474756,-5.884051504842893,0
-1.1466677143000834,-4.280684413996074,1.703203827911323,-8.499769577023747,-3.600508584689329,-7.791927539239952,1.6682489994840224,0.1962080660156915,1
-1.760945973363238,1.9110963634304297,-7.482598874744428,-1.6850483073279208,-8.638961206096626,-1.3289395915518591,-6.432041581813161,-7.453229741811297,2
1.1527580042242422,-10.522504453982352,-4.54931867174644,-3.939095293682017,-4.5267408997594645,-8.499837969481836,-0.1836136127016238,6.83967516424379,1
-4.173553079032981,-6.082246697100742,-2.26153758563352,-6.702570226874896,-6.41098981259252,-7.044277581089956,1.4650887613707984,6.163031779151659,1
-5.538866515739231,2.341902900108198,5.263450681075519,8.376369546125796,8.654381302209442,0.6398721091449397,-2.752825748075605,-5.728148669034702,0
-5.671604577424095,-0.7683530737767248,3.5026581278271967,9.06889900773073,8.734084861062804,3.2605229872262944,-3.7561210557774616,-10.129072506099911,0
-4.105238015125305,-5.088251834749485,1.8764757112186408,-4.883123629047118,-4.535594415849308,-6.345411132987241,-0.3015565392291639,4.004580849128966,1
1.2525853607185002,-2.634550821381461,5.362623409077779,8.146373990509169,8.324187061291346,2.2335177942085465,-0.2399501136750755,-6.618463307696744,0
-1.3461736272181477,3.382150117049104,-5.373593198542359,-3.5519886523293875,-7.873766695762205,-1.0000150167879185,-6.706567478457893,-11.883608565508991,2
-0.772403384053783,3.776410622266223,-6.811737413738628,1.196888712519793,-7.292999062734305,-3.4337769427236453,-10.340215742937724,-12.051568035567534,2
-3.5877345160786334,-6.184808676161928,-0.8800594077145485,-3.955028235925184,-7.015320584446997,-7.135702880632777,5.557827517748859,4.601596135898538,1
-1.3804494615943608,-4.715022446080322,2.0832735863080023,-5.542960226640677,-9.389401503073405,-2.817574549059549,0.2341894080521229,2.0875875600781035,1
-0.7512671348588602,10.001180106716053,-7.191536430917028,-0.0760131558771537,-11.968207518628194,-1.7727406523181082,-7.220058870845177,-12.085217640393063,2
-3.1201309129765926,3.30268816612315,-9.26451261955626,-2.14611778990993,-9.44214217469949,-2.069844659884875,-5.1717961985306005,-8.704434589081574,2
-5.003250684593626,5.6952024103624375,-7.983628413983717,-0.2659109666188177,-7.610596071504254,-0.7843436516048916,-6.278865834140947,-8.03965715158267,2
-0.6021730004690272,-6.242519775888089,-1.5029428383094383,-6.26894933101018,-7.293622006203398,-7.884353284149691,-2.8749197171601324,4.200201254908994,1
-2.5474076381694863,-0.935828486259706,7.91426706868344,11.555970791476485,7.553892773264202,0.4715430151413939,-1.5246457944225311,-6.731541044129125,0
0.8891079829099766,4.821830538813235,-8.941182244199236,0.1388278788122813,-10.687392216276711,-3.148195316415068,-8.557530376998027,-5.865215270408214,2
0.2488072156835459,6.693600218243063,-8.001676997132861,0.9964492621103792,-8.586310066769915,-5.990297048158928,-6.067364493338803,-10.10888515843075,2
-1.7924836387645495,2.1225389518350632,6.667781466578619,9.454761364466714,7.900688103971903,5.843232793166537,-0.8759613292492885,-9.06675233154885,0
-6.342854936417879,-0.1924846503639253,8.516419351105743,11.396466725986883,7.903657314022048,1.5317896750611348,0.1640846728682148,-2.376174857268947,0
-2.748954325615935,7.252648744508463,-7.387472602991844,-4.451474843714381,-11.285551406560067,-4.839606134140823,-5.152494541790095,-11.266857656779791,2
-1.1240535723867895,-4.068918866787241,-0.8233575997940423,-10.705103980787063,-3.928663185371411,-4.852434314577449,-0.7901975427666943,5.234930551883577,1
-4.980726610424622,-8.3214734610895,-0.819491502108842,-4.751014729950051,-6.90552142758624,-5.966841102568042,0.558449810365736,4.146508732036142,1
-0.902826266878459,-0.017604897959578,7.965579570254539,12.143721083953514,8.499984353693822,3.3236250035428894,-1.3802768912495258,-7.431811278357486,0
-7.450868115030222,0.982683014744916,3.927505763535208,10.471080824236369,9.59478828667166,4.7293557682737255,1.6383776911823058,-9.4794185692889,0
0.8517105375867327,-7.812338453163491,-0.6042788928697433,-8.964341028918815,-7.112139404540848,-5.387199511306197,2.7304039734171384,6.467607537170797,1
-1.8586981646034608,6.853110576169318,-10.862958004915075,-1.480704844589361,-12.254326262006384,-1.021196245932897,-7.159237014923872,-6.81001977242887,2
-0.9143552471739498,-6.283945054385973,1.3285114445781048,-4.631115467045656,-7.929863581478578,-5.030499739980186,-1.096416953764464,1.346653885870304,1
-6.731068982775607,-0.2987730072388233,5.803438196141625,7.50381089006365,8.009025459045272,3.946394480531207,-1.3332892138520194,-5.872761731741096,0
-2.7684171317471105,-3.4426298438762624,3.3969816323174418,-8.796352346919996,-1.8499725837416312,-8.30816096974128,4.502134352706888,5.334558528538308,1
-3.196360071833335,-6.578552675908619,-0.1207021311709466,-4.201453856527026,-6.5777655334625456,-9.834087567654798,0.5129100854752916,3.5613669365271403,1
-1.7142967589664382,-2.1980652712874136,-0.8420326970405787,-8.189912680673107,-5.726545627535559,-7.853673693565069,0.0957385010124027,2.7339306512846626,1
-2.189308469465143,-6.565728866303086,-1.3044814935133215,-7.592812999993802,-3.3383076131805662,-2.635920813840317,-2.754274008242465,4.170600844008343,1
-0.1068246197558344,-7.645784063320785,1.9413491232545517,-4.423338814317039,-3.913145977897544,-10.375651889723365,2.1707149473252865,1.5330638306160154,1
-4.237475164391074,3.030343981493896,-8.105666850022414,0.070989939220584,-11.365474021558942,-2.858479986760332,-8.186852231058268,-9.387585320892589,2
-2.7492489124500823,7.379732113288529,-5.968975285455956,5.902706806186532,-8.696406578813324,-2.873731309065483,-9.83671966030272,-9.17063879862362,2
-6.925907090416668,0.2910363125923875,6.025053303607538,7.032554871971301,5.729161571638901,2.020811579110692,-4.816591634784532,-9.74349460338512,0
-4.760549233486002,-8.083831132173136,3.0322447343966665,-6.877018305123613,-3.7344066104469498,-7.316839037782689,2.647455828090415,5.581924926243977,1
-2.705617549424476,3.323327956494481,6.739340874546851,9.038538672309189,9.457342106300914,-0.7375780182438758,-3.97196169334462,-5.626660909617012,0
-4.0164582344378825,-4.789834541428169,-1.2618345502078678,-11.9164013959689,-5.241481736721813,-7.666538272922263,-3.2839162683128964,5.11297005301916,1
-1.3269848286566936,-7.731917599693531,1.4660748652593167,-5.165558938380563,-3.98805131941361,-5.812212005111244,1.099611805656297,4.646979688805367,1
-1.915106321874009,-1.7540930983532683,6.6911672282219135,9.019382717329844,6.682035370180126,1.8017264990483048,1.4349652603217558,-4.283042940833977,0
-3.400264038566661,3.7165200521874495,8.73029795849235,5.562831373493025,4.732906978668507,1.9790570949596096,-3.6058232081756656,-7.095487387873866,0
-3.801957299196234,-7.256872296159617,-1.321925234623187,-9.006754640563065,-3.8761583357196177,-5.475138445038452,-0.4953593530264413,4.92677087841699,1
-1.196314301609381,1.7731190885961268,5.002793771557375,8.129377752370242,11.505613467413818,0.900279666070873,0.1066192673983513,-6.247927988851092,0
0.2795399117344208,-6.002985351330118,0.5278588978752193,-6.710934264354354,-3.8404903886349375,-7.619472764990268,-0.7771217724359234,3.853403242921411,1
-3.11525196485289,4.319431175294831,-3.832122767540485,-1.1424554230253,-8.765431311360786,-5.598003090632647,-7.807491107069523,-8.963472950136543,2
-5.384812320455044,4.019574879019222,-8.828348271353258,-0.8046666772526359,-8.307453400610196,-0.0585063181581642,-8.79298771308937,-7.386221246323613,2
-1.8762118251845203,6.991675464296801,-6.254165241547084,0.8070858378700827,-10.785189563541635,-5.99412575820654,-8.697951490423486,-10.126815613760488,2
-2.1823797368745,-2.1149967820639386,0.4841265986499594,-12.091383226915344,-2.593330941587641,-6.395546900309897,4.126510894227721,3.1878620328365592,1
-3.858469613906913,1.0356435635560677,6.139517339048613,6.177218646225224,4.760964502298289,1.9394644920479056,2.816107672430099,-7.196694966981919,0
-4.365858130288511,1.5269434618999107,7.639154494434902,8.89882496418104,5.406115575704217,3.507410538366412,-0.1874941767147893,-8.61909728565725,0
-3.1933249983646297,3.970173310034753,-6.669512213073709,1.685907804896155,-11.865470899444311,0.4834250475355666,-7.543194351758276,-10.7012757043893,2
-2.5093170428579907,-8.223050714122344,0.9169370500305676,-6.563590273775276,-6.907436568597015,-9.575279052481084,-2.463030980155681,0.2326130485507302,1
-2.4605037749461958,-4.756675421684044,1.808307451613116,-6.964991103230078,-3.543512593044984,-8.485430106002593,2.087940930556119,6.33423778243068,1
-2.1268606951116817,8.25942301264432,-8.358299835533503,-0.8618882530526664,-7.575148640047908,-3.745471112649886,-9.21624591383737,-8.427477018159768,2
-4.8337024952786045,-3.1561634721787186,8.196159997079148,11.36908527737494,5.590910799926489,-1.1691963703068555,0.4280239904470846,-4.170601328769973,0
-2.8178603390019124,2.8680958309663214,-5.178891939673303,-0.4288614796804628,-4.391336962653473,-4.899332602457585,-9.653352556683162,-8.208021102048455,2
-2.5435951774494905,6.637227630692539,-6.469002643196759,-1.0523092586897982,-13.434195692056528,-2.10767262936987,-9.112613385068215,-11.014935847481889,2
1.9188196290691877,-7.580558015997212,2.052716315921657,-8.774703473069277,-2.107186804952363,-6.353609793787239,0.0876171271188301,1.8747941415420208,1
-4.126677693724476,-6.065563425394249,4.152109622485655,-11.737730709745506,-4.615842942871381,-5.817056931673235,-2.5834596554448344,1.7881476061581092,1
-4.320342824318734,-1.9690085596676248,7.592708398552693,8.962266696483278,5.094403837378978,3.1644239023910883,-4.737547581199989,-7.633787965810085,0
-1.3602867250726085,-9.172131720240516,-2.8756215143985457,-8.43089310776876,-3.2881677737115664,-7.8596588129862734,-0.5434477537820204,3.249502403239948,1
-1.1127596000701203,5.769777904288692,-3.0528201100481267,-3.312174569291307,-13.206355282321866,-5.19923220160429,-7.201860418148639,-6.877480848569404,2
1.8743765164585409,-6.378875447154385,2.0301325592536563,-9.13489248657705,-7.365586224230121,-7.166938214664227,0.467838789451645,2.4057039261397186,1
-2.3127510298489606,3.514333018806438,-4.948505811748051,-2.044765907616548,-7.279146711596776,-0.8944225090068691,-5.349720717888697,-12.463219164536126,2
-4.005989558671425,-1.0383122781609602,3.7293847680959296,4.016487390091515,8.171871792593432,4.274373230043748,-2.5913980399139342,-7.923152421656097,0
-6.651917428601166,-1.746401273891538,4.482702421073892,10.691895346407446,7.118351700350567,4.9645185294236605,-0.9514556042360636,-5.267766573102286,0
-3.499548998567613,-5.245299904781817,2.993089434432793,-5.535360747409435,-6.16046300753808,-8.087765994840515,-2.868516142959377,2.6394848534839435,1
-2.113383583164972,-8.488150991514884,0.9038433323334514,-9.875600152614629,-3.8371639125333736,-7.291701089312292,-1.957004138488339,4.793227528337539,1
-1.3391132581132164,9.551059099067182,-4.198215913360995,-1.189428839692353,-9.47428271621261,-1.1893019274112953,-2.44005979561176,-12.102201430923238,2
-4.307828226323998,5.877542608331795,-6.671445940997931,-1.0588535691031955,-8.491040406053331,-2.519045634481972,-9.49449992672035,-6.043187883206605,2
-0.5563619284433295,-6.513349822622998,0.5349819697104417,-8.135631484512858,-3.2446565165749304,-2.3472867667339625,-0.4018039024375918,5.806770933895061,1
-4.014108127496585,1.1024319395423692,4.849400554125751,12.861643376240028,8.06630104698396,2.796245807039909,-1.8653686374112315,-5.129766897426,0
-1.8778107468344087,6.070734796032527,-7.9986589493773055,-0.1907920359358522,-12.410816713791457,-7.0144993992506,-8.456147608037949,-9.51133070383208,2
-0.4490396803118236,-4.821481104259002,3.574141389088732,-7.430116341713524,-2.678979508119823,-4.683716877901259,-2.824028265202526,5.242936946621138,1
-2.56182373758043,4.413346640159026,-2.566515281670175,-2.325481510450269,-11.36791164503384,-2.793554232663551,-12.578515084982024,-7.456992751195587,2
-7.098485460671984,-3.242943353584866,6.536132569184376,6.413364592942063,7.406112566609239,7.058859502545772,0.7368172583631096,-4.633569301142789,0
-2.400180621412516,1.272680695894116,5.832134665781391,12.1012140580978,6.976630113307012,3.6067414278737657,-1.2854347109006667,-10.253701363666158,0
-2.405845818167609,7.533201094693862,-5.89537254214048,0.1191448909047891,-8.987968988709248,-0.817241773664958,-7.33379462414053,-10.57192235542027,2
2.096654248327177,-5.221520726545647,0.2002016233076694,-6.123811263839617,-7.454645262360592,-5.935742133877749,-2.459846322065598,5.641058483960526,1
-0.9803971734377358,-4.203242796095944,-0.5459571139272825,-9.127616219523723,-4.178168210464428,-4.307333289318661,2.377146164730992,5.239039184375948,1
-4.883163500487047,-8.632548040352606,2.76224643197052,-7.920710168679053,-6.018692545644289,-5.3365719444201485,1.984724803002599,3.592806064198337,1
-3.3145690879222505,1.1883746485374025,9.617162173446513,7.705141476187061,9.443427293412688,3.1853130783816117,-1.350381834655166,-8.762197443865457,0
-2.2439112044332656,-4.398628422194795,1.7649190580029102,-4.848995137980149,-6.625911965139379,-7.71775327579914,-0.2665061160347883,2.8279780990266907,1
1.2725427505062754,8.252563234172666,-6.322138188667695,-2.198149715173472,-9.455468583425324,-3.354534419663342,-9.17417836022535,-8.848362135273456,2
-1.161143072996692,-3.5729029951284703,-2.34661468514681,-5.197275117121428,-3.22142717294973,-4.628851489090891,-1.229993897206558,3.65261521712107,1
-1.4083370284702803,5.788066335112228,-6.762093488977029,2.719369588562378,-9.842272683521566,-3.351447571681724,-6.341396659813709,-13.843375452796804,2
-1.4976750064804971,-6.218484517721138,0.1248131121902592,-6.372920694608272,-3.5772291619430234,-7.565972880067853,-2.330828740539289,7.884317407306,1
-2.2029828349744345,-3.109973358715386,7.450445507839305,8.0506557185442,7.243807413782989,5.122625989626453,0.2956546715371975,-6.746774563387107,0
-5.491623657801932,-4.148941653152059,-2.138378553961323,-5.511283244263855,-4.766853117271418,-6.72004203997757,1.2975660615322488,3.8082185596686906,1
0.8318098893181127,3.969184540727354,-4.560915259141986,-0.2355962165942912,-9.65762112283479,-0.9831228884471956,-7.13699049891635,-8.50328956937423,2
-3.472071943763781,-3.537754356773825,8.948009361608772,8.850195479529953,7.441907476170585,6.1414195629775055,-0.7155673286816434,-6.886561849774426,0
-1.331254295365038,-5.444333821105346,1.8030263285614805,-5.345589312089105,-7.799300800816384,-8.790492545207114,1.075415904701746,2.0414340266358826,1
-1.1323941102150918,6.5728632139319885,-3.898799626946688,0.4656971618377528,-7.750727503027903,-3.685268466593204,-5.638647767904017,-9.03204068519944,2
-4.232795045171541,6.749817484441282,-8.261671856880643,1.874220700343157,-12.542044952714182,-3.482640561070196,-6.256776195246725,-7.525000722051198,2
-3.472653691419449,-2.1060564229653664,6.401646660053809,9.99419344968487,5.9310713515679065,2.8069012546913905,0.4191463864600067,-5.418421824623364,0
-1.6280214087805236,6.0395917596396185,-7.115317358841973,4.367132365691645,-5.652400730458528,-4.688919938384824,-4.468366147015927,-10.351508104372,2
-5.260225816911884,-0.2563792527451675,9.895445871018088,9.901527553398658,7.852098432200982,3.8021286172895623,0.1657672896123369,-8.450155939842464,0
-1.632857793457608,-1.4159340971765324,4.105527261409275,11.032038710637218,10.149681637718947,0.9004582020352259,-0.4320463643566334,-4.786391091210234,0
0.4839214643080058,-5.854498154755187,1.7073153303976187,-8.556126043593293,-4.35333073519339,-4.7001873699904015,3.515275750720129,1.23580984857012,1
-1.996846167067027,-3.889666815009604,1.2809742913124214,-10.255197203923409,-3.44712017122794,-6.14261501998967,0.0698586005525744,1.684553247880105,1
-7.332463599832633,0.8634633724612351,6.5281543552223065,5.261364137447171,7.665962855866881,1.1946058815181253,-0.8606973560474371,-4.99407358915936,0
0.106245966914124,-6.950135605815815,3.930061263239072,-11.40819032725424,-6.284172415903483,-4.570443798046169,0.3944437804073892,0.5719311852200932,1
-8.572357454760294,0.6339338806684056,3.4361650049598165,10.687084516038476,5.276295753366499,6.081572690609573,1.9400131422237048,-7.686642241719831,0
-1.9079480862608853,-5.244796200922441,2.737478931755143,-10.817941181770202,-3.5141034690031088,-9.805506674304366,2.844830992111639,2.0142286136693848,1
-3.30144277001493,4.950183618153363,-6.804883949607095,-0.0235529756775043,-8.627652713544439,-5.8391223773293,-9.644771018622066,-11.367410694847464,2
-5.259953509035255,-2.0620842600739424,6.198887390435918,11.183936514130345,7.90061670480226,4.378219816008865,-0.2976014020408406,-5.476421433316885,0
-5.058212080193519,5.629518733989945,-8.259728837583319,4.432410058205579,-8.144180001002683,-3.944421821642657,-7.460442664240877,-10.980985324083129,2
1.535302351620909,-3.8137291789731504,2.6604113734285204,-5.355882200465011,-6.087617268980214,-10.72472118546678,-1.5195003364576576,1.2431925841390203,1
-3.715756303902128,3.2505504815382964,3.3118479629562803,8.209124990372095,12.35973617591338,1.4167961187827662,-3.431809436411532,-6.427507371488025,0
2.392431143023072,-6.3895253045785285,2.2391992385152903,-7.381187493894799,-3.6212875005728966,-6.301266980737933,-0.1238563149762352,1.9501989636326904,1
-5.473928351027594,1.421703761118723,7.097131153197875,8.455249721115411,10.706913017445224,4.5095949895262,-2.422042957944969,-4.313487161846179,0
-1.7345870328748711,4.739330075764812,-2.7908038151755994,0.3960565392704596,-11.883715696826563,-5.237617251464256,-4.363875435602256,-8.677946201884655,2
0.756368793402634,5.612081433610424,-6.761948231785276,-2.535014863666627,-11.241404989293365,-3.99035273631337,-10.226810553219469,-12.96800271315203,2
-0.7703530716930711,0.9560399695963332,5.540203521430183,9.376660160907116,8.681565214234025,2.9043895815249265,-1.4293134815741606,-6.477797918641693,0
-4.740030024938814,2.3442502351547136,5.520404925932886,5.735419317334379,4.913471945777733,3.975282779771805,-0.9826478978208628,-4.7126653328788,0
1.1311927285462406,-6.385702934327329,-0.9487237932444414,-9.51097271289537,-5.355544674727781,-3.912993775211304,1.4458961486876702,4.999380951897868,1
-3.188452423124612,4.586488042012107,-7.94577209217146,0.0949837947807692,-7.255253244461043,-2.5900551508251377,-10.526133345693388,-9.575995128061034,2
-2.580292058072377,-3.386127286544081,5.9670071373348295,12.701272369513882,7.6779824919373185,4.513102751352188,-1.481006743871363,-2.89492830156419,0
-2.000184204602362,-7.2887289870799155,0.6409110654592705,-7.327039901819636,-4.188160628713915,-8.165415249117679,1.2529160858280906,2.184026042212081,1
-4.487870334606267,-1.0228273039264295,6.37146808316751,11.734519633288972,5.892799953471691,4.086494225967373,-4.384653850683423,-4.362054527626137,0
0.6966419378735911,-6.581504116616789,1.197884667534817,-6.215093876766072,-2.622625080571998,-6.234797754982558,1.9595240189406544,3.4581306642743583,1
-1.1759840058501292,-8.72722371768614,3.2729902624893907,-9.139194939461058,-5.267010833570864,-7.447186720550165,-1.422486900965744,2.313662943457504,1
-2.444626831591472,0.9326347756011832,6.754936001891812,8.896162306746213,6.379647144072336,3.61587053084864,-2.622972430491942,-7.048778298104713,0
-2.868136450553666,6.757514838018532,-6.250900027935748,-2.438682338494329,-6.923753291125401,-2.396805925137153,-9.351719417195072,-11.557732990456952,2
-2.434757761533617,5.343311019051531,-11.308588648241876,0.652347560856118,-6.56640516910773,-4.4851166016738,-4.8511136470044605,-9.95349713141633,2
-3.13341702796074,-8.397878096736521,1.019515153244611,-7.563582607054212,-7.887775186502008,-7.838815688998052,-0.7926695130710506,1.992682337886056,1
0.665291587916653,5.2897350147197,-8.406371540319217,-2.299022834239163,-13.714664461861371,-3.6451420110913726,-6.032181273483584,-6.992493652028452,2
-4.785221715220456,6.041467193727194,-7.560635380582113,-0.7047122978051511,-8.10968829062549,-4.962316375455115,-7.386322364781145,-10.150191146343188,2
-1.5440744077712645,-3.556749001087132,6.756118069465074,12.442827300110944,5.268395737254256,-0.4564764255674078,-0.7630249413727024,-5.956988460711848,0
-0.8216194854758472,3.83037619367418,-4.087438707271372,0.0565217379415947,-8.788465368147087,-4.396703475828073,-7.830155661224831,-8.801015031168117,2
0.8169414930808059,10.368531293943928,-5.908854350381334,-2.129245219318197,-8.313454945379846,-1.7468516377919563,-7.491066537873014,-6.637649634599407,2
-4.385668307521609,-1.262857404601024,7.799360304838036,8.374803647584372,7.70513780457642,3.4192233113186057,-1.5126315984355971,-4.950447503564835,0
-4.156693119183092,1.467981675955964,8.737814145895594,9.802528232338924,8.152789369201964,2.7292816877084545,-2.349919377378036,-5.763210059932613,0
-3.547319092018193,6.094799124236172,-5.555891454047474,-2.4423679319540894,-7.63095928809158,-1.9333617932359437,-8.278651666057252,-12.262830785987198,2
-1.354915398757566,8.244801276243997,-8.054847729388541,-2.081346069209098,-11.058152865347122,-4.400231564319149,-6.600733338091477,-8.727305385275153,2
-3.881168844967063,-0.4873109611753063,8.872412849451946,10.118765307227171,8.040301350067862,2.4135049039380623,-5.3369713382254345,-11.555751382627877,0
0.2231746272758696,9.029950560660549,-6.651138677824212,2.283636570917131,-10.236634351956049,-3.455194694376368,-8.806446622710265,-8.76454851460476,2
-5.280531234683584,-5.843289085727791,1.1670991428484974,-6.028691881379872,-6.473232046789348,-6.815449315851924,-2.0067964432700545,1.5723192143953384,1
-3.4159628749764304,0.8858995597345827,5.479278656191876,12.299683649857712,6.308746299783953,5.031972267034137,-3.9436525218401792,-7.745915539428348,0
-6.815720734986222,-0.1267256853166007,4.276613650449631,10.574917002030112,8.163755940353099,4.804570716042415,1.6484566860219223,-8.220055370961433,0
0.3256168297091397,-4.175929369186744,1.995087230047104,-11.02067685669222,-2.2020071044396867,-5.662510595201031,1.0161356147277991,4.517615284800107,1
-2.460168543166972,6.959600257892999,-7.992798806744458,-1.558014989589049,-7.170459467868234,-7.415276549889416,-5.221877957711938,-9.11467620550079,2
-2.4392822784446397,-5.46525577696083,4.739852987872348,-7.155208281231881,-2.725093029501082,-5.2556861830152535,2.388986180776165,6.91205483234044,1
-1.7234361881745834,-10.80385460688155,1.5207896594075188,-9.614659788689782,-5.744781352832895,-7.3737225392763,1.879226732815643,6.925828760383432,1
-2.2684562912408315,-1.4631077689816268,1.148192875751998,-7.418289638484095,-3.42226302922386,-4.1340224623021085,-1.7874117017848177,3.947757863418616,1
-3.389394344335763,3.175774806536473,-4.077581684422347,-0.5160198827943685,-13.259573260536492,-3.504494429025593,-7.525069405520866,-8.381904811392117,2
-5.229538481376361,2.135422134979316,6.92855494527004,11.324671620621867,5.226354357963308,1.992045129030973,-0.4792402571532666,-6.42774987327222,0
2.775824277382402,-5.760642339090462,1.0381491857854084,-9.779534832739124,-2.25971384941436,-8.279023772637236,0.4161727165950046,1.9495846039112243,1
-2.240024388301149,5.45220224365926,-8.727103513450164,-3.334014529863253,-7.101888864872517,-1.2835664389795236,-8.360154321178312,-9.621625649945054,2
-5.778095406219851,-0.8588780071354126,7.033004787193105,11.031221644937892,6.502138329316306,3.1029379225670235,-0.7368707448394067,-7.099814478241616,0
-2.3907950333545056,-6.636829980176894,0.9515923758868292,-7.100712037458271,-6.131482787122556,-8.222504519673315,-2.055690801826397,9.315238617835142,1
-4.930539985810702,-6.921841409769892,0.8940883717571759,-6.366183934219871,-3.6064315643189087,-11.771856848638324,2.8113680883100973,3.7616295227541143,1
-1.0431441442914062,5.813029771681882,-12.372590997418731,-2.155661462034243,-3.904516663843751,-4.03857605315856,-8.603286258717617,-8.531635364665899,2
-1.907195593287366,5.778410216367287,-6.643517333623327,0.2046759357917243,-5.111047741719894,-0.3741058731390736,-10.104380608821383,-10.616273978164338,2
-1.859711690756037,6.5987493734286335,-7.79340004566286,0.4686359154335615,-12.29650129847247,-2.235761441644783,-5.475826359026524,-9.17945776275109,2
-4.673873135149334,-2.528616909476337,2.8603847647824194,11.006891960159516,6.405337444624934,3.5690685249645915,-0.836211519576,-6.755200310328119,0
-1.4150052314884978,-8.499150067921844,1.924855259904145,-11.54892280079548,-5.021705976750223,-4.537144330411991,-0.196989827950466,6.681841593369304,1
-2.6540755284970343,-7.693948593982124,0.935156242964952,-12.341052263516188,-5.341173498976894,-5.567985454746382,2.27062449572595,5.247966552393207,1
-3.1115908754649,7.276021487311216,-3.593685577159572,0.9425669956356524,-9.9365948629119,-0.9903670144173464,-10.391026421353727,-8.164202634970277,2
-7.581497814860377,-0.6092728019724453,6.5967692112529095,9.605268682292914,5.823650971832207,1.3408559156069422,2.031461821331105,-3.880990116539267,0
-1.997252913763232,-0.810389970163332,4.038418610207481,7.706728571145239,5.858912892447446,3.4850729272362373,-2.359508572233584,-5.999036365216209,0
-1.8410429318155863,4.157028016697524,-3.8492660943204937,0.4266979881220547,-13.231798819906649,-1.1628118596222894,-5.970647677473054,-10.594193575746942,2
1.443467163267503,-2.823481797145196,-1.4805590540430609,-5.460864439062707,-4.613643090587171,-4.122480714659749,-3.506297688540737,5.95635487587302,1
-2.9338977717071018,-6.56140775542953,0.9502433277375908,-8.585502287137494,-4.271338148850821,-4.427834931080276,0.5160691411428531,6.499066129426016,1
-3.036901095339785,0.9557646776855924,-5.370616951900363,-0.3431951852076322,-12.178313180349546,-1.2750157135730953,-5.608455896796084,-7.805827482300416,2
-3.6126706809513305,-5.257547893296402,1.1891635457148113,-9.872578005833596,-9.094280892724449,-8.175234672729475,-0.4600630352310307,4.064944897416934,1
0.4577459497273268,-6.170791595686432,-3.674024520666899,-9.82839019768324,-6.512297932062447,-10.454154179529802,-0.2163768081084326,6.44606953985849,1
-4.487383070869732,-0.2948138558713777,6.794606136591657,11.01358177928064,9.88387797574186,5.265264781553623,1.1267163229665411,-8.349317514084566,0
-4.520010044528965,9.050996046838137,-8.175242985750579,0.8631360545738744,-10.383663589848092,-5.503345567553582,-6.532473836491005,-12.551817487573096,2
-2.0459658901483824,-6.070177399213013,-0.3575055016265526,-7.797605510594288,-6.345087770673711,-4.186792559673998,-2.945185125144015,5.350557711996022,1
-6.126367229962503,-0.2746928208663917,4.456419711949071,10.24211396096721,6.315972725763016,-3.2794058883248773,0.8812600052575925,-5.4240644432850855,0
-4.327858030216945,-0.0287461916747194,7.111193816074799,8.21245858335763,11.4928773599541,2.137893318755925,-1.4122326072516496,-8.948529976016864,0
2.0621662437014763,0.3275986978945171,4.016531594212235,8.66396205988628,7.484677401196425,5.529977988710867,0.8950706009928868,-3.583390169084006,0
-0.4886050922829315,6.286476296407668,-4.752770507209066,-1.3970312538985263,-11.816244911736822,-1.2771302862123692,-8.314456093295089,-9.146255601601249,2
-6.696274824932185,-2.47305980413728,3.4473375585542,-11.577843936391965,-6.430184909147038,-7.641543175284849,2.829838997993921,5.301832127644449,1
-2.916228927683689,-7.492338471000939,0.8416912374857508,-9.311720915371676,-4.530155445186979,-4.300013732003958,-3.0250008063720277,6.302011088567526,1
-0.3278407660124962,-4.356091886928,2.046208604232562,10.84488628877804,4.6238133392622665,1.9974391167865937,-3.533829608105024,-9.0271382467123,0
-5.11563874814609,-2.494879015696108,5.486520305684314,7.763360583720749,6.499327422315086,2.5462787332405687,-2.0292657274644883,-4.0008813805947705,0
0.0560983735976166,-2.6105816356413167,-1.854266064779368,-8.003311345264311,-4.771053848013134,-4.175926706752261,3.5985591632517626,1.6292124877951657,1
-3.610455811136065,8.283353471835579,-8.739187747270437,0.230155253153513,-11.074675862345432,-6.448920264840732,-8.77510819424261,-8.584211626322661,2
-4.141550812782508,5.997687884334539,-7.91020732724207,-2.504532117260518,-8.813043712245255,-4.223806275163965,-10.094560141260434,-8.996008260183114,2
