x1,x2,x3,x4,x5,x6
1.914825027,-1.38050338,-3.609673601,4.236011043,-5.158680741,5.712977563
1.356414909,9.767893297,7.263659363,8.750819464,5.568930033,-6.039122098
1.185186303,11.52834432,9.999418832,7.890027371,7.308209716,-8.89939668
-1.73915511,12.64896524,7.965587934,7.850295844,10.23574342,-10.17554221
7.890985105,-3.210880244,-7.672016426,2.43810582,3.310904328,-3.308333545
-4.329265055,-12.70326073,3.241492786,5.039199194,-12.45153158,1.510951822
0.260551603,-3.83334767,1.36833552,4.821188664,-3.928957526,1.565081143
-10.64462301,-9.84885097,7.611362408,-0.462955634,-9.324518147,5.502240514
-0.625558072,12.52778387,9.083404388,6.031225366,10.44130812,-8.225044265
5.133380963,1.866618794,-7.831706535,3.368918527,3.362269132,-5.738920632
0.378938426,7.967470607,7.221656365,9.276377522,7.699634221,-11.38783493
-7.333351539,-11.25957531,6.437980705,2.409299869,-9.875632736,3.844408832
-8.618004816,-9.421532231,6.808529282,4.339647638,-7.865714422,2.314861134
1.348047014,9.385666999,9.867579778,11.00421111,9.101737945,-11.70109551
4.792615942,2.611828462,-4.062883397,4.04723694,0.490244504,-6.305884677
-0.369234201,9.360180786,5.98166227,5.029796519,7.945174857,-6.250122357
-1.172534717,9.022948625,8.552970147,11.92438754,6.975699962,-7.344520936
-5.819010968,-3.238912307,4.118349689,0.318925136,-4.884200946,4.07757501
-9.570769563,-8.200693817,4.663814053,5.324335278,-10.57156463,-0.644808636
-0.192411662,-2.803397191,0.244902136,2.164228428,-0.639968412,5.564744368
-2.069261318,2.061129189,2.391231612,2.073210585,-0.159215799,2.148276644
5.964623024,1.536471546,-8.776536564,4.930278211,3.771133295,-4.621283643
-8.441556375,-8.515943896,9.181086808,6.591639073,-7.311556123,0.285254947
-12.20941929,-10.47387698,6.376961238,0.92316441,-14.6590362,-1.581112125
-1.298861201,-2.653181809,-3.410094621,5.435876744,-2.937525278,3.260412598
-9.010632254,-11.30675952,7.579338032,4.677594798,-11.11261592,4.963289229
-2.421114497,-2.8345562,1.174571781,5.573237734,-5.349662236,5.951203021
-0.297541605,-4.193656658,2.892323805,4.73761499,-3.323441056,1.350898954
-0.299396585,-3.125407503,7.229744217,3.867907007,-1.863949464,2.17627585
-9.67668409,-7.288879616,8.518413853,5.724025656,-8.291507939,3.690368261
-3.585277829,0.013648796,-1.264180871,6.081850251,-5.156151674,5.452726988
2.79659712,1.105024475,-1.693084821,6.101192949,-2.648835902,4.052284768
-10.60157808,-10.22671637,7.748265698,-3.023718924,-8.288149457,0.396584453
-5.833492289,-10.44978608,7.15983441,4.149435391,-6.559480922,2.719370457
-8.520618716,-10.4006322,9.559673365,2.641920932,-11.71701003,5.649671053
-8.238670123,-9.511160891,3.733068125,5.767816807,-8.709792383,0.946084071
-4.965181907,-0.001593815,1.740636425,0.366899528,-6.022154868,6.115124417
-1.971723441,-1.109105044,3.556076651,2.960458616,-5.235227714,3.849821027
4.779965781,-4.561366949,-8.039153041,3.862765494,1.698499607,-7.565707701
-2.774987178,5.908841825,8.22333498,8.633584547,6.841468875,-6.115275531
5.928980864,-1.28734855,-6.627704359,1.638656635,-2.15891696,-9.786227729
5.010050622,-2.334215773,-6.823885326,4.307015796,0.943413923,-0.685329377
0.216068094,3.726054518,5.302564731,7.076465084,9.475975623,-9.665537574
2.448621807,6.436493429,7.835775844,7.262481306,4.796466022,-6.174733359
-2.567105671,-3.194719277,-1.277114279,3.084432661,-3.543852375,0.584827879
-9.546768918,-10.14086974,5.947531542,0.884544367,-13.8507324,2.500468173
-8.265130131,-10.44169773,8.972810497,6.08361697,-6.699779373,4.773244137
1.605503344,2.685389564,-5.581397441,5.197449362,-0.893342594,-9.195982705
-10.4728708,-8.151567771,9.068385703,4.153137045,-4.658532804,5.307954232
-5.467111172,-6.690245054,9.456383971,5.040281341,-8.023788088,1.106611332
6.727194009,-1.237661994,-5.200364874,4.076022279,-1.438423717,-3.988782553
5.401435003,-2.060724141,-6.692444402,5.780404516,4.83210337,-2.667146699
-8.968927169,-12.81366724,7.142260797,5.892262262,-3.056395556,4.960686603
-11.97578562,-9.51939318,7.013807475,2.074724872,-10.37848624,3.421942778
3.78553116,-1.982194568,-5.598794008,6.001213027,-1.785253895,-7.204051632
-0.146686094,0.847877681,1.065449205,6.209448323,-1.229092896,1.392987858
-3.243896159,0.734899983,3.325716806,-3.105809575,-2.14381989,2.045818355
-0.980958736,-2.846026456,3.451364267,2.484162842,-2.544067305,-0.51376927
-1.15731349,8.528146253,9.798379104,11.74383462,8.609462536,-13.42845541
-7.472372612,-9.468892606,11.13052379,4.812752943,-10.79281251,3.088389197
0.853146166,0.73086578,-5.814685715,3.687891792,-0.650264956,-1.778863888
-9.658384375,-13.50853759,13.95198983,1.359105961,-6.807974227,1.347294262
-2.560218993,-6.605729702,1.941772092,5.644060335,-3.449001763,2.940149373
-7.014846546,-10.3699553,8.422068548,3.542304917,-8.075065505,3.168999168
5.465355425,-0.691833652,-8.553651895,7.813136007,1.592489756,-0.505844446
1.425912823,7.646762834,8.353849098,4.191559353,8.37567546,-7.210523866
-8.815578913,-12.02206293,6.534650032,1.202702495,-12.88445451,2.081990228
-3.5502719,9.113603599,8.878608689,9.471541504,6.978796974,-4.218337848
-1.138137711,8.709012271,9.370871169,9.386053608,3.04281494,-10.52331335
2.206868431,13.43525582,7.936102751,7.273489309,7.175217833,-9.101559406
-10.90716122,-11.44719421,9.303101488,7.230621232,-10.96052974,1.965466997
-3.291383344,-2.97148405,1.192913014,7.565599092,-4.088074484,3.36925353
-11.11306494,-9.803902806,9.84788264,3.763096275,-8.489498285,1.101095446
-8.676353952,-9.438992867,9.684460217,5.32429224,-10.14146219,5.803167317
0.763937813,9.419201208,9.311135454,5.914057746,8.086349752,-7.239207271
0.764483184,9.921465829,9.033713578,7.520201095,10.3122768,-7.840427892
3.144649556,-2.29225902,-2.387537545,6.228792323,0.638840963,0.0572271
2.395264953,-3.313841679,1.741740131,3.213802546,1.39143077,5.244766209
2.069196712,-0.109178031,0.076021788,6.231008784,-0.919813723,0.585868836
-2.629341213,-1.898177715,-1.322648376,3.096726876,0.885113254,3.173965933
-3.987838516,-2.697408992,4.076455254,2.248816408,-1.412665316,4.601898698
1.72293333,1.961076202,-5.629850693,4.412787583,3.933351163,-3.701253215
-3.536843526,7.913243534,8.922893666,5.418826694,7.189174397,-4.866538606
-6.879421078,-5.923088384,6.882602759,-0.732673561,-8.788111427,2.814192077
-7.554994919,-6.22299425,7.994579321,4.994134751,-11.06665163,4.223692369
5.953091644,-1.171067467,-4.439024312,3.780828352,0.236164862,-2.892858504
4.233503619,1.305467988,-6.967665748,4.625005309,-4.172024064,-4.21406638
1.761325975,-1.162244751,2.833814706,6.405298457,-2.487119021,4.509492641
-3.849368471,-9.590509132,7.790002449,5.965886164,-13.12451442,3.782985346
-1.265441584,0.07724065,5.693951125,3.376729456,1.236992628,2.550406401
-0.661122265,-0.331048728,3.67379353,1.744263699,-3.438625083,1.209300367
-1.621293329,8.620691894,11.32745979,8.524691442,5.946161863,-9.923739113
7.670233249,-3.211484318,-2.85265607,3.451242877,0.683273871,-7.853549333
-2.468983565,6.623633912,10.04749592,3.848145367,5.267667566,-7.160547882
-1.886447044,-0.287210791,-2.337537584,-0.221144278,-3.817199026,2.833294297
-8.833987264,-9.962592485,6.839909119,7.002569016,-8.60097447,2.777982729
-8.144532868,-7.393042487,6.517393084,1.802356782,-4.531365972,4.394313066
4.242696556,-1.548629407,-7.159204152,3.974027259,-0.429881359,-3.847002254
-9.765317702,-8.367441277,5.993749784,3.854617049,-8.472229682,3.375828246
-6.800943771,-7.311980531,9.176429269,6.620849873,-8.513401979,4.204170654
-6.212724912,-10.73957729,6.216963529,3.588484792,-10.29311372,0.52069438
-0.869878544,9.708228112,9.115818729,9.430965996,10.27577188,-5.555565739
-2.796563441,9.114724878,6.327621619,7.506909217,6.457645292,-5.749845743
-6.073450251,-8.572062966,8.963504565,3.466215903,-8.960081275,3.867392326
-2.263126174,9.977835332,11.01572464,5.952346056,4.91784391,-7.220920247
-12.46941381,-9.413883653,9.868179053,3.217108166,-10.62869341,1.980899058
2.822076367,8.695838992,8.988994826,6.333021038,6.900503051,-9.385607345
3.559367882,-1.85323027,-3.827650951,7.60046536,1.509572591,-4.673269846
-7.943755358,-7.08250113,8.429960987,3.313468694,-9.201793105,1.214495313
1.002212975,5.562869692,8.948235464,7.023615135,7.944854776,-10.15317843
2.350579269,-1.213522313,-6.293974531,5.604485804,0.788214455,-3.973902926
-4.476231564,0.298954715,2.379745281,3.962597924,-2.368264615,3.329469724
4.118525869,-5.277826749,-1.381048294,2.73092158,-3.910545788,2.368012179
-1.024104824,11.03804705,7.103233586,6.896454701,8.547436778,-10.67327031
6.398989401,2.679692913,-5.807599927,7.937345605,1.312715643,-3.136826748
5.445206578,0.695704447,-6.958167392,5.199682284,0.429909041,-2.685152898
1.102824895,0.538427813,-8.592871063,1.85712814,0.04491856,-3.768697625
7.659607792,-1.160168518,-8.233188121,8.394159136,0.053378495,-2.815275926
0.709149538,8.220509057,4.083605879,7.981123329,9.33286574,-6.960739633
-4.33959809,-9.246224527,10.61255794,2.639146718,-11.39822371,2.767079382
-8.704153702,-13.85973983,7.803969442,9.410553442,-11.11887951,3.978237849
-9.868720522,-7.302901376,7.269027711,4.520518071,-9.725657433,1.660549026
4.291663825,-4.841312172,-6.920480904,1.929762895,0.397335217,-4.787103265
-6.949891143,-9.442770018,6.930629896,3.223867672,-9.60941745,7.68747214
-5.668150707,-8.092012452,8.893938003,5.794585405,-9.344302487,2.393884722
0.095133321,5.221352754,11.91894033,5.462975438,7.109685535,-5.881147197
1.086269031,-1.616981465,1.870268204,5.591634831,-3.90450082,3.918741828
-5.92631583,-7.397665886,6.117488176,0.183686555,-7.381914544,2.179237163
1.760625817,11.64162485,8.301819625,9.037621289,11.2528726,-9.470076333
2.242691196,-1.691818218,2.204943536,6.221253546,-2.312236726,1.208298538
-0.229684838,0.242251358,3.513237643,5.912296554,-0.461248246,1.708037289
-8.303620574,-9.479376028,8.672867564,4.851790862,-7.646876314,1.37801768
-1.167983648,10.44054036,9.677190754,2.718281424,7.878833941,-5.916760558
-1.738226705,10.13547258,4.475194784,5.9556557,7.112100355,-12.04605036
2.939974485,-0.011932058,1.428474254,3.940001428,-4.850105526,3.553967391
6.140260971,-0.52522282,-7.880251107,4.889818842,0.286507591,-5.435782464
-6.1260011,-10.69590855,9.134928415,5.986100318,-9.562774871,-0.570970332
-2.455442249,-2.845806489,-0.479724809,1.789633944,2.2632711,4.434671336
-9.673053027,-10.35404153,5.911373979,5.167451841,-9.855075368,7.423730556
-0.422911629,7.88918136,6.232751167,8.369212664,6.180935712,-6.299309612
2.243765218,11.30848827,5.643719808,5.879792463,8.574637374,-10.08624493
0.125381638,6.887270629,6.246224149,5.620985358,10.23569472,-6.717907307
-2.10273663,-1.911349554,-0.893513688,1.610942755,-5.218488182,2.037739976
0.763499594,12.14114091,10.92699724,7.06273706,7.894181575,-5.746264613
-4.907747836,-10.08559792,8.330201913,3.093411822,-7.459315758,1.01362822
-10.33350922,-9.995642512,7.056158398,4.007654026,-10.67638182,5.467492075
-1.84192868,7.237189775,9.085215696,7.15941138,11.30202643,-10.05923461
1.254106535,-0.450359058,0.589069603,6.258348062,-3.299163004,3.084814028
-10.11253187,-7.857956195,8.676120452,4.102777259,-12.08909166,3.832062881
0.100564221,7.644700086,6.032623746,9.766290743,6.297384823,-7.982617693
-0.767674028,12.82325548,5.268293891,5.641347801,7.822570551,-7.276699014
5.289514334,-2.437106706,-4.711345628,7.329182667,3.632624396,-2.206341415
6.304089802,-1.161239188,-4.29331408,6.048595624,3.535313425,-3.125926078
-8.0833363,-15.00687612,7.628357844,7.026095886,-8.093704052,3.095892745
-0.323020875,12.94048517,4.984486288,5.841937507,8.043968958,-10.17288974
5.98899261,1.946399317,-3.748227205,5.85275572,1.559003511,-1.201780762
-1.424262547,11.20238753,6.555864149,7.996855325,11.26082892,-9.651215097
1.579792085,0.7543806,4.125225714,7.424932327,-2.4851736,4.184406583
-10.39426527,-9.179688978,7.684540182,1.267299213,-5.54817551,1.323497762
-0.90078013,-0.353893413,0.535816545,5.136896485,-4.857297552,1.447927368
2.700041028,10.3969374,9.686050375,8.023927194,8.186807544,-3.653522678
7.268275594,2.264364489,-6.815867296,3.556088853,-2.197278113,-4.016613474
1.21920356,-0.736516153,2.823483952,2.436172675,-4.055548588,6.027796578
3.815406184,-1.056311211,-9.045918319,2.357700575,1.488586362,-8.04431448
-8.145670848,-7.176168548,7.593125633,3.033183274,-12.63813134,0.555279831
-2.667058913,1.127997907,-1.571978148,-0.044895778,0.046501653,1.188888962
-2.763729138,7.445677211,8.195688989,12.41253109,5.41903564,-7.307733372
-2.479621511,-2.650771972,4.311342428,3.728957073,-4.598641845,5.285746277
-0.084329301,1.882145804,0.595603234,5.150205668,-2.839263891,5.504044573
0.827750629,7.741565051,6.242521214,5.867750376,7.708674325,-3.801873022
1.880775685,-5.429700362,0.278020336,4.264187597,-0.425038684,3.152574579
-6.098422391,-9.883595542,8.166996272,4.69469678,-8.840553678,3.562991683
4.225735577,-2.302811273,-5.182083183,4.217017661,4.061921728,-3.833472371
-0.003501209,9.10663921,7.187160182,2.922044433,9.516677485,-7.64117554
-0.865727544,0.188107386,3.592353702,2.776485484,-2.099106551,1.630277339
4.489732527,1.961434712,-6.231933639,4.412914616,1.728070352,-6.977371608
-9.894235293,-8.85738256,4.874048392,5.993391527,-9.98399906,0.548860781
-8.94509473,-10.90469656,9.512535125,3.879561338,-7.236847122,5.274883748
6.678041939,2.088386507,-3.620112631,3.423657168,1.509756619,-9.958320053
-7.892015165,-8.662289157,6.550473664,4.412804048,-13.42077931,0.79961462
4.179800931,10.92712677,10.15250613,3.672922566,7.969768923,-10.32235789
-1.424584087,-0.172062467,2.615518644,8.066919554,-3.513028553,5.419174343
2.343456824,-2.833149043,-5.721530924,8.185776924,0.898084999,-5.203662393
-6.163906391,-11.80799879,8.302313474,2.778707427,-9.051385177,2.951061746
8.09584581,1.040118527,-4.389315395,3.166000362,2.243853421,-4.859956867
1.306451758,-4.703158069,0.465331875,5.934769958,-1.558758796,4.747650317
-7.861147227,-13.5142393,5.600319764,2.244246188,-9.177111208,3.371177136
-1.723061862,-0.02376589,-0.753099089,1.308285979,-2.420704422,4.113181273
6.216944943,-0.38652771,-4.241926114,2.801011484,3.201906276,-3.656567534
-3.357813064,-1.943204049,-1.7437267,2.604565834,-3.919875664,4.992572873
0.693914757,11.05487982,9.517361574,7.857021288,4.709059009,-5.993913432
-1.3579303,7.72249184,5.296471913,8.847342476,6.470340662,-4.597739428
-9.097708571,-8.728035684,8.73465281,2.667300459,-7.07030632,2.493315904
0.875761787,8.800824186,6.675743078,6.016144902,8.80952602,-7.125867437
-8.405493952,-7.780948979,5.858841116,5.729389601,-9.206159169,4.972605698
3.1927371,-3.150740269,-8.08411151,8.783445433,0.143935762,-4.873873146
4.04084352,-0.185156145,-6.271148192,4.187533868,4.063268403,-2.126689571
-7.943431681,-7.479767139,5.396951044,0.80499055,-9.807196697,3.850791912
-1.001578872,9.411519941,5.903233826,7.837045905,10.07564687,-8.717252861
-8.652052553,-9.0341016,4.851896632,4.614187604,-6.779067012,5.038888232
0.595050429,-3.611122013,0.545610816,4.889805123,-2.837327563,-0.316199691
0.986032567,9.064857087,5.947096269,7.512705529,9.653139639,-7.030893319
2.619573019,-3.921606121,-5.453130676,8.015399403,2.845328345,-4.27094781
5.474191636,-0.405388731,-7.015208629,6.717255652,0.699819829,-3.205966019
-6.374637136,-11.37795649,7.822747766,3.473912923,-12.07384321,3.580993913
-3.757880388,-1.317762367,1.521018,3.126833683,-3.616412795,4.640864276
6.462903441,1.956626087,-3.039619471,3.007345999,0.333182753,-5.078664992
4.100410245,0.806900788,-4.36931234,3.268951806,2.258253218,-5.398582617
1.522126601,6.882663805,8.886024328,13.23706836,7.30311984,-8.547160513
-0.448220471,8.882629401,2.903360269,9.989459572,9.105813127,-10.52607259
0.11761844,-3.403937879,-0.719310328,6.071744932,-1.131644805,2.034037505
-0.789848594,-2.89570195,4.581160224,4.228191437,-1.852857532,3.031488075
4.795975768,0.953945577,-6.523138845,3.36739854,-0.226158225,-6.572226187
7.603384204,-5.628373129,-6.327687028,3.737145853,3.034276531,-7.404574775
-2.137132989,-2.454468926,3.967574551,4.901332176,-5.753571312,3.589057386
-0.832883139,8.769494542,8.525148659,7.710843611,8.375723097,-7.016840331
-0.374553894,-1.170529853,-1.0816596,-0.450518864,-1.80516827,2.854610888
0.922007975,10.35550533,11.90507609,6.046168265,10.36583383,-7.274544303
0.556265004,10.56663572,10.98510154,9.74109925,11.77304476,-7.650751698
5.684017769,-0.43673362,-2.638332984,6.030017008,2.773060387,-5.615502607
-5.566521344,-5.146204922,0.572888109,4.632103375,-0.575708086,4.577443781
1.155264733,-1.357420557,-4.399211885,7.409007084,1.248537347,-3.727939117
5.341433323,-2.882011956,-6.025127817,6.606207958,2.445219428,-5.030818975
-0.423698455,-3.141181777,-0.675275412,2.427430813,-6.39290708,0.403035097
-10.04987494,-7.72918121,8.983325856,1.648692978,-10.84991867,1.097586388
6.189058715,0.362156074,-6.097010419,1.523444268,1.434335204,-5.72419653
0.690173911,9.436618041,6.742282288,5.241450668,11.4973323,-6.129686892
-1.990240886,-4.143758147,-1.18670386,5.104422848,-3.004712841,1.53878281
-9.340060212,-8.212519056,9.528208804,3.620722797,-10.99036055,5.93707144
-2.942665729,-2.953540562,0.494507028,1.049343921,-8.139365929,2.130914285
6.013721093,-2.526799151,-4.004671507,4.528357854,3.364200808,-3.689807947
-3.209202751,-4.524812036,4.070770567,6.575582989,-1.688638567,3.934291218
-8.120716078,-10.10676801,8.482074491,1.306536273,-10.45349474,-1.879402964
-1.280811823,8.749255769,6.589242138,7.133966822,12.56236542,-3.310743707
-6.792010337,-11.05762783,10.24408888,6.236153197,-9.587354217,4.345787413
-4.041266311,-8.210260535,4.089096105,4.577264224,-4.975595106,2.102999093
1.31632596,-5.634130342,2.385499634,1.046573397,-2.560318205,1.213766462
-1.910011379,9.976547128,5.919431778,4.722040742,11.24389074,-9.648852972
-2.890975474,6.698134794,7.96029447,6.741744141,8.561363181,-7.394584607
1.181286051,-3.181209552,1.353056133,4.725509154,-3.400173934,1.19959819
2.468392558,7.634102905,9.661600475,5.487854186,12.84774895,-6.037280313
-0.038065188,-3.222997433,3.382008559,1.288314065,-0.014583428,4.14921375
-6.760972975,-10.694694,7.947337998,5.875494316,-11.81446453,-0.180351827
0.405190123,-4.159372592,4.228002801,3.621963812,-0.433877962,0.018748037
-6.281039617,-8.640661107,7.986997156,3.593597768,-11.164699,1.748666585
3.27719857,-0.601946412,-8.738852052,6.614066712,-1.502942078,-6.163109023
-6.292319378,-10.67283957,5.752223631,5.296078984,-6.479916319,1.801156921
-6.893255189,-9.437734982,6.897468757,2.014570578,-11.62798545,3.109501151
-10.08079376,-8.632320917,4.99104094,3.158431604,-7.115981426,3.638562994
-1.207970543,-1.479238091,3.125997851,3.429858046,-3.687864592,2.403018172
-0.07132352,9.36369522,8.121702367,8.741334068,6.68982401,-5.26691558
2.109738987,-1.680448915,1.03537652,4.360816934,-4.310765466,0.937575269
3.046860666,-1.24944013,-7.767767495,8.316564665,0.010519462,-5.580825408
-0.132490641,10.05541734,8.500669211,5.41593965,8.983202896,-9.66380572
-0.018273898,-1.700546837,1.95076023,2.467985057,-8.426461822,3.454268179
-1.387898444,-4.314647855,-2.005301464,-0.048548601,-1.852879056,2.011038315
0.048730132,5.684587848,7.033283203,7.245310821,9.450019602,-7.984954257
8.702736281,0.678888332,-4.757505856,5.57845661,1.882572504,-0.870529242
4.571732091,0.069433105,-3.820581913,5.912595497,1.660818227,-3.412722488
2.884648708,-0.750659864,-5.894797971,7.89939318,-0.417521895,-2.500523893
8.043734647,-0.957291764,-2.988288949,4.053170934,0.176043759,-4.132673832
1.292825759,11.06391745,8.511836988,10.08363198,9.724876172,-6.495810056
-11.67805162,-10.2241693,9.563740835,2.87217419,-11.76978377,0.938111313
-7.664017491,-9.899349466,8.846995468,3.204829368,-9.769214356,1.294648398
-2.835916114,8.06897521,8.779136162,5.309973544,7.873268563,-7.145595229
1.890943543,9.60300857,7.854470761,10.7639218,8.549674958,-4.234396007
4.498779425,0.660088716,-7.423459639,3.696723706,1.691441713,-3.206563703
-1.389144339,-3.149704317,1.396939198,6.195020987,-1.003371544,0.989296365
2.304262926,-0.173613745,-6.044025597,9.987938204,-1.673325242,-4.630881509
2.060147746,-0.392045131,-5.055111019,6.048609518,1.126136737,-1.097360471
-0.286099925,-3.361251407,1.834362574,9.779234708,-1.878219922,1.872820912
-0.076876135,7.257832527,5.352223606,4.110402661,7.162636883,-4.437617304
4.710305727,-0.709380743,-6.482347719,5.377228906,-0.953000044,-5.101160481
-4.411625606,-0.837918668,1.597954267,4.958839343,-1.272525317,4.459268832
5.826467742,0.053236652,-5.270316901,4.98182257,-0.876493968,-6.121102576
-6.142737833,-13.0080514,5.047509505,6.907423873,-9.861819341,3.159473919
-0.465265711,8.901969458,8.258525335,8.178073947,9.82254432,-7.597475347
-4.130422148,-8.585275804,3.926678138,8.537923677,-8.722695412,4.003683586
4.698163303,-1.560812227,-6.010025031,5.013396862,0.773670689,-5.718692608
-0.195472185,-1.943035064,-1.223843826,6.853898337,-2.866637629,0.022719069
-10.55623386,-11.58037511,5.516030877,-0.754400505,-14.24233285,0.66893589
-1.767485147,11.31118036,9.272076998,4.407780203,10.33096953,-5.680791553
7.889978917,-1.392929528,-6.597609371,6.27558732,-1.040186994,-8.50245426
-2.12286578,-4.529310673,2.78208952,2.946863614,-2.347516918,7.947654185
-10.17446826,-11.66449871,7.50035269,1.539148091,-13.21322384,1.669666347
-9.495185824,-6.039236903,5.194574973,4.749566187,-10.58312019,6.77632173
0.92161304,-3.825668974,-6.372023457,5.972570681,0.854081411,-6.299247504
-1.155398111,8.587251421,7.600463835,5.290639698,5.690861088,-10.01742289
-5.662719314,-0.077334132,4.362863578,2.591710326,-1.947067112,6.875416975
0.357403521,-2.678883904,0.869705472,7.591459755,-4.848397377,3.271426461
-0.87294157,8.127177113,10.07947622,5.460328762,10.1959337,-6.879144654
0.222752517,7.025594598,6.811433932,9.880115844,9.691942351,-9.221631249
-9.855162411,-8.427034246,6.852681176,3.723122848,-9.616088245,-1.377633406
5.181087841,-2.892647042,-5.692575197,7.380650066,-0.06406659,-6.031660419
-7.363593534,-10.07440618,5.552342959,3.627914636,-11.64227705,0.193911823
-2.055712164,7.67915813,10.31391967,8.854021598,10.15630565,-3.999639232
-7.965571334,-6.822900733,7.001991723,2.309819001,-6.769719007,-1.158253755
-0.881480486,-1.687909135,1.376471872,6.629976253,-2.321783411,2.333951354
3.520439554,-2.437557997,0.964405889,3.868439935,-5.233394206,-0.002641212
5.00170084,-3.131624541,-7.117214641,8.69841968,-2.483394252,-3.778010757
-10.35817337,-12.02652487,2.998210231,4.24948973,-11.26593217,7.373153361
-0.332662947,9.274894638,5.672168839,6.00774452,8.147034619,-4.276004952
-1.821729184,0.33673885,4.388787063,2.372879481,-4.743834595,2.914343197
-0.909519456,9.907210377,4.850924604,9.905319546,6.357634053,-5.609011438
-5.406005092,-12.09293596,6.920964174,4.250676657,-10.90905396,2.73447737
-2.557219793,-2.348819894,-1.605923937,2.521159147,-0.106851758,2.837987245
-4.394795056,9.963003408,10.10853711,9.495822105,7.028791952,-6.438210507
2.070060648,2.880281279,-5.193634559,7.542702084,-0.459990065,-5.155290217
-2.435873315,-6.312603068,-1.342274924,3.286061426,-5.348393322,5.837312897
1.580807571,8.249373202,6.87524163,10.78075783,7.352928277,-8.103388275
4.565883788,3.483531166,-2.388966136,4.399525418,0.993730146,-4.815036342
0.602241848,10.48018669,6.12590998,9.20693813,9.212798419,-10.59708144
-1.598810206,13.3340438,8.267266554,11.63413181,10.28879018,-7.450669404
-0.063270385,14.46057797,8.912954662,6.91103501,7.602020558,-8.159965916
0.360519224,-4.264015888,3.043410628,0.859259508,-2.094474622,1.305164933
-2.563314825,10.64061155,5.407600689,8.643712299,8.338555736,-7.904642706
-6.954974167,-6.387602865,8.634050823,3.367733368,-8.719938439,5.33523173
-0.076110097,9.289932387,4.83313641,7.159201065,10.5226685,-3.150470768
5.296676254,3.090276947,-8.661583602,6.660181895,-2.458128545,-6.033847657
-0.926902624,-2.251003331,-1.388258437,4.241785021,-6.423980447,3.9015523
-7.107959827,-9.358588608,5.890887504,2.894450218,-9.21152373,4.692055029
-9.504667681,-10.08361676,8.622929283,2.438929442,-7.086388112,1.892371177
0.828401363,8.645354871,11.23726684,9.449676737,10.69350478,-10.76440151
1.712514594,7.719537833,4.60515662,7.49092466,6.957113966,-7.272731457
-0.47285167,0.519096299,1.275999205,4.371111654,-3.677477078,4.064976032
1.884417163,5.263911653,8.687794268,8.252519801,2.666640721,-8.670611919
-10.21184179,-11.68755448,7.864316357,2.586861861,-8.838903945,1.407595925
4.527674595,1.358990636,-5.797183264,3.828222907,1.801707894,-0.003839816
-7.751840376,-9.698041354,6.597253846,3.479166722,-11.74683193,1.70747017
1.932752527,10.94512003,4.454000492,7.334951636,9.360884536,-8.567203439
-0.235532267,12.54992953,10.54059256,3.37103765,6.574717893,-9.237811097
4.782581928,-1.24341699,-5.960323859,9.223485843,-0.542809748,-2.685713734
-6.503039382,-9.520400854,9.847072484,2.473328938,-8.893517359,1.984544474
-3.669362135,-0.788416586,0.314416269,3.208971164,-2.117930261,3.220062852
6.024991492,1.880610907,-3.788914587,8.560496798,6.350421458,-5.18710814
0.456015909,-3.891669757,-1.121673806,6.760941287,-3.680472469,2.212727656
1.592283114,13.0263423,8.503087454,6.351050175,7.778674417,-7.574592781
3.696295219,-1.504508433,-6.203525084,4.850148758,1.99528872,-1.238894406
5.469158788,0.209476178,-7.789618032,7.813215736,0.613404217,-2.875525398
4.90473677,-2.955380739,-4.012894739,2.573083889,-2.825286752,-4.965692191
5.858145609,2.063667265,-5.468350541,5.592826335,4.862071507,-6.268084697
0.462234289,8.621719269,9.332409034,6.912300864,6.880583286,-5.211249134
-6.49833124,-8.435464843,7.116402165,1.226583011,-10.57915526,3.494721554
1.807172179,0.433848465,-4.616454279,2.876267774,-1.580460916,-6.624510725
3.041704828,9.388408536,7.071392318,5.905465913,8.565069382,-5.000403316
5.004249587,-0.921181671,-9.841242918,2.996423641,0.800626773,-6.023537791
2.475579238,8.537354603,9.097453154,5.909487054,7.433786376,-10.47351442
-2.989627735,-0.853861223,3.213615806,1.318603486,-4.470379035,1.910534233
3.608778611,-1.646110045,-5.649176936,3.847219158,-0.068241953,-4.376556774
-4.31883934,-1.324561436,1.209465056,3.759947466,-2.42763838,2.339634147
2.020968999,11.45138418,8.276102784,8.352617331,7.826695023,-5.984815107
-6.577751855,-11.61519564,8.298611929,0.321193965,-7.011825876,1.171353911
5.758969366,-0.349766729,-7.623267136,6.658221367,-0.22247352,-5.591056824
-1.174604506,-1.533724964,1.760912306,1.155809119,-1.779947959,3.720494564
-3.098999068,-0.17829328,3.539009216,5.131713075,-3.164315475,3.25920045
-0.842343721,10.31970161,4.764036211,11.00527852,9.122397927,-7.856154564
-2.611352485,10.56983122,8.534807975,9.297128048,9.729563154,-7.930317073
-3.548801222,9.693737578,10.70817393,7.240645342,9.435198828,-6.930752878
-7.041361164,-11.84663168,9.229404415,3.327495717,-5.181797411,2.257957263
-5.737847849,-6.650818446,10.09961146,1.525032321,-7.659782969,5.870032317
-7.840938405,-11.44252805,6.000280965,4.39201472,-8.074844457,3.072603647
1.190295315,-2.216909493,-4.342094093,2.5130934,0.665559386,-6.374885804
0.374343124,-2.787932919,-0.392245102,4.291909074,-0.143640805,1.329600415
-1.927425076,-4.596396981,0.576777264,5.972396283,0.861604898,4.023898404
-1.947497876,-4.011622579,2.307571504,1.073660975,-1.0891478,-0.331732576
4.649142059,-1.07397314,-1.672374985,5.664262008,-0.903150336,-2.752164796
-9.61506694,-9.468992098,6.754840855,4.472434902,-6.236217088,1.046236755
-1.852728419,-1.990923244,0.483106526,3.475936711,-2.297724046,0.470802772
-9.5160176,-9.848819577,8.401712918,2.488070082,-4.300093453,0.403279035
-6.915464149,-9.793763523,8.798160067,5.672451137,-12.60533779,6.10658185
5.947538536,-0.697800522,-3.81922049,8.826864972,0.010274943,-4.835815563
-9.970717584,-4.323371127,9.517066601,3.014237239,-6.125426996,1.159167138
2.704917007,-2.172705906,-4.04084746,3.628748632,4.76824005,-4.402345253
5.201628778,1.421651215,-2.230399321,6.148694148,1.388012728,-5.437507318
2.522665381,-0.581089931,-5.339702451,4.809690344,-0.234724302,-5.973414907
5.781270304,0.698040348,-8.457361742,5.311283654,2.432714802,-6.506717746
-10.8647868,-5.9760506,9.769495714,4.76317689,-8.767853226,3.567104128
-5.816607913,-1.855949056,-0.136584019,2.853204265,-3.473752951,1.626290489
-5.171184887,-5.653710077,3.590140997,4.522665722,-1.893704093,1.143926142
-0.376890837,6.761375656,8.994960043,7.177523666,10.18784239,-9.439729182
1.342883874,7.208016883,5.972311156,3.60024658,9.65977729,-5.742246601
-9.721338426,-9.918832299,8.243019535,3.464543636,-9.808827615,3.852254072
4.867697572,4.125797991,-5.955625818,5.398840734,3.011398096,-3.592159507
-6.370645902,-9.464028746,6.408401212,2.8403858,-10.39143266,0.223897223
-0.517138504,-0.23196237,3.810676836,4.824449192,-3.453220551,3.143112628
0.878764192,-0.695465719,-0.619107605,7.333426119,-3.910441395,7.268307664
-2.075004373,8.099326681,6.666941917,9.363789565,6.292718601,-10.93789435
-0.081526011,-5.487104377,1.953839712,5.834727412,-4.65544856,-0.513771435
-1.689316914,9.863510713,8.318200389,9.071330215,8.448803226,-12.23635033
3.338457223,0.860631287,-2.808477115,7.122945013,-0.258674697,-0.694587137
-0.183135039,-3.495440557,-5.918435968,6.450263314,-1.61E-05,-4.127741304
-11.95097812,-11.10483398,9.626722074,2.920189342,-11.94445556,-1.402515231
-4.978222253,-2.392817411,0.423959475,3.891496835,0.156200541,0.800201926
0.358360008,9.562814062,7.013806886,5.819556527,8.948299736,-5.849905737
-0.829145503,-3.794922935,0.359411439,3.246327748,-0.430462252,3.165195816
-2.063367778,-4.837818468,0.751016789,2.930419899,-1.134685368,5.336444252
3.920898159,-3.047043822,-6.756951066,5.361559958,1.04952523,-4.541636949
5.843506131,1.540608972,-2.305543373,4.230050934,6.27845328,-7.933574619
1.222569965,8.825325925,8.359397458,6.762418614,9.169731504,-8.147183505
-1.659863772,-0.024479349,0.129487285,4.538901852,-5.377534094,5.937117092
-1.811909236,7.300788272,9.097017237,8.411816539,8.698459836,-7.457749674
4.476508665,-1.159580917,-5.415069096,7.367209467,-1.031561408,-4.95495215
-2.465618105,9.097989896,7.076007451,6.918743018,6.518433905,-7.371444598
-0.662299617,6.261579026,11.05939648,10.79036519,8.146507329,-6.692903304
-6.112943367,-9.888539934,6.919804349,3.951682065,-6.412640437,4.299228054
-0.939648645,9.171590163,8.464348608,6.900981005,8.640082074,-9.766939198
-5.177383142,-10.75182947,8.921797838,4.167678825,-10.64205253,2.217601951
0.046757143,0.758013438,2.512539959,6.541759174,-3.499438578,1.505418561
5.256143031,2.634153246,-7.27098416,4.081340982,0.073502649,-6.818876277
-2.076276462,-5.044680341,0.303487305,5.578629352,-2.813299,4.220756459
0.39716683,6.985418642,7.007537279,6.588501759,5.894808932,-7.811488582
9.31887553,-1.167496696,-5.626520265,5.570912513,2.055558409,-2.845526995
4.381118183,-1.850208528,-2.726032253,4.168984474,0.694996303,-4.000806872
0.602279895,9.144981288,8.684780597,7.61490415,4.067023786,-11.30560335
7.957689297,-2.5026221,-6.961498412,2.849791967,-0.745582813,-1.314978581
-7.093959927,10.09375713,9.631104752,9.133395739,8.071802578,-9.555949438
-10.8910865,-9.967137976,6.78868889,4.979373261,-7.438049054,0.624012289
0.451492382,-0.035176914,1.169152679,3.408638754,0.340987611,5.97954147
3.748744576,-1.559847836,-6.370112524,5.562732592,1.977613049,-4.582943978
0.677091012,10.49073758,6.978631786,6.09641357,5.811386148,-7.386183906
1.166783427,-6.044486131,2.285380506,2.359889298,-4.138732667,3.429275369
-9.898651886,-11.47285232,8.406487493,5.13460064,-10.44345255,5.536798087
-0.208029246,-0.497998827,-0.015037778,5.504218875,1.899840736,0.583613702
-0.399245783,-0.506999989,4.549722218,3.82376717,-1.440651634,3.164276278
2.910895996,0.991319755,-5.277388483,4.417665658,2.942360941,-5.655323653
-8.673217015,-6.313240095,7.464833734,2.916541076,-14.34151801,2.05915919
-1.026482975,10.79727532,8.270873055,5.319707507,8.691245639,-9.500095695
2.619769135,9.162287099,8.474008472,5.611412471,5.742916211,-4.765627426
-5.986090571,-9.789771837,11.1643737,2.053081723,-13.5646791,4.498808581
-0.213484363,-2.108946926,0.615307323,4.933269759,-1.103331575,5.416617016
3.781125057,11.41305,7.217289132,3.601203401,1.444067744,-6.756926645
2.574755777,1.005307071,-4.267319824,4.106076709,0.584061795,-1.83858947
-8.465685899,-7.617701546,6.956071774,4.069145619,-10.33768128,4.458335998
1.528835475,9.473952978,3.553720031,3.693173071,4.827285377,-7.340034985
2.212360302,9.807655807,8.414100366,5.665810873,6.732589787,-8.264050057
1.397528072,8.409887201,5.015918218,7.341505249,10.27652397,-9.19077976
-0.155519904,-4.255442315,0.117527399,2.079916558,-3.082379528,2.234941957
-7.30779299,-8.251123721,5.152290444,4.760040963,-9.719019385,1.009110009
-2.041606999,-2.54847741,2.229747297,3.785994094,-2.513332443,6.123778201
3.113003161,-1.595827781,-9.832925591,5.972353587,5.581183375,-4.97542557
-7.573569333,-9.161315692,7.739658744,2.105907942,-10.51872946,2.380764941
-2.283120605,-3.694548603,4.496739798,6.080453762,-2.252667144,4.487832723
3.80396254,-6.040112347,-6.89804956,5.154182023,0.884592719,-7.018327802
-0.47212685,-4.956226616,0.586180792,5.203369633,-6.627328937,3.263737428
-0.807169782,-3.302243341,3.391401226,0.84058243,-2.017339518,8.748204626
-0.195707402,9.72562985,7.898302211,9.841316511,5.849735668,-9.196604235
-3.052379476,-4.160658329,4.453992388,0.552957006,-2.751623905,1.625057714
-0.176981438,9.401248853,8.065267558,8.375645112,9.782453916,-9.341457167
-1.354811201,9.196071642,7.643815129,6.587262508,7.424420373,-7.94565958
-10.5273148,-10.53116049,8.050259543,3.571452404,-9.239148505,2.464840881
-0.571362177,-0.082957491,-0.240960803,3.53779522,-0.813080279,1.805869427
-3.552086128,-3.338373545,1.315634036,2.966707303,0.663248988,0.625792019
-7.565937255,-10.742326,3.024566113,3.750108787,-10.73695677,-0.913636614
6.092698825,-0.594772421,-9.08315526,5.244895833,1.079138233,-5.372332716
6.67177365,-2.62398097,-9.286973821,5.124329695,2.370581313,-2.075088349
0.787076691,7.929724909,7.332377897,6.33646281,11.797601,-6.747113846
-0.840719085,-4.475312055,3.123593617,6.231651006,-5.32320784,5.103281685
7.70813553,1.54065689,-5.656707049,5.066299492,-1.610404803,-0.394943629
-2.231695916,9.37471953,9.995049086,7.610638659,8.86001042,-6.876649093
8.77788379,-3.152202029,-6.501916773,1.790877626,0.152954249,-4.409210525
1.637069249,10.59215232,8.918010217,12.18634109,9.842735952,-9.006815946
-7.594362309,-9.154244116,3.946904573,8.102026925,-11.6975616,4.255014734
-4.41571948,6.333531945,7.581386087,9.522721894,9.35767148,-10.77179445
0.98242759,-0.683574808,0.474062985,-3.303187331,-1.202872177,5.449440258
-7.712236947,-9.148398927,9.451063808,4.209239389,-10.35308787,1.603788041
-5.689597805,-11.89303635,8.379208919,4.781075374,-9.110364142,4.763106411
3.94507255,0.695512762,-5.492786091,3.283434837,1.914777023,-4.637122226
-0.94788946,7.833461355,4.631313171,8.762562434,9.447034537,-4.594269639
1.753401932,8.472654385,9.563637145,6.164888862,10.90186905,-7.480567839
-0.797628989,8.857444638,7.936445091,5.76398101,8.033029918,-8.59459522
1.801374149,-1.273013571,-2.194047472,5.674036792,1.471080646,-3.256237722
-8.419814295,-12.5134621,5.544464799,8.038896711,-6.510422443,1.80978277
-1.246857281,9.778821309,6.269535784,7.216858202,10.52551198,-6.207500878
-7.503239744,-12.58890298,7.190149588,4.678475928,-8.395104063,4.12943545
-0.065607964,-2.751115371,-1.425564438,4.363898692,-3.252674688,0.29553288
2.183413843,-1.221023668,-3.349144144,3.757078271,4.474406944,-3.881504574
-4.625300598,-9.237695951,10.19295977,2.905809688,-10.74152927,4.47214328
0.311328251,7.190029091,8.970472443,7.651989414,7.246201054,-8.863973532
0.090782742,11.4401503,7.144419195,9.247432963,7.571661024,-5.218517366
1.086178293,-1.240465718,5.344721789,4.592058929,-3.262195118,1.149238531
-0.279699233,-2.342289505,1.057329103,6.17743979,-6.519778855,3.641275948
0.349810836,6.222886686,7.929208351,9.917185527,6.631181472,-4.446444531
-12.57893894,-7.521152093,5.590442122,1.977084399,-9.275053145,2.497103603
-4.797300948,-2.535864851,3.224371847,5.876737687,-3.57477035,2.965728947
0.134102979,-4.613089229,0.759564534,-2.481313326,-2.416009832,4.034517547
-8.172717074,-7.112169403,11.5481923,5.573142814,-8.373347601,1.393819635
0.515385316,9.150269737,8.895973369,5.524771054,10.23870251,-9.40789984
-7.963147086,-7.130981449,9.347223074,6.013962396,-5.4843124,5.160323044
-3.297756419,-1.74358233,-3.130685783,5.486378428,-2.940027979,7.644212339
7.89592489,-0.695109426,-5.776811306,3.429595393,0.029505647,-6.427928662
7.304070138,1.515029518,-10.99786383,7.749288819,0.61859222,-1.468317658
5.382664696,1.809702057,-5.685042287,6.548611746,4.07586237,-2.458427483
-7.385608894,-8.968231862,9.181374315,3.624861779,-8.641693035,3.731472083
1.329850428,9.127983689,7.453110678,6.271431982,7.929770537,-6.456893429
6.327151766,-1.714284153,-4.999982806,5.215993748,0.809981434,-2.566150698
-1.364982248,-2.926025004,1.383803802,2.963339191,-1.293280625,0.867577805
2.975706614,-0.708105669,-1.274238363,3.85125797,-0.371317493,3.788789735
-11.92183776,-8.885102387,5.51039919,5.177247004,-6.29343876,2.781948185
-0.702743956,8.230761093,4.081459187,7.894765749,9.240826868,-8.689886279
-2.686036541,10.61806529,7.256390128,7.932661963,5.630624961,-3.521384282
6.313165806,-0.845890826,-3.057832671,7.354767405,3.394892191,-3.352279504
-1.309474939,9.535278183,5.207693103,8.553449719,9.393890153,-6.154090327
7.298946167,1.911694836,-2.710101216,6.235611629,2.632399545,-8.401891347
-1.262263476,0.981831048,2.39454642,6.522625611,-2.24132013,4.939202049
-7.037201981,-10.50172092,9.682440718,4.777499217,-12.36896992,-0.521262269
4.668893542,-3.47973038,-3.783124602,2.877217747,1.8346721,-6.070593831
-9.008110639,-10.24088505,7.704691719,4.18780301,-11.88378775,1.214325613
-10.49210438,-10.12483771,7.566136024,3.989807794,-12.00235735,6.058715331
6.50599045,1.370923651,-1.856544771,5.912265309,1.170757988,-2.847915715
2.045977977,10.73698299,9.253846957,4.449498611,8.13972983,-3.967583029
-12.12943766,-10.2930173,11.06522111,3.446620146,-9.121354014,3.422300669
0.173506775,-3.821512045,1.80684132,2.185827439,-2.683770905,0.915026918
-0.87303567,8.933066608,8.812266499,5.438159565,7.297170471,-7.52778529
-0.974693353,11.955151,6.997530593,4.144579688,7.085342393,-6.71601915
-2.967666628,2.206236669,4.33715595,6.238828542,-2.363193383,2.270596826
0.708481883,6.901885415,7.40748929,10.50964639,8.9122154,-5.74311115
-11.40325758,-8.031866307,6.972864279,2.755299898,-11.64232018,3.22443924
3.772603213,-2.393691442,-7.595461168,3.976304147,-1.490018132,-7.360720258
0.358172634,9.231682067,4.675446903,4.956010547,10.11768191,-3.849153349
-10.75659449,-7.055700899,3.774909076,0.631122546,-8.990676987,0.903202174
-2.722670831,9.911682365,9.118899853,7.981495473,5.165064289,-4.742714721
5.008733628,-0.231338404,-4.059545643,4.419372938,-0.385228354,-4.219534623
-2.506880241,6.852301479,6.649722317,8.309273514,7.234905482,-6.560608809
-1.45816752,-0.676462836,1.571850072,3.632536075,-1.127165586,3.288548343
-1.401346005,10.20476749,8.994479993,5.23542227,6.740222359,-7.083661637
-1.259551465,7.622102597,9.15244114,4.920479069,9.462490346,-7.221190527
2.672456792,-1.373634382,0.439367751,3.515691668,1.210590226,-0.949982025
-7.028519272,-11.24389597,11.82494818,4.365345173,-11.26298009,2.189875371
-1.293518399,-4.569120866,2.388886918,5.039305005,-4.868066058,4.234426875
-9.049654007,-11.38275976,9.709975599,5.211385038,-10.97310943,4.575445899
0.879737349,-2.237618121,-2.139978283,2.81533583,-0.678069848,5.659859995
2.610315332,1.382733899,-7.861132781,7.544214868,-0.472328933,-2.268776209
-11.27804275,-11.3776369,6.859533246,2.981980811,-7.940742755,4.597112237
-2.808485073,-2.213162502,-0.33431092,2.91352885,-1.410746803,0.874032473
-8.665751249,-7.779847478,5.702310497,6.308567999,-7.062006573,3.463534279
-1.841915958,9.13448872,8.741235012,3.280161958,10.68783879,-6.058852521
5.90130508,1.317848073,-4.866016228,6.240586538,2.848483022,-4.238198478
7.484196739,0.866101088,-5.255083066,3.963213595,-1.009534161,-4.158002109
8.001701944,-4.203324292,-4.988704197,7.805478486,-2.355307802,-3.945323207
6.31371163,-0.325284313,-6.227268215,4.262967791,0.201947323,-5.156565564
5.0398141,0.34472161,-8.552029366,3.30944133,2.810744607,1.204322196
0.173701401,10.26744835,8.27644961,7.789434078,13.63675112,-9.846421382
10.59549279,-4.136614377,-5.17125265,1.50363398,4.426590722,-4.867424601
0.846280582,1.323903823,-0.539851146,4.12712163,-1.445424662,0.110118508
-0.408124188,9.32774487,6.183091422,7.722950712,7.756234288,-11.00623602
-9.729402241,-8.45587221,8.667541542,3.254416216,-8.605159573,1.694171101
-8.209683937,-8.830377374,6.43860316,2.170922089,-7.660133051,4.059941501
-3.958163139,9.718378018,7.601988373,7.906776111,7.718064618,-8.839342208
1.097063331,-1.216085486,-4.510916837,8.326915639,-2.207774424,-3.93777707
1.366071506,0.863166311,0.7316892,2.379906315,-5.51450517,3.466378716
-10.06398828,-7.826206526,5.55509984,5.811777612,-10.66463565,3.771278703
-0.230173705,13.50057571,9.791980026,5.874079543,8.302383804,-7.031192078
-1.431911245,-4.113335138,-1.230457493,4.236979984,-5.654166663,4.668879218
-0.696002575,-3.159033549,2.514536514,7.011012101,-2.679144258,4.730402365
-5.822390972,-9.169612331,7.369463791,8.304408588,-7.711605794,2.063308017
-10.47829873,-10.43409299,8.649013037,4.369631361,-7.796057466,2.908379981
-2.120316287,-2.265900454,-0.159428041,2.922033364,-3.249331757,2.206468355
4.010077256,-1.526424677,-10.71918187,5.091568582,2.108135248,-2.909552612
-1.663558099,-5.783787757,2.853372103,2.501139456,-3.946939951,4.504304344
4.148789103,9.511688592,6.547662741,7.365070291,4.566892326,-8.161200484
-3.280347056,-4.833200567,0.856095877,-0.727408452,-1.180146683,5.724419984
-7.186501339,-10.07827153,6.544563191,4.053551249,-9.589310719,1.999753344
0.126667809,-3.14785944,-0.86807021,9.295772344,-5.829345582,4.443846598
-0.704753777,10.75455717,5.573365965,8.379246899,4.183248446,-5.943287671
-4.950622054,0.49287021,4.613389111,2.351172017,-3.108596549,3.803792012
-1.682265071,-3.178909204,0.859011445,4.729609955,-2.876688659,4.858092389
0.687625753,-1.133227122,0.326909978,2.503337202,-1.714892072,3.145863417
2.515586127,-1.419816258,-3.00484472,4.938951696,0.24769995,-4.518223204
-1.513927171,-0.365848144,-0.154406568,1.653682769,-1.66764752,4.635032
7.391809761,0.341250905,-3.588994251,4.898743931,0.851147929,-6.875814961
1.624212844,-3.031119322,-5.898132944,1.133041504,2.930768432,-4.871955873
5.949477175,-3.175290149,-3.620031693,6.815454024,3.304486282,-7.378638794
1.068382535,-1.403839318,-7.621634481,2.827180925,0.804558405,0.422385301
1.818687098,-3.092231793,0.513799134,1.549873962,-3.170699263,5.574801604
2.86283221,7.265287617,7.229707054,7.416435806,7.976528957,-6.456094406
5.002711305,-0.81093812,-8.732549637,5.522326569,-2.448825173,-4.846064569
-6.627075243,-9.003108696,5.919675596,4.078192972,-13.14048043,4.99595356
-1.293462928,12.18381842,2.55781658,8.313443793,11.79511415,-3.745089911
3.31518769,-3.179987079,6.306570461,0.75869625,-8.144179672,2.434373334
-3.790817228,15.13635806,2.698196263,10.47727922,11.24019419,-6.762493505
-9.979417182,-9.934247378,5.096648492,6.558308143,-7.276438192,1.797771868
-5.68270904,-8.569862103,7.637614907,4.31395014,-11.34208336,3.474145722
-11.75380468,-8.719647751,5.923122152,2.657887354,-10.12649322,4.069895384
0.015798972,9.503138497,4.910797314,9.044630898,10.66826827,-8.045032415
1.034318644,12.21103228,7.292537587,10.06449369,5.998072641,-9.758028329
3.683297113,-1.462091585,-3.177702466,5.051032228,-1.565436286,-6.241286661
5.648228645,1.79253607,-9.486761183,7.189529842,0.707550451,-4.389849543
-0.504769445,-2.314309343,6.194652969,2.564007566,-5.352672635,5.667190736
5.759318412,-2.54186622,-4.322248501,5.854488777,-0.110013764,-5.415337972
-1.630731306,-2.377734618,6.044121004,8.513824526,-2.690122029,1.640818527
-6.633351367,-9.191080441,4.034454535,4.859794063,-13.43484044,3.899868291
-8.827089765,-11.63407098,7.495623751,-1.546274351,-9.773479817,3.75775749
-0.222003433,-1.925458574,0.633678701,5.594158114,-2.383791597,5.545400871
-11.953442,-8.266706163,7.455154562,1.047209804,-8.769492663,2.411976009
6.988611844,-4.234583654,-3.657811062,3.565973177,2.24420558,-3.970290503
2.435361445,-3.28071465,-0.83304876,2.35423302,-2.266762328,4.254890666
1.577203313,9.727184691,8.421737193,5.364523301,7.315317087,-8.501974972
-7.809444931,-8.107895808,6.332528317,2.244447369,-11.24464051,2.200717131
-2.696221568,7.789532512,4.496335409,8.237227634,7.26806185,-8.834923315
-3.198829873,7.463582721,3.999448018,6.15251778,6.758857512,-11.14657553
-6.488245886,-10.75150092,7.493972162,6.962618278,-10.39330563,6.143091758
-9.729933765,-14.32745623,2.381645154,7.134716218,-7.195184396,2.291617803
-2.501032958,9.265540382,7.891384492,4.895509486,10.22572051,-8.278141911
-10.91571964,-10.24110445,8.888691556,7.403999494,-9.875974623,4.07867757
-7.213631029,-11.79625987,6.65931286,3.384542887,-10.63887467,3.378291713
-12.11408712,-12.3826536,5.280863518,3.926682873,-9.044436737,2.554652167
-4.4139019,-12.30162341,7.168520298,1.678441298,-9.147570153,0.601768937
2.025411808,10.70349146,7.59213422,6.791651759,6.244494317,-9.146532014
-2.599803145,7.750540689,9.281649662,1.636695086,5.915531053,-6.121487682
5.346147872,-1.644010764,-3.386697628,4.05006306,-0.020576623,0.017664666
4.441527389,-5.084361399,-6.028213242,6.228526891,1.116941893,-0.865247968
0.125963665,-2.695551222,3.646222278,3.897237711,0.107050549,3.00873076
-0.51894783,-2.701772279,-0.239433835,2.967230638,-2.39161923,1.479733849
3.312505788,-1.558526956,-3.631381377,4.418565592,2.581710709,-4.008889592
0.668560456,-0.003742174,1.686250151,3.909593076,-2.890529006,3.735656473
3.589393208,-1.479523335,-4.465391304,2.239419012,0.471729892,-5.604655167
0.277825738,8.878277376,8.079948981,6.351727806,8.395067978,-7.867435081
-8.552001529,-12.68308102,6.368588606,6.376934737,-9.162062972,4.034976255
-1.915356629,-1.202990881,1.810557572,4.814728505,-1.102549381,3.03816218
4.359463134,0.965367066,-7.127743499,3.947127725,0.950751576,-1.912164497
-8.822510554,-4.493118811,5.599185054,3.135352838,-11.05961938,0.739783985
-9.220027303,-9.448639914,6.277599844,1.887443716,-9.033747051,1.735145995
5.117773695,-2.405387478,-1.292365722,4.714465623,1.892063336,-6.36196979
-9.646610852,-9.538076454,6.800529435,-0.649267556,-10.59585809,0.995727245
0.018407265,10.21378845,7.853133935,8.132524889,9.55997146,-9.469979504
6.585281198,1.519380287,-5.870194305,4.37740044,5.414861748,-3.829137586
1.784423843,9.280382095,12.06425315,9.533552411,9.325193706,-9.223316484
-8.129855081,-11.44595285,6.742458054,1.828444828,-8.761632849,0.517660963
2.578761255,-1.675896525,-5.376744829,5.204713576,0.46448997,-5.233141204
-3.708655262,-0.742745417,4.536706417,3.450502799,-2.895959448,1.62093857
1.285726719,-0.124097448,-1.709903531,5.929789932,-0.465535165,-2.402049115
8.178410603,-1.737639887,-6.461523834,5.32135116,-1.364400958,-1.942335885
-6.683344485,-12.536633,8.009975794,1.027172216,-8.650439633,3.572322247
-0.2540608,-5.874612327,-0.598655743,5.478859001,-1.715570353,5.23137283
3.461081954,1.965546811,-6.097475013,5.462960166,0.01267038,-6.089722311
-10.94043533,-10.23421799,10.86554569,3.351269608,-7.715994245,0.664703178
2.237248472,7.286787654,9.850770516,7.144625054,4.457946505,-3.124559604
4.362545379,-2.149422454,-5.328221868,4.282390824,1.559699969,-3.321111478
-0.546928464,7.403402559,8.725105197,7.771415773,6.476478458,-7.773959511
-6.269565558,-8.303318351,9.231370213,5.940774461,-9.924652309,3.711381971
-5.921970575,-11.7641072,8.71077809,4.349811199,-7.71074044,0.480930011
-2.247160923,6.748070395,5.646175185,6.450721835,8.005581972,-6.465891102
2.806487376,9.247359868,9.222998829,8.121625394,6.972978082,-7.23468982
-12.11549401,-10.23905982,5.704629133,5.091910212,-10.08806192,5.509695098
-3.109085137,10.32386776,6.777041042,8.304754229,7.900803696,-8.104500669
8.475602178,-2.837535309,-4.528811601,6.544992514,0.099056232,-4.021562623
5.754175143,-0.32027491,-5.335091412,2.669632076,2.258737193,-8.922595622
-5.433694841,-7.939210605,6.903070438,7.615037967,-9.515590958,4.269286927
-10.21244646,-10.39241585,6.886675176,5.36238239,-11.6046918,1.087340863
6.138357488,-1.502935513,-5.872728814,5.51540156,3.456913919,-3.581425195
-1.153191677,-2.882773098,2.432751628,5.068667523,-4.318342275,6.220959735
4.911474223,-0.32764262,-7.497749832,4.594921959,-0.756730755,-1.119013128
0.775572329,-1.444851608,-0.203217216,1.234445795,-1.425483259,0.961890459
-0.348228603,7.050736702,4.703320742,5.388439499,9.11527987,-9.271366165
3.650924706,1.120026336,-4.891093444,2.829660525,1.650436444,-4.861951564
-7.587374322,-9.256110365,7.609921392,0.28081248,-10.21247243,3.514910428
3.697667274,8.097543219,9.642075575,8.13790036,9.144208853,-9.327365418
-7.39843803,-7.00672016,3.247234385,3.278493881,-7.689030445,-0.674725298
5.906461092,1.966594686,-4.302813162,5.503309009,-0.212015416,-4.995465709
0.266383236,-0.430012959,3.269334274,2.146437118,-0.566572769,5.739327871
-2.835369536,-1.367287051,-0.402244798,3.531784012,-3.812432899,3.686190947
3.098304633,-0.821777819,-4.668031915,5.204316251,5.968724206,-5.78508469
-1.983526403,13.70029936,4.224981219,8.708712426,6.540096261,-8.446455139
0.300694894,7.599873756,8.845229108,6.532652338,6.552742283,-6.631268812
-7.969539899,-8.24505687,5.185106506,4.839805459,-9.214328356,2.822989916
-2.331816393,-3.806366372,2.584224718,5.677753244,-0.497940836,1.762610283
-0.758205023,7.57250377,6.915554325,7.092869717,8.409687288,-8.499295091
2.795677166,-1.914976018,1.252009192,3.450418238,0.110513369,2.515137038
0.176177418,10.70063437,8.514148311,5.200669265,6.46595096,-5.967712963
1.56603018,10.43565138,3.460556557,5.904963153,11.14639257,-7.827270677
5.461250146,-0.41416359,-5.089257661,7.515124974,3.73719762,-3.630074025
1.467878555,0.577213754,2.034240925,2.99988754,-3.457511961,0.91550145
2.4732759,7.924542269,7.783176842,9.793276838,5.795206345,-5.446192029
4.184039179,-0.9908194,-4.626920428,5.046353605,-0.950452688,-2.386447515
-1.786286426,-3.748466271,0.49932981,4.13353639,-4.072009819,3.269621997
-1.774868064,5.951792862,8.360732933,3.826556286,6.588644734,-7.958245539
-1.782633253,9.305644993,3.781586004,7.359944834,3.825211718,-5.328307032
5.024915144,-1.287319163,-2.062101415,5.378864763,0.312082359,-2.368811772
-2.461963792,8.483220069,3.263856082,5.737495363,9.355593441,-7.601284178
-2.315331432,-3.278756011,-0.698801254,5.585034396,-2.262187598,4.949616751
3.013223158,-1.583145984,-4.292384168,2.371504445,0.405817571,-4.32094274
0.823703698,2.732003159,0.329827973,8.07619735,-4.939627956,0.188952133
-2.24212545,-1.60880402,2.642664245,2.403817261,-2.982308102,0.655898893
4.604310187,3.718461008,-5.159035031,4.434067078,-0.403348224,-5.653285983
-10.60984307,-8.167896731,9.922587943,2.424175562,-9.508021639,5.257193224
-6.770777948,-11.33735648,8.174821869,5.713510112,-9.445640672,4.671344176
-8.959684583,-11.88525411,7.459954369,5.027432555,-5.500295428,1.431830999
4.92593814,-3.698417927,-1.316221569,4.610551533,-1.788244313,-6.106517699
-7.452677807,-12.22424902,7.44989821,4.666023607,-11.15362364,-1.214119549
-2.664292086,-4.583580061,2.962966288,3.701578605,-2.217152495,-0.101532883
-9.011352297,-8.14486776,4.745902853,2.226222845,-6.745983114,-0.799978128
-4.853067436,10.50998024,9.067800487,4.638785399,7.306757729,-8.264772483
-2.087561786,-2.982846704,0.994550868,2.705969748,1.563609087,4.451440104
-1.643720025,1.034364939,5.249665998,3.482823638,-4.18224585,5.469564106
2.414017065,-1.583102877,-3.550456028,5.121836869,1.018292459,-2.750786596
-2.891878856,1.07560712,2.214534421,7.910378442,-4.617908032,3.09675287
-6.107748381,-12.84830976,10.70976079,5.080151861,-8.566669631,3.61329164
5.437334858,0.060448233,-3.497103752,8.402566982,2.691092522,0.335811238
-11.53912294,-7.824402948,7.639856347,2.123617975,-10.81586195,-2.451727625
4.79233885,-5.842375602,-2.410768455,6.700682903,0.576512949,-3.544799138
-1.441903344,-2.029723251,2.38706185,2.940456945,-2.514919858,3.962185247
0.546895408,-0.013179862,-1.494796716,6.913724821,-3.626132134,5.057667094
6.818572116,0.059221901,-5.076063115,1.990573798,1.362028158,-2.698459464
-9.309222841,-11.72873327,9.386363947,2.558882818,-3.20457632,5.270010298
-2.899836544,8.756695202,5.443047256,2.421249744,5.74672879,-8.308559768
3.94093387,1.16970507,-7.086798191,4.230435511,3.187149997,-6.353930089
-5.526141541,-10.29305051,7.991483559,6.103735483,-5.46371818,0.892085794
5.576704817,1.709980924,-0.463209557,5.042683851,0.712581274,-4.931627403
5.329716693,1.190772422,-4.787414117,8.780391076,-0.043536426,-4.532434812
1.533009662,-1.933954767,0.292988895,5.762758957,-2.900318753,3.346294828
-4.19306717,-3.793941233,1.207314864,1.88572438,-3.000472419,3.011030842
-7.50226259,-11.12412022,4.60129223,3.598128874,-8.444866598,7.046918221
7.52939459,1.157921468,-5.736000811,4.441928399,0.67186979,-3.038045239
3.070276707,0.951267851,-5.368694224,3.74894207,-0.578252684,-6.151858892
-3.340491296,7.343286114,6.701544681,9.199032508,8.404047501,-5.889365845
-6.688078265,-9.293811561,6.124421407,3.383326625,-10.92586056,5.573077539
-10.33520325,-9.064721987,6.898910555,4.438834143,-11.20613145,1.252184044
-9.508945125,-7.99678722,4.920752953,1.300327991,-6.394659039,0.881363788
6.377434633,-6.168976246,-7.067934997,5.863135754,-1.181683452,-5.523773681
7.686400099,-3.31213073,-4.256612642,3.776205524,-0.29113512,-5.887110217
1.760060174,1.442843486,-0.983817514,2.087882885,-2.572292899,5.313896412
4.859657914,-2.594281892,-7.231203877,0.244159059,0.436001579,-1.930664196
3.826181684,-2.712683221,-1.444677759,2.371305894,-2.481255867,1.313974072
1.783990941,1.06081272,-5.862501829,7.158261944,-0.589726091,-4.208417994
-3.057516574,-6.055486841,-3.120160466,5.363127363,-6.654321501,1.993232201
-4.432372432,9.236661416,4.380593796,3.449449493,4.709648869,-7.350708989
-0.396533416,6.456931108,9.059389901,6.529944428,8.255126638,-6.332273245
-9.800781334,-11.81097269,7.951057183,0.581086697,-10.62277939,3.043126914
-8.926143014,-7.620441841,3.316784315,4.263120696,-11.94947892,-1.134654887
10.28788651,-1.704903622,-9.577850198,4.031711919,-0.756116447,-5.139032893
-7.420051845,-7.865903907,8.576178365,6.166932638,-7.910077351,0.907163114
-3.966683747,11.46606685,2.524367946,7.011271683,8.417862406,-7.23145187
7.302180427,1.227803767,-4.288490382,6.684505448,3.903045138,-5.56147359
-2.085939032,-3.173869239,3.193232716,2.358676802,-1.190590574,7.220235095
-2.453789231,9.155732735,4.384280177,10.0180375,8.237571618,-5.838788641
-7.887692048,-9.627840712,5.424352882,2.117786921,-11.19244768,3.538857286
-0.932062403,7.521358459,7.140540688,8.214536144,6.470871705,-8.387558003
-2.054044376,7.70402978,8.761536998,7.836480249,5.308368026,-5.83096861
-3.028371872,2.124489419,2.17359881,7.55819852,-4.444826512,3.23295382
1.606402863,-1.498024931,3.200247578,5.288424193,-1.770602982,6.449688207
-0.980689635,1.898441394,-0.482216438,3.438525535,-4.258479044,3.335009886
-2.113845679,-1.161241184,1.391141299,3.084134144,-2.123490957,1.847224568
-2.368005059,12.04562035,4.750710704,4.051197735,9.405237057,-7.378858597
-6.27543551,-9.166466618,12.00274777,3.360512209,-7.542003664,2.59801917
3.378702283,-0.626311838,-6.176910265,4.606152669,0.586699646,-1.444413407
-1.904103619,10.3173221,8.7510762,7.739426739,6.491257162,-5.779359496
5.009788414,1.537942249,-2.368350849,6.355978412,-0.709423553,-4.864907132
-0.26676697,8.447015494,9.866181743,6.308158319,12.48778989,-9.313124502
6.069026582,-0.431271391,-4.93695049,2.029656515,4.274225399,-2.640636799
5.378503048,0.193307276,-6.757294182,4.795113012,6.132915258,-1.138508619
-5.261752197,-8.30890926,6.074870995,4.600633325,-6.666344732,2.958649319
-7.013710027,-6.972436641,6.739244559,4.052079778,-10.53454541,0.287849528
3.33032188,-4.844400844,-6.947676663,4.852151437,1.49823749,-2.550202184
-11.678194,-9.382596654,6.34707477,6.047815251,-8.323144436,1.12458894
1.590550409,2.054308002,-5.930481042,7.397866688,2.45274737,-1.751734318
-2.948478225,9.895005005,9.488073481,6.894307877,6.56515174,-6.453767203
3.997233442,-1.998409737,-5.11720871,6.522320834,-0.520325826,-3.750317156
-6.590259444,-10.53052906,9.76509196,0.245875654,-11.23706127,0.764514848
9.461660567,3.930482583,-7.743742091,4.095845932,-0.633117131,-3.963826902
-7.404741223,-12.38459295,5.86977396,2.266619548,-10.03438368,5.930207065
0.001916949,8.105869482,8.223700726,4.730979045,7.371783791,-5.215463401
-10.17476594,-12.77537788,4.954437793,3.101001876,-10.72267234,5.842871321
0.782774387,9.015850354,5.88674754,7.218132711,5.013489207,-7.229264449
-9.827412767,-9.394980371,7.24655347,-0.189800044,-10.9293142,2.447613598
-0.599617748,-4.166702492,5.322803909,5.98742155,-3.01740891,3.171798499
-8.492425633,-14.11546503,9.487391547,2.982553604,-10.63833786,1.962185796
5.386097176,-1.311249079,-5.86586681,3.426415307,4.172339305,-2.917225517
-8.902926616,-14.15554333,7.987927231,2.21003614,-8.228428538,3.10460306
1.324798487,0.637184284,-0.052845755,1.475415869,-2.777659025,5.952676019
-11.66287659,-9.735534673,7.095526427,3.638913387,-11.17630775,4.399228869
4.482037147,-0.99918956,-6.235761128,5.11921411,-0.052650727,-6.091719672
-10.50945889,-8.529753086,8.793191316,4.339822106,-11.96048403,4.771721749
-11.72233538,-8.642101357,5.033588837,4.877887161,-11.59266282,5.164407766
0.7636836,7.534201985,6.589292786,9.664698338,6.175748073,-11.54663819
-3.432378635,9.726783483,8.572520701,7.043875022,4.635144616,-6.959132306
-2.091285604,-2.757225377,-0.93982092,2.754489628,-3.852992802,3.897123663
-3.814732741,8.704151017,7.794392804,7.063832471,7.120423339,-5.381148792
0.439473693,8.350915287,7.84101021,6.207202436,8.927481981,-5.234085973
-1.844827753,-3.08000348,0.213595537,5.099461327,-3.290690411,9.805784218
0.653030142,8.661979418,5.624735626,9.008904237,10.50530338,-7.390595135
-5.318395389,-11.66743238,5.630672586,6.936839669,-7.779451638,0.264803912
-2.784771534,-1.021533195,-2.173567561,4.122819002,-5.58141856,5.468501091
-3.700242313,-5.555317883,3.420182388,6.139432143,-4.578029189,6.819117637
-2.106916648,-1.246828097,2.553778231,7.53305524,-3.544955981,4.82848438
6.715358976,-1.509495226,-9.792770873,6.748039202,0.234064632,-2.844436267
-1.277838482,1.04808486,2.59576936,7.71198315,-2.547000162,2.192201479
0.591667063,8.575240287,9.664441291,6.868305917,10.17020228,-7.971975682
0.278468114,-3.030169561,2.199386258,6.748246218,-3.675842512,4.76624379
-7.189658136,-9.122769694,7.914045046,3.541158328,-10.58433159,1.677592194
-0.36737233,6.351350501,6.745194588,9.073314938,6.263210061,-8.212573825
-9.16737591,-13.92163564,11.59671566,5.322938239,-11.39843305,2.979949997
0.37749708,6.555451161,7.024054444,4.735683599,9.581141491,-7.133813124
-4.556189764,-4.875217774,0.488695363,1.878923125,-0.373694207,1.888504722
2.386813225,1.793240086,-5.917842768,6.371006979,3.013584873,-2.61365904
2.085611028,2.571882958,-6.642584234,2.244974667,0.083154938,-5.797475446
-0.129206892,-3.723917546,-0.493947397,5.311733034,-2.249020296,3.180786086
2.817551615,1.68701826,-6.880905562,7.461856825,1.699285189,-4.180774152
5.003846498,9.928274912,7.467491788,4.104218175,11.14692192,-8.625937493
5.460393314,-1.250710011,-6.850312666,10.23493856,2.575299142,-3.753463554
-7.105484479,-9.420071791,8.422543373,0.261640617,-8.833635931,-1.144992896
-1.335141549,0.68481972,4.327950102,1.084241116,-4.622538547,3.018135775
0.730079857,2.612145353,0.335075781,2.398742395,-3.095700084,3.514724328
-6.198151525,-1.621856435,4.060280846,2.8434853,1.346946662,5.812018455
7.973413549,-2.149744848,-6.341263209,3.530795023,-0.069114913,-3.489904085
2.017963409,1.834053407,-8.044677061,7.536331693,4.690058758,-4.596468239
-6.460918853,-7.271852234,10.33328189,9.337148335,-11.48705471,4.194126181
-2.209719115,10.20662015,8.582218696,4.231505449,9.419656226,-10.57077637
2.730673935,-3.519305652,5.057229997,1.784214649,-3.546094417,-0.890259312
-12.29167978,-9.67952978,7.126491282,3.896289021,-9.712027066,2.663993097
5.582918605,2.740668704,-3.109211139,7.898700573,-2.481069353,-6.442543872
-2.39974992,7.020295288,5.523146402,10.30841853,9.130298191,-8.112581775
-4.758148153,-2.702333123,1.29041485,3.980298255,0.624247281,3.455830785
4.085028402,-0.817224062,-4.636611419,4.457878399,-0.350117394,-7.022674457
0.118319225,13.12443952,5.410033829,6.708444871,12.47172291,-5.307693273
7.396186765,1.71125742,-3.502108115,2.963928023,-0.913513928,-0.546193928
-3.897012268,-1.447607637,2.618222399,5.688221282,-3.490377754,1.595248254
5.862234443,-3.765558919,-6.426444691,6.916815338,-0.783815257,-8.474288929
-2.429690308,8.660932015,9.8235362,9.156909493,9.417893763,-10.19246028
-11.34166343,-8.298649953,8.857936059,1.426374901,-12.42871606,5.658789744
2.488001256,-1.911881758,-9.910025694,6.051583191,2.747143292,-0.913098189
-13.1036508,-9.082202327,8.458689475,4.823093466,-11.87552066,-1.494261863
-0.788468832,7.755498806,5.00155706,8.713590883,10.14864969,-6.762928786
-0.577158881,0.663427701,4.435616333,2.077792776,-2.23172966,5.524494417
-10.51887054,-8.08989227,7.229673993,6.371318493,-10.62436235,3.645705094
-2.007485518,0.602269818,-1.520370156,3.544379961,-1.547991111,4.177475219
-9.535931192,-10.88925245,6.915991168,6.269498304,-10.77834733,3.475354922
-2.724398669,-2.68569194,-1.296902659,4.73502943,-2.120652382,3.366048065
-8.757780098,-9.809059563,4.688946026,4.69199668,-9.190649865,-1.071780359
-7.187290285,-10.40673919,8.446124095,6.694209772,-10.38580175,0.482665654
0.760512182,-2.061295007,0.601532366,0.925114919,-0.756777208,2.641154521
-3.316126538,9.607752936,8.958663844,3.959596193,9.004374923,-7.426387692
4.695859186,1.724018964,-3.319151715,5.062163282,-0.693852582,-5.267358311
-1.034454482,9.231312957,8.538508381,11.51139011,6.300881425,-8.702382512
-1.368638106,-4.631142438,3.11153674,2.690148389,-1.048207648,6.961745415
-0.137933326,-0.741192652,2.716239137,1.674585332,-3.421892471,1.76864866
4.788342909,0.625093967,-5.89287755,6.892636064,-0.376496633,-4.712533254
1.81080991,-1.774431489,-6.786388926,7.073456843,-1.536973519,-2.635931824
5.325406992,0.599341498,-4.611857964,4.886589779,-3.228905623,-7.690023165
-9.035805038,-7.903726589,10.01476588,5.401174729,-7.60101721,1.202397846
-1.566742041,0.251442473,1.615430231,3.03935278,-0.93704146,4.477344249
-1.626526693,1.243709345,-0.393579324,1.035094046,3.435154623,3.227298751
6.253072947,-2.156195752,-5.451331974,8.950072328,1.708435354,-4.144351429
5.420824003,-1.265206187,-4.190701595,5.377007266,1.176616427,-2.800028064
0.654181637,9.595305661,10.66871074,9.653006418,8.755947985,-7.764945498
-8.803945294,-11.55081507,6.637472907,3.542249968,-11.1474259,1.192785827
1.605827,0.482877744,-6.361788414,3.94143507,0.690070717,-1.288021373
2.671036671,-4.916348222,-3.908984198,4.557758579,1.544820359,-3.635944465
-9.089582375,-6.531124311,8.64043095,4.710825663,-5.703646312,1.659877289
3.345366902,-0.613173364,-3.728235896,1.743212272,-0.251932856,-7.694069118
1.502306824,-2.737965695,-9.062339653,6.030150406,-0.735155729,-0.467267352
-9.053786728,-10.19738565,9.034633546,-1.18563652,-7.977533074,1.616809511
-2.642279732,5.497471023,7.966396494,7.860916124,8.797965534,-8.228544137
1.011014138,5.410477335,8.492028297,7.671951708,7.067774919,-6.162998269
3.684839511,-1.980748571,-4.417099055,3.591213639,0.617023278,-4.956060089
7.511863901,-1.732939966,-7.318604576,8.305217122,0.150260343,-2.301414371
-4.776421678,-8.800403594,5.342936082,9.074216894,-9.124780611,4.428067252
4.413099356,0.364521,-3.949490867,2.365593003,-0.236588787,-1.575522421
0.533812066,0.437121871,0.321074875,4.386146591,-0.915967357,5.621679233
-4.489667039,-3.718171901,2.549306727,4.605977021,-2.17822414,2.827283695
5.863208651,-2.475774966,-4.274179197,6.508149521,1.174521737,-4.755217905
-8.182159401,-9.628232011,8.383650522,2.098952385,-4.818607848,4.726388714
4.018999535,-2.471995492,-3.505587692,6.22776697,3.863016257,-9.053822795
4.225808813,-0.758437662,-2.492786578,6.318051151,2.952544991,-2.929111567
-2.613870709,-3.000910842,0.555203414,3.709087066,-1.858378874,4.153535622
0.511191834,7.673942396,5.532931228,7.577929093,7.028694461,-7.466885747
-3.50847318,-2.682678536,3.707723962,2.901422591,-2.428801623,3.144426277
-0.179377449,-1.342981846,1.080154811,9.144595183,-0.741519299,2.290520601
2.13905796,11.25245402,6.324551335,8.630139134,11.14399378,-5.654287402
-1.205922069,1.089030924,0.013609915,5.550351159,-3.161691124,5.353742477
-3.469562186,10.50477931,11.03099833,9.731640265,8.226942581,-6.178420867
-8.82119001,-9.822831256,6.029109553,-0.368897435,-11.11230164,3.739742686
5.366639036,-1.842174847,-7.722414229,4.768290131,2.139851274,-7.125747563
-0.658149227,-3.804944844,1.195327931,8.384794647,-4.542424087,6.474046137
-0.210744486,-0.877576784,4.561179374,4.285281853,-2.759572301,5.79485013
-9.672263734,-8.047026264,7.885696843,7.941679782,-7.982792054,4.837868358
-7.995473973,-10.33517295,3.625577802,-1.129494714,-10.25508556,3.924402616
-0.202350703,-5.140992501,-2.405607441,0.498336563,-1.430275143,2.798717478
-7.852715928,-8.02626102,12.88438354,5.516373965,-9.020500492,3.790513434
-3.781414032,1.768695211,2.835336747,1.636098065,-1.621749598,1.581467556
-1.566798108,0.807433103,1.504582592,5.70045266,-7.178821225,6.02603427
6.461397025,-3.360071603,-4.61860255,6.680033027,-0.915044645,-3.531643228
-9.334158166,-6.446318469,6.465148471,0.850189225,-7.678229905,4.617049253
6.745665035,0.905892212,-7.201089865,6.779908238,0.268933291,-3.305105632
0.509523014,0.266528018,1.640883701,2.591692033,0.054026796,7.040846597
-9.084706034,-10.76848114,6.460733079,6.823164812,-12.16574693,0.531726378
0.15767246,-0.78459852,3.811220529,1.193318753,-1.12911703,3.563028754
-2.815267852,9.906050217,7.280535665,9.508258872,9.638449125,-10.61908989
-0.497355654,0.325784513,1.68407713,8.467929414,0.316097187,5.056396816
-1.016816336,10.5652661,6.369923573,6.133960308,7.444998527,-8.407557027
-7.443491063,-6.276597159,8.77505094,5.837638419,-8.887304043,1.602499719
-8.723386268,-7.34991463,7.274905496,4.945708436,-10.03664844,5.488273894
-0.428809077,9.476056295,9.7744771,10.84129623,5.391523381,-8.71990114
-1.920375758,0.470589401,-0.838045339,4.742995274,-4.109279941,4.832833101
-1.203200586,-1.449714867,3.352468818,2.468226673,-5.266808712,-1.010799533
-0.072412964,7.212836846,6.999314048,5.835527865,11.2047897,-11.36898784
0.173478073,8.578450243,5.052360536,5.405495715,10.57150947,-9.670765207
-0.003794308,1.33756945,1.186369899,7.341468501,-3.675529987,-0.937085619
-6.826915681,-7.95344271,8.212497719,2.897271784,-9.032851067,2.319637435
-3.22036026,1.29698921,1.699400494,0.840978586,-2.123452268,3.966897151
2.859945568,12.8106702,7.348392997,6.369449647,5.197160516,-5.38863019
-3.538050272,-4.234518084,2.194095565,4.610303209,-3.246329304,5.110746047
-9.158545721,-9.280438066,8.268074763,3.979130435,-10.72503641,4.793502809
3.362731217,-2.259381825,-6.487360643,2.793255129,-2.426133017,-3.339668392
3.075277573,-5.507081132,-7.373808884,3.428684625,-3.49955489,-5.428319319
-1.11776191,0.447831793,3.21246168,2.34699407,0.968639651,1.953155087
0.789798702,8.19015067,11.79039821,6.598162355,9.313249576,-6.861299996
0.199773089,10.01171237,6.628927109,3.527677673,5.607055643,-7.930187281
-4.349334049,10.66709493,8.008944214,8.179230886,10.78115061,-8.4532472
-2.344599746,-3.069361865,0.941085435,5.239925194,-3.237152135,2.493193133
-1.059818287,12.61287814,5.825601527,6.213671036,6.829079908,-9.596810876
-1.726295435,-3.425211592,0.337525391,2.964628293,-4.749260108,3.440219104
3.946075104,-2.419188939,-6.874195388,7.925420607,3.581406854,-4.887763793
1.551036908,10.68497819,9.708107754,9.108087337,9.29341007,-6.518167922
2.422495005,-2.28608609,-4.389745988,3.543860659,-0.902504429,-4.037822826
-0.061246026,9.518983951,6.355459108,9.926891507,8.294562782,-10.84070524
-3.774194331,10.82559,5.94551207,4.829783651,9.81988878,-8.319972405
-3.42594163,-4.534604729,0.302964833,9.492682059,-0.710748377,-0.864694159
-10.75859357,-11.16998937,7.29806245,2.856217601,-13.10877528,5.63002571
-3.952319606,-3.025143896,-1.429023772,3.525263779,-0.18517699,2.421559867
-2.281902394,-2.492514659,3.768101474,2.190604072,-3.030227836,6.406259167
-7.320061189,-9.886658045,4.681239035,1.680423671,-8.150217166,3.38068185
-7.625522125,-10.33507901,8.927948502,5.455880781,-9.245093722,4.331906435
-6.991467348,-11.37248883,5.953652615,3.969646987,-9.988804731,1.271180889
4.739649351,-0.852907181,-2.042891258,4.66425584,2.15210673,-2.118162949
-1.038525407,-4.22741009,-0.666101903,6.963189944,-1.282453487,2.735786923
1.434909387,10.39737494,7.969766389,5.683534676,12.17925248,-3.147146137
-0.728564939,-0.32192139,3.090021781,4.026205826,-3.697610076,2.161547169
0.749009887,10.07339187,8.9701628,4.737126575,5.251093305,-9.891366577
-4.76783801,11.18953518,6.536449982,4.721745682,2.3739804,-8.948401959
-8.905128507,-10.10815965,10.21198475,4.330370357,-8.677530085,3.030981714
-10.90267142,-10.09338019,8.593131111,4.107020326,-10.6818222,4.008292531
-8.087132798,-11.60834408,8.846194818,2.587591139,-12.35683737,2.90716931
8.379717681,-2.733659349,-5.735637253,4.425449746,0.196425413,-5.020088392
2.635187113,8.670537052,8.752408666,12.04685166,10.25117374,-8.150561128
-1.230880136,0.334645154,0.307550946,3.173219372,-1.605821421,6.280734031
3.264460611,-0.397540552,-5.121209025,6.865056949,1.643528599,-7.818816509
-6.588118814,-8.139373123,6.226969216,5.192022024,-8.265392058,0.95827032
2.120537849,-3.690510044,-4.821411693,2.532279519,2.154706145,-0.591364314
-0.47025865,-2.998174746,-0.036881466,3.269553311,-1.183996896,0.287690587
-9.003249065,-13.06382151,8.845612494,3.558228435,-7.275168614,2.329056156
8.713547694,-0.650672253,-6.564054221,6.028714052,3.604217798,-3.755683078
2.908968559,-0.41153501,-6.077954203,9.182573625,1.760710438,-5.155112823
0.616634306,-1.472074134,-5.464263786,6.227996786,4.614203317,-8.241444584
5.178563215,-1.114093331,-9.63339036,5.212946518,1.351660595,-4.610700087
-1.391588727,5.262733757,7.651521858,6.018267151,4.507499903,-10.82487529
-2.326708434,-2.051571646,2.276227794,5.062774561,-5.82129964,3.015528043
-0.586167934,7.608287747,8.237028017,6.439633426,7.76483832,-7.824323486
-4.22192886,-3.653758833,2.0360381,3.641672855,-1.807450317,4.744515657
2.503938248,0.469134311,-6.621098134,2.060711285,2.512380939,-1.006240723
-1.11973535,-5.371947504,3.196940591,2.257333308,0.372436631,2.46308241
2.587003199,11.32373831,3.795840805,11.01436303,8.700810748,-6.970829302
-1.294757131,7.420349789,6.810079179,5.327258269,5.514135786,-5.584643143
1.680376789,-0.976095417,-4.282891901,5.246908873,0.679074732,-4.611782608
5.040800704,-2.098562182,-4.545539487,5.340522987,1.842632716,-1.9198612
-6.088912315,-13.05659945,4.942718558,3.588164211,-9.915775296,-0.61828089
-6.753681361,-8.483694586,9.065736788,2.455490239,-9.656548943,2.636523235
6.154635559,0.156907946,-5.064001982,5.855058341,1.735163203,-0.607927614
-1.748131441,7.218514034,5.189362223,6.582893257,7.326789591,-9.848117653
5.511269194,-1.012861146,-0.133191614,2.693943023,-0.58268683,-7.176868334
-7.430082987,-8.911618003,8.309167474,5.170330391,-10.57861744,3.943758965
-9.665029039,-7.684817717,5.993901027,6.088544378,-8.178766119,3.901222816
3.900127622,-0.591022962,-4.819599408,7.185179029,0.274378506,-4.457654697
4.26788464,-3.320977415,-5.678784353,7.816587875,4.883095985,-2.545481313
0.52779111,7.950257793,6.708955365,6.875596495,10.31952846,-5.36340954
-8.575224063,-7.851813453,9.327476435,4.53964785,-8.274672227,-1.052627309
-3.220686931,2.615507916,1.046581115,2.923807455,-5.623446647,3.218230278
-0.402954064,8.70745294,9.765334182,5.740163696,9.454067552,-11.58466357
-9.688445368,-10.30594824,8.621294434,5.220719571,-10.2585006,-1.954711907
-9.373349235,-7.402731164,4.285680529,-0.034866939,-12.32097874,1.714786081
-6.911217078,-8.99810757,6.863422579,3.649470446,-8.971029368,3.716541471
-1.695484043,11.18270297,10.47342994,5.078861023,10.84934585,-8.578022412
-2.257284151,3.760923259,9.774041572,6.626711789,6.216799641,-6.684041758
-0.245381115,-0.997125806,-1.774760697,0.617844232,-0.913287409,-1.379924741
-0.467990389,11.69048344,5.812804731,6.247707181,10.07449062,-8.572681523
-5.519069641,0.02421499,2.011814536,2.908770732,-5.159729603,0.731350068
3.249569639,-2.556619118,-8.053472951,6.773082985,1.97798975,-4.007241258
4.656310744,-0.468148829,-8.403631321,4.037416222,-0.363170019,-5.228939406
-0.726599121,-2.292976391,0.571037724,3.825641906,-0.869328001,2.542525691
-6.840241563,-5.5741664,6.722451784,3.008547329,-12.00929372,0.538245999
0.490999697,0.502554929,2.327089749,4.377589376,-3.084377055,2.454769454
-1.343505216,5.389087367,11.08099271,10.82178794,5.161459413,-8.158883134
5.081443364,-3.692659404,-6.74560694,6.671872713,-2.46418093,-6.154215135
7.937831694,-0.606931716,-7.920705974,2.565381285,-1.619357282,-4.602476481
-6.028097676,-10.85895728,7.30403442,5.691006603,-10.30647534,2.728688584
2.236301341,2.707275909,-1.961001467,4.710207814,0.475781771,-6.25826845
0.11758815,-4.817165761,3.178610906,4.730029882,-4.263628255,5.212308336
-0.560352139,10.99976645,6.809830468,9.002894449,7.360580436,-6.668413526
-1.273667102,8.800427794,6.534230261,4.051251092,9.225612289,-12.82324603
-11.96926008,-10.08383907,10.29200887,-3.320707357,-9.737876006,1.979047692
-0.604554668,-2.360941345,0.538883144,1.938346086,-4.150191136,4.482350405
-3.852716652,-3.636474227,-0.035076143,5.074499671,-3.457545898,1.005302353
5.661065127,2.530204203,-3.902368013,5.043989643,0.038786489,-3.975971615
-9.366897816,-11.01520823,6.874374946,2.088634841,-10.14373792,2.310710859
-1.3530985,7.943609651,6.068634214,7.133260776,11.01034548,-7.304761201
-8.400102162,-8.05080007,5.570643121,4.338757078,-11.05085045,-0.703079046
7.294377058,-0.43882703,-3.717578274,3.348102038,1.93361961,-5.112350844
4.541490669,-5.159667363,-8.327628181,5.252472069,4.662205767,-4.799044783
4.262352972,2.535245135,-5.682662526,5.097142731,7.683142601,-2.074548893
-0.811283831,7.788463319,7.554087684,3.316896981,7.772581017,-8.206031114
0.260337565,-0.316792863,-0.125505141,5.295714463,-4.22523701,2.348744959
2.114950895,-0.824214051,-6.061632339,4.536369952,1.435396933,-5.973914948
-0.388783213,-3.259245152,5.616154851,4.89603478,0.041970512,2.883561737
-2.875500235,8.085674508,8.683088765,9.545616308,8.282230499,-8.321635022
0.656370807,8.392895789,9.265569649,5.830468844,6.256509304,-8.877633617
-0.364707256,4.91153847,11.864619,3.858777571,6.549643961,-2.776916855
-1.606399905,-4.968321549,0.107849104,4.045871956,-0.403003064,1.256372049
4.921732438,1.236925753,-5.333076825,7.204149224,1.999416969,-3.991972262
-7.921244771,-9.437571766,7.409833698,3.092596064,-7.112282325,-0.37495391
1.975819677,-2.243682362,1.617648774,6.478247352,-5.495707246,-0.827211933
-7.638902305,-6.714484466,9.045442863,1.638617603,-10.53896998,4.472395645
-0.765498857,-1.883952289,0.540976292,7.170809331,-1.557789006,1.040918791
-0.047192451,-2.256592976,1.371122353,5.004288861,-1.783352873,1.128855715
2.858043054,-3.950386017,0.269681521,5.442692463,-0.431783951,0.795386209
0.878505266,9.394165113,5.272910042,5.986440065,10.68018545,-5.187935126
3.301924169,-2.757851041,-6.158801457,7.268920243,2.170919812,-2.769233524
-11.64058836,-11.74707111,7.565836275,3.128260476,-9.939981165,2.664986468
3.993919756,1.749060893,-7.320297185,4.174660573,1.714607136,-6.608841084
-9.665559263,-11.71375421,5.425104908,2.834223097,-9.549101056,4.840207911
0.311366926,9.493823252,6.701038763,6.996734817,6.372862028,-8.414115898
3.685106422,-1.71550256,-5.674443248,6.510551005,-0.121861738,-6.166649234
-7.01417257,-9.697873704,4.093272034,-0.590261975,-9.882244939,2.339336333
-2.993762101,7.528181715,7.877165291,8.895835285,9.318543795,-7.445099902
4.576644206,-1.720788145,-6.581908704,4.745839232,1.49797976,-4.828975028
2.616633728,0.274593261,-5.521864035,9.582110101,0.87826626,-8.274989773
