,x1,x2,x3,x4,x5,x6
0,-6.9773678246845074,-1.1669610587722978,-8.529872595351305,-11.378872863933328,-7.659221166640098,-3.6801370296902216
1,-7.465629415449596,3.228822349077262,-6.5399189194640375,-8.798997667156225,-7.593183631065549,-2.0429237007196352
2,-7.555666816359587,1.3249145087558634,-5.032313281476408,-9.744842731881107,-9.373805484074186,-4.883377560887417
3,6.206632295831048,6.170766716800301,-1.3317544633105245,9.792914355406115,-2.125414646314628,-13.359236031402524
4,-6.074328852647858,-1.7846719092029035,-5.626607300443009,-10.800528999975779,-10.035705335041179,-4.444932448539611
5,-4.579828115681671,-1.2538061266866274,8.491188024795047,4.051120507774606,-5.5600857818896054,0.9895477925931728
6,-6.6195504574614175,2.094274035070205,-4.85170410268324,-9.240580699151234,-9.199303071041621,-7.693874319888334
7,6.767075635838592,4.92888918899213,1.480407672453901,11.549946716394679,1.343404815836968,-9.23386373140454
8,-7.049057317094327,-1.5098249094836529,-6.348775984388015,-8.192171000990022,-8.678108567027547,-2.2452366766667144
9,-5.621382509323313,-0.02909817775689527,-4.037722832196378,-9.611021427651144,-9.002242179015864,-4.6602260632744645
10,-2.7328356080526714,-5.246689070814557,6.670314109162135,4.686013642585995,-6.088623926217817,-1.2616690989224428
11,-4.596378948262365,-3.512945115042316,8.10501347099308,4.631601953833428,-8.454500152826544,-3.061690942804965
12,-4.853913263455722,-2.1371816898991556,6.3724978644636705,2.610910333534383,-9.791163763157659,-4.092250320915543
13,5.153855414392675,7.483482291214672,-1.171691599182272,10.057852982480332,-2.3595748067854654,-7.347791365265901
14,-4.93727266988061,0.7381419913499451,-5.927268994087735,-9.767078515308608,-11.85450043833557,-5.925577945098487
15,4.755757445135907,2.8280266767077347,4.0277502940781025,9.87840271848781,0.3889541485374113,-9.508058675823628
16,5.449956133057434,4.607432902111798,-1.0383289595139433,8.215925903902022,-1.4999264882329524,-6.193673459077336
17,4.31453292935486,5.097859121851574,0.7155609913026126,14.48824532054383,0.6054317654298224,-10.097554371713075
18,-7.142769194524666,-0.07214759006668636,-5.744138516027201,-10.239555819119186,-8.007417134725147,-2.8076478979834336
19,-5.647509960948728,-0.5367791467417617,-7.66372594150337,-9.380253362754498,-9.640152357398264,-4.962719897895092
20,-8.726874500328687,1.2126802939584587,-6.736642114085451,-9.817695628628195,-9.24223741491784,-3.9960233161113776
21,-7.489358139929232,-3.019007092437905,7.265170205129607,3.401841724394759,-9.823820761801723,-6.174158612376888
22,-4.831954888673697,-3.2280528049145643,11.004281329718989,4.450506932777475,-8.86289678181516,-2.0559447174918404
23,-4.512158858150359,-3.426586940839462,9.108280358457417,5.050251547800156,-5.83617604923759,-2.067440650129796
24,-8.471648374653233,1.5342746112234853,-8.593256086697425,-9.407316431976188,-5.663509755365715,-5.056771045302905
25,3.8391651461995036,3.5510799111320175,0.029736129782220566,10.071420347837526,-2.2345574601818345,-11.96484771918371
26,-5.188655842160915,0.6232166510754076,-4.487086340257093,-10.82148475101489,-11.343752251892928,-1.301747197373981
27,6.042623459171794,6.203545791563862,2.4011257738334315,7.120561945671431,-0.5265991167868311,-12.582669572604468
28,-4.219725809682041,2.1070011676206444,-5.6875681336673525,-9.197147834212744,-9.895236740123206,-3.464801204323943
29,4.279023988429417,6.184534838798661,1.121804539020767,10.058639408829267,-1.3841689804498742,-10.803029370382562
30,-7.468019913133687,-0.3568668922272755,-7.006614723608197,-7.8909398242439455,-9.872606205677583,-5.249797745587433
31,-6.437038901877233,1.5077264879495023,-6.069089199142536,-10.155692099418856,-9.381502991837593,-3.2522126279109322
32,-5.71136959958984,-4.603197673324139,6.453806097188613,4.4466368506381935,-6.0765265473962,-2.719612285007384
33,4.969148785501135,7.3929670091782445,1.2880005824976621,9.475264486572097,-0.8624168652670591,-9.154877873542867
34,-8.231353406094174,-0.271317705809174,-4.988899772503925,-11.023362068180285,-9.442524504419934,-5.6152387277051155
35,-5.527854091058336,-0.7019441899211667,-6.141009775773511,-11.367638856888407,-11.805951478962188,-2.2744317063840884
36,-3.9837842368780625,-1.971106292337789,5.976595050789346,2.997966563419922,-8.049168769506108,-3.679094311624749
37,4.828075132864699,6.847512803387719,-2.3404999693281257,10.592500291320862,-1.1599820622607495,-6.549620211045696
38,6.408930897284026,3.5778374656332588,-0.6540821611604468,8.95272801756182,0.1036554575601436,-8.898438556145717
39,-3.3954303238994346,-0.46989944711249354,7.108151472691616,3.849840301735902,-7.499666461839184,-2.0003001583235682
40,4.2593758851418535,4.519087139156503,-1.8880135323645764,10.40969308842679,1.3946847090958765,-10.9511141516883
41,-4.36622634659007,-6.026144316789618,8.497567874574717,2.5046658087850986,-5.405575914438025,-2.516705357597469
42,-4.964925744860126,-7.907455319807367,9.894925990233254,5.6731501720909225,-8.283093485885741,-2.9102955114995144
43,-4.7241330672407145,-4.387211371980486,6.0199510385450115,3.8302721214904647,-5.700257156397317,-5.182901842659678
44,-5.3790375657786385,-4.672803471189459,9.869207159115074,3.0076796124306764,-6.33796845858082,-2.2614076430996555
45,1.5939419549964828,5.788269557046611,1.270206573318132,12.299072340571183,-1.4260154983960884,-8.230884874007682
46,-5.131718168708928,-1.857694289542371,7.658990247125944,4.619887767689146,-6.72516549118797,0.9049413044960408
47,4.791150130719125,5.370498656865814,-1.2856099486333004,10.324556537506567,1.1798813496455756,-11.194001216918107
48,-7.578717261519663,2.303256685420861,-5.553890710530641,-9.034399212715817,-10.216980450558196,-4.564806264103931
49,-4.967172341810816,3.2978841889661843,-4.141430734203521,-10.020548192506073,-11.574099568807162,-2.1535342833602886
50,4.115228778625555,3.5149155538490633,-1.2766602891003354,11.31040868989209,0.8371770341802247,-10.40721147610347
51,-3.887890968851931,-4.277802664685691,8.760244137115027,4.333845227794857,-5.147465265869995,0.8250344249432375
52,-4.742225942037617,-3.7379172070160616,8.783230034233018,1.8899354289278736,-6.969294177288104,-0.7729889474324871
53,-5.097463437434879,-4.658019307883932,7.683397108578508,5.184655542184197,-7.364197837000739,-1.8619812764203685
54,-3.653510260311724,-3.1707173317372197,9.135302717737886,3.8915841811293483,-6.199727708199653,-2.507491436792859
55,-8.004382829792707,2.2678978158792606,-5.026169807783709,-10.521987835205163,-7.909380931356018,-3.613496845970514
56,-5.005499882407343,3.995381099704775,-5.874196022435222,-8.735852095574893,-8.840650598616435,-4.231132002609086
57,-3.726648865158667,-2.8686510746880782,5.180790425714873,3.1896080221432763,-5.552439004891654,-2.0761810581762954
58,-6.4756318356560865,3.5956478328443624,-7.217317896542699,-11.564285423910734,-12.349086156182757,-5.493294886783854
59,-5.589383721956685,-0.3385859091102317,-8.173998606361877,-9.028735398343787,-11.329566821012698,-2.1488877239256503
60,5.994819109328388,5.746019758203955,2.532690741652049,7.5889981242237505,-0.058792989575618376,-13.96542313676559
61,4.038063935964401,6.423553660772374,0.03619835128049276,8.557277990502541,-2.93798821732382,-7.017931747961897
62,5.10021514296095,5.811737250047695,0.16953050093074284,8.293959104285372,-1.2207668945470251,-9.41299339470581
63,4.021995079623498,5.381983145010052,0.8729116009600448,6.607967089259171,1.030943446485046,-8.342411619601913
64,-5.909118691610656,-5.550787759848179,8.166933850953708,3.09943046855648,-6.9755370542673925,-2.6826058695453963
65,-7.824918295569446,1.9407308762483901,-5.7978257352450875,-10.06728028309851,-7.678673128209165,-5.306521108226146
66,-7.12767411229733,0.4938442655611388,-7.304201774716699,-10.150455990068005,-10.600102292410321,-6.414188310577757
67,-3.893689497899411,-5.831553684507947,7.5254342396235705,3.481169344310227,-6.65708399209455,-3.1888202412939
68,4.832136508996789,8.026920902538645,-0.34702357921134763,8.880833600594794,-0.3563912211665049,-11.05465474028983
69,-8.965751015739617,1.0717096733336666,-3.534056989488308,-7.565025711724817,-10.749220082715299,-1.8403433312180817
70,8.058430896775079,2.549053870125868,0.5949977044413159,8.650863903030396,-0.7244909296174253,-11.41707212577477
71,-5.149809650440959,-6.089560381879938,7.569195989203085,3.537560554511302,-7.515394733638298,-4.265024458968735
72,-7.109718529540672,1.342309050382352,-8.856426856539166,-10.148919951468939,-10.623875886018777,-3.3360676749901996
73,-5.573352976941912,2.139742270742395,-7.584919117442664,-7.809175957669533,-10.298328266606589,-3.045361085204439
74,-7.984890751892811,1.1996812830020203,-5.207521935376826,-8.445348976831532,-10.647774464109682,-5.415728207289343
75,-4.261795971273135,0.4362172188850917,-0.46214933547840964,-10.935909462027748,-7.178754935505957,-2.9347716243734423
76,-6.099619017250644,-2.4942447642732266,7.82427958872003,2.6733538045941625,-6.434240258971745,-1.7787000280662815
77,-4.46726073934206,-2.706313678115575,8.40222451817902,4.449097658191035,-8.061216967011035,-1.4137616670893776
78,1.9681335643604623,7.677236945371305,-0.6199328259275747,7.427568383836222,-1.3884820766254298,-12.783408819768656
79,-5.932928892616285,1.6712249095770355,-5.636995988742654,-12.480660117772024,-6.823413122372518,-4.177135394333306
80,-9.480161953100243,0.8622262276168078,-6.093343934540993,-12.910906219252185,-10.379041953932903,-4.586962777689619
81,-4.02227520227296,-4.0664812111069475,6.284608806418868,3.88044556543851,-10.887009281019502,-0.5268058172891241
82,3.1793459321114925,7.1549327213960945,-0.7561772982054547,8.500341888621456,0.3657266889882883,-10.33105377334941
83,4.319699780105779,5.477639440464015,2.0613807799477297,10.07690828219764,2.4976895252189104,-10.195131475202741
84,5.854947542994668,7.072265631403118,-0.27399985697369433,7.313230780909544,-0.4303039053010152,-8.01318932452443
85,-4.092322585091052,-4.370831869065793,7.62697123317793,4.030767810546247,-6.748738997398005,-4.34220514338643
86,5.741204708970788,4.421422501510097,1.4856441821986173,8.726171115063913,0.706899264140836,-8.43748234473528
87,-3.9971182474935745,-5.503301280954226,8.366024495180477,4.918185961137923,-6.874755829726395,-2.8011877067202624
88,3.083452103211333,5.617470944554852,0.91854521859041,8.696967318959086,-3.5298262109077765,-9.995383914161149
89,2.935174294739797,6.065715886950634,1.0821713408722569,9.628726322969555,2.3717733778930508,-10.228649690854086
90,-5.319022584644055,0.2322588137294208,-5.810746855804071,-9.45501556871967,-7.323888923248656,-5.080144152546898
91,3.777936836582005,6.517188022331059,2.728516885720764,12.204053091436851,1.1351185424926313,-10.755016615973833
92,3.401955585564178,4.709956734741109,-2.8103413975586244,10.932597362595661,1.4687039973082663,-9.168819965609421
93,-5.0495179359690106,-2.8208962913866147,7.535652952700605,6.954507243037083,-7.8788914215532175,-2.198654222437444
94,-1.5349874043388807,-5.664482326636369,6.034598560818212,8.07114692860376,-6.848170142816336,-2.0231207928264037
95,-5.442142371770144,-0.6757013591601808,5.326092177527634,3.107574025596399,-7.339141976823541,-1.7994912311910367
96,2.8051843992044243,6.67843471863534,-0.9528036078793765,10.503195947860547,-2.3820525883537846,-8.058487679155622
97,-7.649644691055263,-4.208414020759678,8.349135812730196,2.17496735816093,-6.219069443200702,-2.022921733161539
98,-3.833193851520435,-4.654030428468898,6.950364220228047,5.953525266785707,-7.8733101454419545,-0.41931964559743573
99,-3.7727475047756744,-4.548757840712458,8.399690115648918,4.887054812281743,-6.524822687783482,-0.9431391199452142
100,5.845476630289179,7.548235396656057,1.284625717816423,7.8546741692895115,0.6405202750438032,-8.559246461837374
101,6.7489976599761015,5.625037556319013,0.9252506862955818,10.0078627608579,-2.463042467599063,-9.260475515490235
102,-9.287139551535311,1.3656921481655457,-6.81312261256832,-8.908104757450376,-7.595308042035328,-1.4335261120072968
103,-4.2786303454281285,-4.963259735741912,3.0082841099941753,6.045769741873693,-6.211851742484686,-0.3296781627504939
104,1.449103640971186,6.099561004028462,-0.4267358226376219,10.80975527542987,-1.1840015368016057,-12.15133402776564
105,-6.009534378346175,-3.014916368783882,7.503190438459972,1.3463092424389655,-8.78258792981745,-0.9836259614538079
106,-6.574415109430017,2.195501466938144,-6.863922621159009,-10.480126907931195,-12.910527970519922,-6.2415483341884475
107,-8.3034233938394,-0.5761628571337654,-4.087414983972055,-10.262516887466996,-10.64235533591202,-2.500205862853809
108,-5.889135457863736,3.8235484177676398,-6.22322831635972,-8.681453392148933,-10.781339630922837,-3.6453440411931206
109,-8.170100143620973,-5.003706086455026,7.270712792787618,4.582413092277437,-6.549993870864111,-1.3278909333474331
110,-7.355802301486493,-0.4673335019851632,-4.828423825486165,-9.01784141713406,-9.59637405320096,-5.862448028650671
111,-6.6790801411567315,-5.348414044181487,9.902864513591963,3.329722777317283,-5.99189779373548,-2.970169003595146
112,-6.213891448520126,-0.7558195614396803,-4.7690725597278885,-7.579874805415039,-9.966841514799835,-2.0343740282185894
113,-2.2026182974257775,-2.1748210180294705,8.520455932302054,5.244770706243784,-4.3939376454688075,-1.7992242426613227
114,-7.647315576189087,0.6629491767624611,-4.343641739532897,-10.964271526544195,-6.826015630975162,-4.329584844804881
115,5.986895041250989,4.819656260018373,-2.1898271817500223,8.678990777929878,-4.325582449870942,-11.110366456355873
116,-8.040709729363357,0.255342345167449,-6.8936989340352595,-9.987884021949515,-9.959534202676341,-1.9273697181575056
117,-3.7312989019154803,-3.3622839459858245,8.606137467266262,6.876172351647215,-10.686288726446298,-0.998676846149896
118,-4.911027761809047,3.392756102128971,-7.185284073228769,-8.694445528586115,-11.794749456674221,-2.5492575964743933
119,-6.752097843371494,-0.7992415083661051,-4.99764179984693,-9.572317067634357,-9.998079710361031,-4.034657500681672
120,-7.255234388227807,-0.8769048439804978,-5.384737488043565,-11.185445341406403,-6.319779265003976,-7.01221381709769
121,-3.8382775775571583,-1.4646660700734837,6.54917534513635,5.225444441789216,-5.719324001565221,-2.269659495892943
122,-6.132276800171312,3.1562222572311005,-2.847305221438966,-10.479745167770467,-11.474803837948478,-5.759346693975346
123,-6.903461353454771,1.6652798655085361,-6.7198602643952405,-10.549885013300468,-10.212510124033711,-5.184378714845165
124,-5.243451666635152,2.0281985329904604,-4.286472932458679,-10.728180542585074,-7.785483547861924,-5.292538814749112
125,-0.6517631303401137,-4.085647162998874,6.16994975638686,3.9099365564398627,-8.05528558281356,-2.8711779303836193
126,-4.763942740828885,-4.298842368796943,8.33690193699291,3.7882774664278465,-7.642836048314104,-2.424211002831969
127,-7.881082311287414,2.1923602531534128,-5.720026407853718,-10.97180061262107,-9.706092116999319,-3.7339575356740906
128,-4.227244596344753,-4.722118794137059,5.847565893795817,2.7065666952930014,-7.988147099095642,-2.8928820386071172
129,2.8135894884564965,9.251678258943713,2.1189067178983114,9.543844740583177,-2.5778130661615615,-11.083362733637477
130,-3.6507423907256125,-4.117636006705652,6.407915531385614,1.8553478058121575,-7.196083193109226,0.4526738075561849
131,-8.106273386686155,2.153134951019297,-7.947013486943082,-9.919764339655242,-8.349915774223835,-2.0700589499059494
132,5.5067148908059345,4.548922554789953,-0.662853325669321,9.393627840225937,0.2390072442320147,-10.141075997429507
133,4.689893432682344,4.659816983403153,0.45137555742203556,10.019041021999533,-1.7145350887029451,-12.104074378715728
134,-5.761532181911283,-4.426665447125062,9.9434237194526,-1.198427658319071,-5.761501289484047,-5.115798900598989
135,-6.680143905668085,1.2711626882866982,-6.4849715809889235,-11.931871648915426,-8.441473116895487,-4.703403943735592
136,-1.615683044160109,-5.251620076784455,8.001632434375257,5.661094116731244,-4.934391553988241,0.6322805995593734
137,3.9320841007524834,4.046323657719876,-0.25471430776128895,9.094655094540126,1.0517178036462207,-8.636193092767341
138,-6.5843660165079125,0.9099211015973828,-8.949588262673261,-7.5704795057208205,-11.927034081349277,-4.50682124147753
139,6.223682304707425,5.545982556634591,0.7136457289065421,10.707094557788698,-0.03654489933398858,-7.425257444303067
140,-5.363678344183416,0.723809393604763,-5.2185020078897475,-6.563744256630977,-10.411485277515885,-4.158755964913815
141,-7.582601530990022,2.0715914867705734,-5.524799997396016,-9.293378634863922,-9.01787404564142,-4.644818721664254
142,5.3403249858786594,7.128317961769597,2.2571268190165092,10.46781733225425,0.5147329381340906,-6.9971731153146095
143,4.697272409218172,6.037378799963779,0.5922650837895042,10.665300078652459,2.024839456696903,-10.033210868717095
144,-4.638631643990261,-4.259186049010216,10.427735237488292,4.149210906285772,-5.140661641760593,-1.1834784457771876
145,-8.364915601336058,-1.6997215913990433,-4.771675723171786,-8.849309225344056,-7.29786330265649,-6.4533598749864876
146,-5.343296426746388,2.613207208218736,-5.2106587097436705,-8.870273442836536,-8.013914781712101,-3.4029522020100904
147,7.161086992662834,5.115317266897353,-0.19835903378749276,9.622414219934582,-0.1629050893258746,-13.28603186984447
148,7.280886389534934,8.076837170281715,1.6436178553188434,8.9560216457692,-0.36871519400589486,-10.882219943106087
149,-5.700250142747115,0.9410214291281727,-7.876485095821325,-10.57489820879482,-7.450322352529043,-6.822655179487938
150,-0.4231778833155895,-4.054774293653516,5.6264846439486655,2.9218484967353815,-8.921256534484378,-2.503781163952764
151,-4.224116242619299,-2.424596096217792,7.131048286333096,2.8895560547653516,-8.210236933352949,0.32686557472067834
152,-5.8085128854009636,1.3179894651434818,-4.668972374077731,-10.308889973804678,-9.515794692913405,-5.347691688886892
153,-5.581285585820104,-3.519628658171318,3.8687392602628625,2.9673267414840376,-5.854248612414835,-4.767538965166046
154,-7.030078968757993,0.3601137625992997,-5.681749151261705,-10.347539149598953,-11.676008473526071,-3.6062224030968784
155,-4.651385221630849,3.4137370142579107,-7.679862810629157,-9.888578601457743,-9.163237332044648,-6.026641953032772
156,-1.4263846034792138,-3.903454899816313,8.322160825489807,4.02414845207616,-6.285821756862328,-0.7155263493219757
157,5.3594177560691705,7.41554003636948,-0.7163905593884359,10.630437147431943,0.3811138966709595,-8.64109482125272
158,-4.746855081091417,-5.3233869296266425,8.384787309832028,5.384580600530771,-5.347947007696274,-3.789084278930842
159,-1.9515041769573127,-3.4995769767266114,7.2898549636307495,6.619230580956879,-4.591249007614903,-1.7526566659201883
160,-10.096460879892604,1.3157914703525342,-6.031376335845876,-9.82496049249207,-9.492639554367218,-3.9792276609923927
161,2.708989054321427,5.898608214860801,4.717830992502201,9.669842917663283,-1.6558005660123876,-9.718224730675109
162,-2.9440265309691362,-0.3455051436151231,7.3337656903037445,4.3715429478275905,-7.7251455381776655,-1.3705439789502418
163,-4.658774623062819,-3.6454905462807856,6.288821462616719,4.5934134317132544,-6.6047835951409795,-1.925081716822783
164,-6.611721098151291,2.410812090401063,-6.98055994898508,-10.041891277663847,-7.553569944150835,-3.6083271005983693
165,3.0628232858797544,6.7848904214397505,2.6541139283380906,13.0487112738325,-0.22688176154020898,-10.1967515789358
166,-5.613627870604626,-5.5586500395051885,9.59919860298054,6.134770035101178,-6.310781021661768,-0.6232700335847543
167,-2.2212410777975613,-2.2438083421450603,7.3017702640955555,2.1316109535506707,-6.049341314844124,-0.9912470075448525
168,4.544054099097325,4.410740259695757,3.729556897838391,8.575981260512393,-1.4204501683103214,-11.159220319286902
169,3.4625752317929166,5.7000847498501965,1.3317427092329057,9.037931358220094,-0.8382090902274537,-9.559907253006035
170,-7.4069090273298634,2.8445869297194877,-6.697749734291731,-12.047493011093424,-11.218049719062478,-2.601717085389549
171,6.12490554299768,7.5872420109044505,1.3725757107166292,7.292949593146554,-0.02880516054673593,-9.00084877686533
172,-3.6041034600517623,2.6656706389842366,-7.530429369990678,-9.174631574454134,-9.336085010053807,-7.2808583416779165
173,2.8728756721330324,5.0826177501783985,-1.7462985241726785,10.113110894952053,0.7701397920402087,-8.53593793421815
174,-5.512656425024458,-5.78246894465771,5.976009361221858,7.45521313410386,-8.170117099695988,-2.113335322450224
175,4.953866718391982,7.236604618015397,-0.6714554113339394,9.105224889392291,2.2550934485621745,-9.108768358646019
176,4.337355273427337,4.967662824563922,-0.2415668925802571,9.046805988607629,-2.0475491021519856,-9.144937391266192
177,-7.156691898467138,2.501757401460174,-7.172499621309623,-8.570602012656638,-10.572874423573328,-4.912545638245442
178,-2.586710534864377,-2.6094918936952145,8.304401368129444,3.729385250760326,-6.304360323998254,-2.538848308638177
179,-5.521621552333967,-2.671182537600451,7.546008443623593,3.910547081536003,-7.335896117594025,-3.887725529489349
180,-6.704987624260301,-3.5191212562588263,9.115334316857897,4.495140731138216,-8.674071457966274,0.3528433081820004
181,-8.725283758302755,-0.391270589741362,-7.765226546930202,-8.524878621584907,-11.440452022351543,-4.359845798653784
182,-6.274798816510401,1.5394066295001132,-4.144306812565455,-8.450658663128085,-6.394864982584048,-6.1476182234349785
183,-4.604078552083063,0.48861905677734296,-5.505871168635171,-8.646145409897494,-8.47921695959028,-3.6816614973382333
184,5.425437546730581,4.515654486678102,-0.31899057901445516,11.109769399878248,2.1145243356657,-8.30561433409122
185,3.923285530700849,5.374531557657035,1.6459932208740993,9.325836880628348,-1.579069665443623,-6.540755082299642
186,2.9519866147440137,6.327271152032628,0.8129763250522655,12.757022857090044,-0.8207853262849547,-7.494057199628467
187,-7.20073113600571,4.078925057208746,-5.0930209896094905,-9.192939755255743,-8.809339333736887,-4.703707688389884
188,-5.082715712979938,2.305765997706084,-6.954255054455291,-10.593111226294209,-9.606367903045127,-3.45975521077938
189,-9.591374503303424,0.6506846886580704,-5.741052696642478,-7.667954906709774,-9.103707641622304,-5.434192810185259
190,-5.517352069756641,2.3150013157003517,-6.87063096405156,-11.375009396473356,-11.058798953874069,-4.439959107897718
191,-7.335951036050736,-0.6403091707366713,-5.549949566918217,-10.428383606125918,-7.516243485474515,-0.17939806675284498
192,-7.401733967450255,2.957882643858623,-5.6675959255526625,-12.119399704150903,-10.815411467095572,1.0305562112726694
193,-3.260376573865741,-2.8544139424043773,9.393485819877297,5.2012523365662435,-8.897243651459792,-1.175121978393117
194,-8.62481444397325,1.3632939416116236,-4.6789775519170576,-7.174034158367163,-9.634174684786126,-1.7808584519987
195,6.657436832891259,7.02217123660647,-0.35422404227417814,12.00477561022348,0.7821183159861742,-9.373163162214066
196,-1.5078062422848313,-2.7339655540850263,10.524062558259846,1.2916032517578078,-5.9249355640738655,-2.0243329268362302
197,-5.930312563440678,-1.3467662636831301,-4.259882327054759,-6.8449208030317426,-9.452104323432973,-2.957663107807508
198,-3.5834983203391335,-4.189488564894536,8.894866968651465,7.652988045281324,-6.100988005152091,-2.112490786500795
199,6.533269465321841,6.028456526899245,3.2539494009322354,10.642294345297797,-0.18646346600214755,-10.261603655835103
200,4.211416909351976,4.39179750413035,1.0542788003156445,9.277632296874845,0.8565886957793325,-9.587672444784284
201,-1.9401789826962204,-5.794375365508719,8.599125247824643,4.82324557145147,-6.965329204241701,-2.335101716810202
202,-4.125817752415083,-2.956949855621339,7.1728224111275685,0.6823458757975192,-4.881642098510937,-0.8468980180021091
203,-5.8918236217066955,-5.6015346910824535,4.413809752113497,4.819872372656831,-7.649463329946875,1.9718738542742908
204,3.6277938400020733,6.563046665668302,-0.06463222509690675,7.203854903681461,1.33434442007752,-10.483138372073721
205,-8.07863081442675,1.3851428825114362,-5.461062300075566,-12.091533019629491,-11.089160560478994,-3.4735766828296244
206,-8.513293633366159,1.6116692359805795,-6.877353433487729,-10.77406344054342,-8.800892693663352,-6.114306871394854
207,4.368384752054906,4.455709986409859,1.5270733623343176,9.844879016927203,-0.1797981388148985,-9.342548666413494
208,4.78685085821505,6.154327517026061,2.2072187007052735,10.65619299724516,2.0404954672756803,-10.559646315919816
209,6.7190503675695545,5.2720807484200005,-1.1977274615461175,9.932375957270605,2.076187384121184,-8.766491296287779
210,-4.144419892738151,-2.600542191439776,6.398124404564938,1.4498369884227955,-5.318838075534114,-0.1926840564743728
211,4.544154619070807,4.599818024690184,1.8043659920871935,8.32793431121938,-0.9002450268015694,-11.860267332594912
212,-4.114339705008791,-4.624937959578459,6.017098236553777,3.3661757998107804,-6.60143771718038,-1.9471431671694832
213,2.8094435540335128,8.704340717630496,0.9208268220184161,10.606576873355008,0.4687878521779154,-7.469298137241696
214,-5.264662534960436,-6.3288821127715025,7.297463298506187,7.181640139396784,-7.025714894247148,-0.9451421973350571
215,4.009641591680022,3.9722609227099115,2.1337884795019786,8.652314055509303,-0.7559647241820514,-10.079657221829972
216,5.71745405870111,7.741892259226791,0.9249762633685138,8.829289167252842,2.6513085308885698,-13.892452133938894
217,-6.253278097482515,0.3179798012783779,-2.006371217441041,-10.59763500557673,-8.795090399238902,-3.629631472720621
218,-2.9388860099003007,-0.3068633121891935,9.703883926375894,1.8313519089447006,-8.726397131971844,-2.7898338153100353
219,7.276176615744888,6.840485705559015,2.1991516890014458,10.420168127147507,-0.768527760286816,-8.873125014647508
220,-5.880928291088285,3.963634535938971,-6.306192316263484,-10.304581295325342,-7.844565747892135,-2.997339145440922
221,5.618262771026922,5.686424922165163,-1.165706459644652,10.004369068390869,-2.774583869355842,-7.85106396969624
222,6.3559310785898235,5.417628704937834,-1.2697000007194064,8.946198895937586,0.4450762381232848,-9.316458920650105
223,-5.036688945221462,2.3893045761873917,-5.781755137995767,-9.538942251405691,-11.66154572249954,-3.7660841408845758
224,-8.794408280863081,1.7584597214206543,-8.790166841839365,-6.589229706654855,-8.452161746865634,-4.312847153765435
225,-5.462694162005031,-0.3165855449445494,-6.724839610440032,-11.24864485984325,-11.737923164893669,-3.2219274743988082
226,-4.323156346097377,2.424806558105561,-6.6979432760992825,-7.042780085873437,-9.564558798634797,0.16995119623747357
227,-6.853741013980179,0.4442775259653584,-7.023799364223187,-9.335937074585146,-6.935676733070301,-3.3824336806302293
228,-4.00116275172834,-5.41949016531424,6.04341816571243,4.231383646178144,-6.135942364602675,-2.4713184342324137
229,-3.9082044521900094,-4.885481588853652,7.610944491083896,4.245809264654853,-9.768257885251092,-0.5581281793500055
230,-5.664676046383725,-0.03184052675244908,-4.572733764730067,-7.942466245250112,-10.767744598512115,-3.723931143083977
231,2.1489551830872053,6.797328758028932,-1.5230984488800776,5.178182305878872,-0.28924594309593393,-7.852080688276624
232,-4.646697530159528,-6.628980495427121,8.802633617739923,2.428914748643488,-5.3005584133019585,-2.2586217306607357
233,2.6174432862473402,4.979723140176506,-0.6163438434051286,6.534608843795537,-2.2778889590086555,-9.354679537679253
234,5.277439861958522,8.574223477711191,-0.3404901132193543,12.722560747525511,0.24097324149597643,-6.107193684747342
235,3.131365701618943,5.490577934058898,1.8173204472841458,12.743379137617206,1.1096283806098326,-10.79511480291767
236,-4.63829100458096,-1.2204210486128568,-7.72340426397365,-10.716315685616166,-9.791927709848489,-3.239821995321715
237,-4.916383696062884,-4.224524099348957,6.388307517351352,3.0781616107740457,-7.965568466881165,-3.905004965553512
238,-7.922359628063626,-2.8096560656283454,6.462988633045091,6.433273084214339,-5.398005283857024,-1.1186174406021319
239,-4.119354574403217,-3.1950544083530468,10.68762825959567,4.5424193618118665,-6.730743388222553,-1.0449795004562341
240,-6.460447645431457,-0.2202514252272716,-4.664909112708104,-12.154754270524991,-7.855290919895222,-4.583616579157341
241,-7.436645343154327,-3.2742540216400684,6.214069675618262,3.217632993115863,-6.908288561190612,-1.7446169108103438
242,6.470448678712165,7.71398762010599,1.8194932529126517,10.182962101964884,-2.662151937317664,-7.699774393635562
243,-3.745786545542975,-3.631560863233251,7.358887011819689,3.281440512435028,-9.39188995616705,-2.3334551407507718
244,5.326643741892085,4.944605272691217,-0.6997339989723292,9.144405341819763,-0.2534352492658324,-8.93863802505328
245,2.612746312097101,3.5013300500880815,0.5854307577275026,9.72797282806853,0.48076739878814256,-9.803463485782542
246,-1.0910321610123752,-5.282416496443189,5.1615546300023984,6.556139584096625,-8.05768702252876,-3.535831993570401
247,-9.678771028942652,0.3795064102874718,-6.252240790073236,-8.707329909590703,-10.410734716266218,-3.516337156433851
248,-7.9629741771359,1.7809702929011444,-7.180549217966418,-8.375109664041084,-9.466655007730246,-4.473366781303894
249,5.885050222628712,6.057916023016478,-0.5342766591133551,9.177806844534704,-1.3208656248379276,-8.746034840570907
250,-5.860975145825444,-2.918679660469084,7.280461349384336,0.645952455040729,-6.030482496736771,-2.9162445352474213
251,-9.224744541328768,1.6955311525634333,-6.463875822024871,-10.244947807866392,-9.051910928369539,-3.7742252889075485
252,-7.805966305057324,-0.7494360683975592,-6.732019939723516,-8.106625829037629,-8.444125920471498,-4.479711609793349
253,2.553098678033682,6.439169435712175,-1.9339197949808775,7.566080479906542,-2.1995393345548955,-9.955723388286604
254,-6.751340918466252,2.864671216322402,-7.18315653757609,-12.259199882311808,-9.293725632787577,-1.5862176720346852
255,6.105062561971478,6.27005423148191,-2.0010641706238417,10.535091164615858,-4.128900540467443,-8.997945263256469
256,-5.020689787148482,-4.193267262517916,8.783261769148217,5.319737917925756,-7.719030141702213,-2.9109295023282193
257,-6.597340187364733,-3.1294780655399173,6.965275302828792,2.889915665366297,-8.954658533578332,-1.6625829408294888
258,3.8735389126081303,4.951575201621008,0.3202526001951006,9.164985631203182,1.5222476885690637,-9.19222046849217
259,-6.273169575283132,1.8075415458775823,-4.449730725800423,-8.051836589310975,-8.050389596892703,-3.1237859890956385
260,4.356694457223959,7.635533864527801,-0.1300118944973081,9.77436814703238,2.298449025484916,-10.401334546082648
261,-5.931075536601822,1.5208511956466157,-6.4094493106896,-11.816103114523749,-8.057512191912469,-5.921001674066891
262,-6.110863192256829,0.09409283510057853,-7.150292292836495,-10.412153425836273,-9.279156628892547,-0.31931196090969616
263,-7.2893125869848285,-0.06942496469739101,-6.610268652725476,-8.72977849590689,-6.9726831563109215,-2.5170778845242974
264,6.596780539483585,3.599212793321544,-1.307899042672867,7.042673921533768,-0.8691184827013272,-10.473956202702222
265,0.5952336500465369,2.6676440038556577,3.4678786051685124,12.40514062044533,0.5536460890130352,-9.367413376956492
266,4.508693754805971,6.558740549832345,2.80485125860959,10.034322620169425,1.5504861084974877,-9.01671128492483
267,7.713888503084463,2.4063771091918302,-0.8290104089764179,8.381035553973517,-0.15587007489051913,-10.156812458093443
268,4.2320464659063735,6.598351923000302,1.4877812439003157,10.019098061835551,2.179698907715357,-8.356141780348828
269,3.2140199486793124,4.622856135081861,1.5285009285021696,10.443909644126403,1.4251559144201638,-6.917060649432855
270,-5.451691668180885,-3.1690792180733007,9.748771520745432,4.665485321197721,-9.200857991525101,-3.9928050604393563
271,-9.368162748357976,1.0986199077868488,-4.525152551202611,-9.417748244633298,-10.170885131060759,-4.1894934120868195
272,-3.393528423828479,-2.7091426841613426,11.636912345768772,5.202706521773726,-7.610174330476372,-4.837882553036749
273,-7.7893415457654145,3.40983704120511,-6.346647469608996,-11.00849333027368,-9.735816627029813,-7.924978034718242
274,-6.728901011400573,-5.1674543361066245,6.504532529863003,4.06334728371802,-6.2146733335693805,-2.9672268451429566
275,4.496730360428528,4.8302093884058,-1.7457429736928658,8.849665802862601,1.7742479683963004,-7.924203622875219
276,-5.911339165521327,2.633008481796044,-7.6545460586785286,-8.792075659568951,-10.70475204293502,-3.3963403521949553
277,3.542107228096295,7.548766962249226,0.4924910716330907,9.175375080068083,-1.3063646622397267,-10.312305120134862
278,-4.363237624042331,-2.243973777417536,8.02502711764165,5.815554832245023,-6.114969001144977,-3.402513347514452
279,-4.5692989903883126,-2.7430577425070175,9.115227693840398,4.649819112372467,-6.999746115770578,-2.954003198371196
280,-3.9590916895467685,-5.154314827629188,5.994431504254264,3.5297371233542587,-9.428345974880642,-3.9695355639540857
281,4.877726056348265,6.512445486413396,1.6407108812523787,11.666322404370218,-1.8515203167654541,-8.592800624039205
282,-4.867630954627797,-3.950968181710091,8.13744028724549,5.515774158972567,-5.672147359672145,-2.3530633083202273
283,-7.325073919920628,1.4818691799311097,-7.751005139228706,-7.446760678441343,-11.568206457175217,-3.250558026078281
284,-2.2600940963893636,-1.9568078957571808,6.191364094183375,3.4540255869118894,-6.460852524920783,-2.840234392419127
285,-4.935202189250617,-3.3538365302236834,9.097747486823344,4.9677483384860865,-5.277576252312234,-1.0168508985486973
286,5.176380776354286,4.64404953260232,-0.9718131044009777,10.150039930522672,-0.15970001126843614,-10.2034691519469
287,-6.461768706260816,-5.123506526881487,5.823277678586047,1.33999162878098,-8.544277286248914,-3.4827426215819353
288,-2.8961533214362896,-0.5478641316775601,9.815592571785347,6.690470592654533,-5.651131561957897,-1.2468851576339186
289,5.987199230751547,7.267085145572902,-0.6375169616287744,11.23226564846507,-2.49565457970267,-6.986946765196894
290,5.943380231023671,7.220625270582788,-1.4520983916726475,9.026628594637957,-1.8927322101629127,-10.685401715335793
291,6.3683740819446895,7.79008331871977,-1.474509048191163,8.650466084919612,0.5994436383273969,-8.896277839836221
292,-5.43936093718251,-4.402357663868072,7.999424243624812,3.733575655282648,-6.3867389370867285,-1.123640195380965
293,5.75389483263403,7.663817488929536,0.6628414899798044,10.243262290273986,-1.735120145485007,-5.281670815147551
294,-6.89076318829666,1.917070282263434,-6.086037881109602,-8.679089813822685,-12.921178361698558,-4.523311900716073
295,-4.734175642076842,0.6270071015409698,-8.284068297222822,-9.733220306509379,-7.784465170071599,-3.2885143582253806
296,-6.704117209079891,1.3993054178868576,-5.90213280341778,-8.00173640819225,-11.737656169875414,-4.40224924720729
297,-2.535197552489854,-5.533128936663248,7.763367701745633,2.5271645530106537,-7.329475260874797,-3.873801710372085
298,-5.403793109910068,-1.7785080140363503,9.912998192982009,1.2272324453685663,-7.586983234385146,-2.2817931634487834
299,-4.898706995275909,-5.6728812326184475,7.724180552005697,3.9276271777552596,-4.809119049344865,1.0201715030357708
300,-5.405639246986956,0.8629815508726504,-2.8728429884474096,-9.004217886250206,-6.4728471011075905,-3.7417460701006253
301,4.82859566289585,3.777277360059642,0.6287461495841,7.0450133595778,-0.14435845385113086,-9.563344093160264
302,-10.05106653120546,1.5173783716994693,-7.850513009048319,-7.413781022956283,-10.569407561172987,-1.7131776304892785
303,6.584392275468895,3.1655552926645094,-0.4661146672231471,9.988711055460255,2.786901940790668,-10.791289046627647
304,-8.72748049689149,0.790547712755425,-5.129022813481791,-8.984331243174395,-8.816052312565537,-4.691737105254253
305,-6.972699623640166,-1.531588093309768,7.541956889923804,5.706129585850903,-7.903040338716076,-2.068972771374634
306,7.746074707613075,5.302607241508783,-0.3201163348254654,8.981008899451142,-0.45681054946540983,-9.967448062497132
307,-6.407682914057289,-0.7891894063553528,-5.279989336696116,-10.108517033375318,-9.44050512376936,-4.266842584042994
308,-4.661174230539978,-2.6863282101688224,8.427181826406336,3.9225128165905385,-7.96546936335397,-1.6376352760633168
309,3.9744728137965426,6.170851181213461,1.7055925632928952,11.191136660322316,1.7027044253614174,-9.068549402419062
310,-6.470964694621916,2.494666942951402,-5.6917206573338675,-9.97695748311231,-9.367586003710548,-2.7111601826514553
311,-6.307685031320918,2.0639596800650626,-7.953990929927516,-9.538495904083218,-8.338339233366813,-5.44991929415398
312,-6.836467090460016,-5.765879212720596,6.124161420982309,4.85404276467592,-7.12635839278947,-1.4000488936751168
313,7.380561907019731,6.938967419082096,-0.8085197429350259,9.36429136743503,-0.5306649046697047,-9.457711691499396
314,-5.071462843871078,-2.150123050147511,9.115567676670807,4.524461760276468,-7.438764044910747,-3.7515630218313136
315,5.555325356101022,4.981421217375935,2.1018287899217087,9.78682237352074,0.07691602230033884,-8.433991177604968
316,-5.179218830738276,-1.2780252988832759,9.517049395435835,3.888396730548952,-5.257363109788286,-0.010003844849510557
317,4.124802836960963,5.250399324511262,-2.0305692936166055,10.911474564173115,-1.9547293671832864,-7.3411131542952575
318,-6.624496928165471,-0.6537383435354784,-5.836227350435472,-9.914725840254441,-6.902686816390098,-4.749721027426391
319,-6.6243005285801075,-2.0689572328250896,4.372608531114433,4.33139024908226,-6.856122616341024,-1.8126941837236452
320,-6.175022818323946,-2.9834818438095,3.617246017871753,3.8567052778825883,-8.723603266335616,-0.6753961120805938
321,-0.6769019987565299,-0.9898061444440085,9.235737540999033,6.589863043470289,-9.447642324870994,-1.7880342289667475
322,6.890856905238283,4.0661142746823415,-2.0088506812728104,10.183332276527407,-0.6138253538940726,-12.87241941554483
323,3.6263996042396656,3.522184438978429,0.5741017345326158,11.247360649879939,-1.6052435922728758,-10.045756948798605
324,-4.609275348916471,-5.4256865421589096,5.907000439129547,3.5580924270862897,-7.338283020854717,1.0249129672477602
325,4.503369370352505,3.445102243339974,0.20383049693502645,10.073356313071617,-2.655985614541842,-10.476278375445782
326,4.15430707064135,7.01810683695205,-0.5582616000598672,9.03242175415936,-0.11595278514877119,-11.779832350679388
327,4.650253459047511,10.07072027265207,1.6675352832052377,10.91680376657328,-0.49546442491541615,-10.609121702539609
328,-6.622855994017751,1.0265183449535675,-4.008992948799243,-10.36658167888807,-7.464452157783352,-2.138514186986302
329,-6.649766367280169,-2.971296325941857,7.9890854438014385,6.261975844405358,-6.537271340053491,-3.5661675618551856
330,-4.037372332383534,-3.8648196373903163,7.376201184579166,8.552283683929124,-4.761217910229756,-1.184329114728035
331,-6.620694668301599,0.5726671515903313,-7.1270086805711585,-8.788421113623683,-8.910497855787808,-5.612545324994153
332,3.9988130117098377,5.851815103900579,0.6306500451731794,8.571137297222702,-2.2902823614642163,-9.323852351060864
333,-5.592724553667036,-3.4522768374133106,9.67440721834119,3.886867716403802,-5.338555380596188,-2.974772200610621
334,-4.926668353586389,-5.452786145716986,8.182746108010239,2.4586638497569324,-8.058545877570655,-1.3602817407719836
335,-4.893723054385303,2.1342683063039947,-5.644671305834684,-12.196256161977468,-10.764260542170533,-3.0398069132981744
336,-9.210708103785674,3.0489195222774352,-6.554662735659235,-11.065394272998718,-10.810667036573484,-1.4429681587678624
337,-3.718230922505912,-4.429876956076881,6.987685576434048,5.249018396336298,-7.860347432563632,-3.7089639599383357
338,5.030321216719225,7.311364312925404,0.6151064653640449,6.858874845306889,-1.3092832111530182,-10.393570877305372
339,-6.819830394441892,1.1347843085567375,-4.812111719215576,-9.114290520038077,-9.073830307444748,-1.7667289663306365
340,-9.123445579673037,1.1811524329075307,-7.750289067000407,-10.69842377638368,-9.99111684035163,-2.03337829659175
341,5.68722942825271,7.609918595193267,0.8566828551068477,9.772335879648898,2.279295808241486,-8.177401713625965
342,-9.13707049260907,2.773815552196567,-5.621905206829821,-10.931359740635013,-5.81247609729419,-3.373466292821092
343,2.7687471798627112,6.233333065909566,-1.9686964907666358,9.400335148830447,-1.0068157268130677,-8.284863504121017
344,-6.301295677985104,-2.7113371561980153,10.044686733895883,4.590822301574657,-7.157860466831494,-1.7669872359070566
345,-5.818967762632752,0.02963593474785231,-5.7312973548493495,-10.385029172983696,-8.783011503064987,-4.5720061844859545
346,4.278428987859519,7.020661136924689,-1.23540015988041,12.879958985420458,-0.740152503317173,-6.334059699266113
347,-7.517998400905653,-5.14369700243051,7.989979601785489,5.7366152330239855,-7.992074686618077,-1.5398385590164163
348,-3.579952986427582,1.8063919458531543,-5.196385313890952,-10.86208845126703,-7.766628595576739,-6.007191378529586
349,-3.521421718750494,-3.6320447589354337,7.287836007878987,5.286004643028811,-6.0148582452725154,-2.3418825078895837
350,-5.701217829823763,-6.037150446492202,6.6552196265757155,0.6045049205605939,-6.712644708884599,0.12739457097272533
351,7.322629871201132,6.200766382305562,-0.0017632504645418434,11.563255026158952,0.3751062999261159,-9.084200688221596
352,-5.891796008775754,4.3206523135364145,-6.668645736771051,-9.210411186022968,-7.701950522063133,-3.1941666327116174
353,3.8600975045447523,6.648610889191485,-0.21297952889179783,9.23088954237487,1.0402266829824605,-11.124509634660207
354,-5.558610988039956,2.7982514335858495,-6.565897882503748,-9.49034745603677,-10.592331708296658,-2.1697715328924185
355,-7.799006295507599,0.04063185174578732,-5.4279084525041,-10.622670484290518,-10.356100325794829,-3.5574501588719656
356,-2.628089032533497,-3.3586835206457417,8.479915430219938,4.564731922684863,-4.779164060568718,-4.627176899780837
357,-5.821804231675941,-5.629773289554831,6.029510568954192,4.7038573136729855,-7.364793933677467,-2.8275914695055118
358,3.9920122890013037,3.9007740255400734,-0.9002527568617087,8.800787810550904,0.32537708536598253,-9.04000800727847
359,7.818166717440663,7.921416538841041,1.1095522714355184,8.58214975347605,-1.9715043984825398,-12.340030346045001
360,-3.4490057501128555,-2.8444995437330123,6.935685973393399,3.5345771969978332,-6.304089400466333,-2.42981478335244
361,-6.9247484375229,-4.943846837644712,3.4612962251788835,4.890279444229313,-9.539242468098646,-3.706718091778276
362,-6.851201540726227,-0.08679520514427885,-6.660618200922656,-10.285091596046627,-11.678592671321837,-2.2244462789394794
363,-4.382664063501307,-2.715288450767224,4.972582734016267,4.2384039514301035,-5.072748709081983,-1.478058537737727
364,-5.3383622206838215,0.7642781927302569,-6.554312702100466,-8.904437013937999,-7.942006456815038,-4.783638607496121
365,-6.04340359391652,0.5644586763032144,-6.651628752040839,-8.414391626341502,-7.7025733872105935,-5.926891050751314
366,-6.098477509071071,-3.577474802180451,9.560934410776294,1.6566856549124687,-8.448848811683364,-1.2546395331933735
367,5.29424315426281,5.566846722677963,-2.367106039237655,11.341374278565274,0.9450939854830462,-8.461324955013831
368,-7.861177861940165,2.3763235779388627,-5.742387936496814,-10.02071124893733,-9.574018372400602,-4.399616180271993
369,-5.1392005197770825,-4.910545264624002,7.583335524556874,5.103884027820296,-3.898540682513228,-2.8511504132750876
370,5.5395341864324195,4.2632820153593425,0.07535045743529994,11.984210792307167,0.7725260181673419,-9.461061756705684
371,-7.59329881764855,2.9687157036938894,-6.982615026977672,-8.592639946336416,-7.17365557550146,-6.099220731473728
372,4.904385211308924,6.7489453406066815,-0.5597660071428865,12.216857623955551,1.7690244799150836,-11.3597136675136
373,-10.095846349392794,3.143309412471324,-9.314694415319138,-9.463435947188675,-7.857748018528677,-4.986583495344872
374,-10.321741913319947,2.8110321595071626,-4.7838816469622865,-7.60825000288267,-9.402981885185948,-4.281652095824313
375,-6.703788363054865,-0.17810829131839911,-6.624009845221729,-9.26041458778381,-8.251745964312082,-3.65921035060219
376,5.356123246862403,7.910379303828413,-1.6769478846685462,12.331002588026276,1.646594435730711,-7.115860096820222
377,3.168747144606869,3.603916257998997,2.243062012028822,10.087061495610257,-2.2312117452288227,-11.537163138481048
378,-4.210987013628219,-3.7053334398120064,6.313041549153384,3.845871614322683,-6.009159075501621,-3.1199846753528906
379,-8.378930761022184,2.2267180635853188,-5.429701190904857,-12.010868197848872,-5.866685249995246,-4.108230317958574
380,-6.99990720097099,1.131422197245746,-4.7359061934438245,-7.357751672525229,-10.499661746946302,-2.924040932547178
381,-4.173928943366234,-4.018885015099625,5.436593649791115,5.7197906969695165,-8.683685662729554,-0.9428368727150356
382,-3.4727367673933145,-3.8653034880080073,4.848658582474078,4.884127726806752,-6.347653834692947,-4.978544708928489
383,-3.088553179192144,-4.30368582001269,9.350170454415643,3.1388666437947714,-7.965993440734272,-1.5685925678627926
384,-8.311186818007595,-0.24123915715315913,-6.147908490886389,-7.317323095715604,-8.363543764025476,-4.261740976788847
385,2.4197971937982885,7.702972420135476,0.2555765410197243,9.923649378979412,0.22270624260322452,-10.401869656445722
386,-1.3647746042356799,-2.696768601663813,7.3464381222571555,6.06277257330667,-6.214130798534286,-0.012920704328235555
387,-4.160332562936312,-2.5009668094073323,8.398118881068179,4.7801496882946966,-7.883196754693517,-1.490182915864056
388,3.048926293075002,5.558354053423299,-1.8136809441727886,12.047121746991026,-0.8219569135987905,-7.912008185606274
389,-5.374246939451144,-3.146824274697794,7.961961949617042,2.942383523249854,-5.757676715878182,-3.1769236118827617
390,-4.859235426789372,-5.361283255342615,6.812163649294913,4.546464034160208,-8.516265298135774,-2.7184508471592936
391,-3.0748778709443547,-4.191011688491648,5.734574909852664,5.321837931011774,-7.7396103974959605,-2.2714098340703632
392,6.195327268311404,6.551120088435627,0.9316076120586624,10.013136970446128,-1.0622355256666143,-9.738692406797158
393,-8.831903571098174,2.15388409845238,-5.3243778980056895,-9.092741653285904,-12.30635666823989,-3.5307032462365653
394,6.237871899928624,6.601794462977224,0.23422481531082223,10.349138182312679,-1.7290039925713472,-9.836250993765162
395,-8.224490274358715,0.8739914033950288,-6.4743614521179635,-11.065334142893157,-9.808776435847424,-1.9874733920450107
396,-3.652023787354435,-4.634911202953643,7.277754015208002,5.704149271744649,-8.092345485578756,-1.1808851438433696
397,-5.11237491032165,-3.948806623556432,6.86361638409878,3.1401741791088944,-6.860802899841183,-0.8070528837324984
398,-5.065723119948889,2.1422496636364468,-7.292766464054964,-6.2429728271964215,-8.66540181561418,-3.0399545069611458
399,6.454136477170703,3.2688646490005766,-1.7173099625971144,7.611845667040906,1.622112490770363,-8.87304755213053
400,-3.51460192552621,-4.234011320274128,7.066116591124046,4.193574923205245,-7.375813443568033,-2.7728091043742795
401,2.3777413323600496,5.523178104242476,-0.6587778877338422,9.583217740294803,0.603459127334435,-7.924802961157895
402,-3.7475892211637345,-3.0372000806812847,5.630096841598677,4.9454513835844205,-7.519219850446245,-3.1392497925448812
403,-3.023829182696275,-6.960658831418339,6.9714044712860055,5.919258459967022,-3.8308963830882234,-4.339705544314074
404,4.6083638349142575,7.672659404183124,1.5530249349799699,12.307131429977792,-0.6913197936565207,-8.919506356174315
405,-3.966522408092951,-5.280714353017974,8.383003853591731,2.0009114541498496,-4.649623564281411,-3.433558580301197
406,-7.9421915236943,0.22058869888386612,-6.80857978665274,-8.994583601860816,-8.776483888897122,-5.57602667430834
407,-4.651820900453425,-5.374549191172625,7.188783094080609,6.596159277500933,-7.867989411354445,-1.2908253200704594
408,4.178955459349064,4.11153721136407,2.4773682627106774,12.415949240127443,0.3544253204431974,-9.156937514825797
409,-3.0024178698496775,-2.87199776534451,8.704708952565037,-0.24530605357175528,-7.271758427781308,-3.740057440620726
410,-4.070173752198203,-2.6270994102695755,7.439932313285469,2.290426280778735,-8.64499490482885,-4.146872633171722
411,-1.8896146232558304,-1.989467165595066,5.774315733173861,5.692212400641666,-7.844747692144347,-2.1579967560185733
412,4.867539316954518,3.4176403655976753,0.22877118871112329,8.470825077162386,-2.314664731096943,-9.451371851762799
413,-4.402593460670159,-3.371071372163117,8.418331324603686,6.099016294644015,-7.935957474586468,-3.0412670725891844
414,-7.049040317347515,0.7563656175304312,-3.52972646477961,-7.397967488949859,-10.544536432888462,-3.06065548794476
415,-6.394682672300561,-0.3991671828356982,-7.091871528665617,-10.441499426264624,-10.200297212765106,-2.414278374089444
416,6.912198138173258,4.648827137194208,1.4395217519318835,9.385439188696639,1.3949781852490934,-9.375250372023428
417,-1.995704787371741,-4.216223584948545,8.130641928954539,4.413188946337528,-7.288557974690904,-2.442970208239495
418,-4.174188807786723,1.7126308998796227,-6.3186812084081385,-8.620907928989377,-9.779456167260216,-3.0651921819568835
419,-6.249443781207593,-4.572277361573788,8.145225564239858,4.160278568774953,-6.857835125832752,-1.6711340986355423
420,5.680930135429074,7.0247559344154515,0.29327591157950045,8.1404259981033,-0.1825467841300466,-7.961196556964728
421,5.876959138438063,4.732809986003575,-1.3092154191206198,12.257937456043738,-0.22983272981827674,-9.512649383100902
422,3.1081068514028405,3.39148159646565,-0.3671219206002666,8.396306389291041,-0.8802147089313677,-9.632811541005584
423,4.5238440272474065,5.5985904675554865,-0.39485101459869176,9.798878439553432,-2.125160619819143,-12.507761910987366
424,-4.984616722525922,0.5339496904746999,-7.226894811963191,-8.06508576965772,-10.036020102259641,-5.178959498999982
425,-4.0744708760831445,-3.53176274175564,9.080924399161933,3.0645257380619326,-9.300750507959956,-4.400447772415902
426,4.229945285964206,8.378001487142424,0.7412947450785454,9.3002086692921,0.388818558706296,-11.145172861466136
427,4.98746598343787,7.070620108396434,-1.6169303902671075,10.553931770735641,-0.979012137902282,-10.414850464424903
428,4.343062954780538,6.59718800874883,1.863746029252778,5.600553462396019,0.02040027578853576,-9.135069294711666
429,2.65641212947882,6.087878864262447,0.6472327683482121,9.903854977439664,1.3760965300766697,-10.280926005805128
430,5.930458709992683,6.738517059715812,0.7551208814499961,11.151470542195659,-0.5439876106807585,-11.401079692904963
431,-6.56773449494548,-1.6259143327781813,-6.037491816938426,-8.344252981990483,-5.930232515028763,-5.124275144726183
432,5.745897236914377,8.340100082251961,0.7304982729882031,7.779976565100721,0.05143400889961691,-8.037826365549806
433,3.216697348999316,5.968578832754716,-0.44347479377598,10.099529120490887,-0.815706085678888,-9.64904489572645
434,-4.22197312025143,-3.221039747049308,5.805718241781146,5.576401132576146,-5.492800415848373,-5.472130984824311
435,-7.245172305786394,0.9258377934465419,-8.704930172974308,-9.567552506993634,-11.021512471191638,-4.596460339049583
436,-7.7307277052145675,1.3043378318527825,-5.442849498520161,-7.820402982635052,-9.142336040379591,-2.210831745109894
437,-2.814240723579804,-2.3099701997509947,7.800092315100027,2.481715596642662,-7.365418560422187,-0.9494702635452301
438,-4.279923270381425,-4.13383808723301,4.367230465942038,7.401852766447144,-8.982670063641537,-5.92441883289839
439,-5.848090281905514,-1.5319596515545997,8.15152431374393,3.4153348662211522,-7.087085179911127,-0.9273141887051302
440,-3.541332802197786,-4.724648765440456,9.814693152140304,4.42669987549148,-6.911273184907237,-2.3831946530886077
441,-2.7151605527507328,-3.2605095645384603,6.850764070777294,3.625867685163073,-9.147621287137778,-4.423309219119394
442,4.191924614684186,7.637821109950173,-0.041256147922460296,10.837845987450805,2.491254400954704,-8.0341242198485
443,5.797729442428077,4.80695297578794,-1.1568035249179798,10.309262721280499,-0.005214128770361093,-9.337095766948124
444,-5.277094217957634,-0.009007416169213966,-3.3447704294124776,-9.534072001512623,-9.352750596446187,-2.551735156810821
445,-9.885449094528008,1.0414765806721715,-6.9966970411509735,-12.61818254638716,-9.478686129976001,-2.615188684816335
446,-4.220601692092337,-4.878475330389125,6.090856441399462,3.9714367909559405,-7.786851948040615,-3.7066979088242213
447,-8.019639320276687,-0.1731782854707522,-6.376525798637864,-8.597551325769642,-7.734536871378301,-4.770751462439636
448,5.346569818381354,7.970130125450638,1.371342227112304,9.384078461755092,-0.5593624420893193,-9.758902759977303
449,3.746688030100111,4.484003889224794,2.55889401180892,9.888474008437978,0.32603916991847925,-10.970327982949447
450,-3.5035492460242694,-3.8642832577521142,7.812720123614792,2.174991210643838,-8.022778808916703,-2.270702966675097
451,-7.827844803221994,1.783657724963605,-7.792850559441231,-9.4959042484651,-9.790431264207804,-3.7666478854111567
452,-5.779274457295944,-5.3516330817259306,7.566612233612094,1.968422196750669,-5.555373963634226,-1.4820903039880298
453,-4.2442705795107365,0.23897800121969448,-5.9015856327048795,-8.869255604653159,-11.05993536754785,-5.1399563351326645
454,-6.190624699769268,1.532588368326505,-6.329896844025291,-7.188438910875601,-9.979220646422455,-3.468113640625324
455,-5.84615171294904,-4.310219730483632,6.166403820439575,6.186621753731496,-10.998394539610274,-1.9344560735564351
456,-3.737041515996652,-4.722287618392576,5.1292833762913554,4.15857756511955,-7.81249741926786,-3.786406876500437
457,4.3083663967367025,7.6067953471833185,-0.4475546712646983,8.92241179000631,-0.8218639952795888,-9.243438729171082
458,-4.484366612663711,0.9319393095977537,-4.526426168603214,-12.030372099083973,-10.786961820087111,-1.4603231036292037
459,-7.339935829462698,-0.09237254756815938,-6.322248669111373,-9.743662658195994,-8.183748215848272,-2.8323627138248977
460,-4.24809358354927,2.372934054778533,-3.3748355872643936,-9.328173406375573,-8.078673808032462,-3.9998224286659876
461,4.112247571243906,6.212670843214513,1.094445505865896,9.250839609029523,-0.16550030862772205,-9.386046418813635
462,-9.064946982327747,3.0551060402798966,-6.216616404120509,-7.47170770776101,-7.10460662838832,-2.5082375556602745
463,-7.678967574926033,-1.073144420686703,-6.010146813033981,-9.397370533838048,-11.858917956637608,-4.418705937080069
464,2.864901423430778,9.605286536071027,-0.22079026756554793,6.913333685691889,1.9668436327973602,-8.587821950125319
465,-3.4671765137867037,-2.3534170305582096,8.805071523499606,2.5357384941802805,-6.550544853399257,-2.0969336283793187
466,5.138507497896093,6.661637670034841,-0.30944619034899357,7.24424038102989,1.1887918486360673,-12.46698547706766
467,6.5544363726133845,7.098720890010907,1.6243366009105855,6.295186550459678,-1.0075040324083304,-9.537493989126935
468,3.8554466323160304,3.837021776439684,0.7185542056890996,11.526721631266856,-0.7220094442206404,-10.075652252846918
469,-6.8144534867298825,-4.273225757737206,7.341386806147277,5.333507715432887,-6.5357932877342035,-1.5616582032884794
470,-3.804480108591207,-4.292266540322348,11.348902705878725,3.503712217282051,-7.606085407341619,-1.3541391739303568
471,6.749887131264084,11.442826690390202,0.19984379739279534,9.927851685822112,0.5229486906283543,-9.24068498213972
472,-7.933082644273516,0.8208823234844564,-8.959884231726551,-9.654230298324189,-8.71940625158417,-5.177719543255984
473,7.527401852122512,7.485519674078679,-1.165431286286845,10.392462561226914,-2.2896491173320195,-12.183341121065748
474,-5.788472907409734,-3.9483028949760373,7.531511032775394,4.128434957847492,-5.04906839808462,-1.18458388102466
475,3.697808687794016,4.587520944745221,-0.11859380873988346,10.330981720364129,1.0663683155162138,-11.742219731140633
476,1.8746248123684355,7.330892881472983,0.06352082541400589,8.72564443784494,1.563407499365932,-8.729382895363758
477,2.05606674247196,6.962147947957389,1.1576189430980806,9.93167177709706,-1.7832253267462606,-8.91177221817356
478,5.143875773386978,10.321245536610167,0.37464410793783315,12.025969781879269,1.367549562474363,-10.36991979877865
479,-2.154710181780534,-1.7115344639518866,10.323443416210559,7.00151891886924,-11.762106389790674,-2.711106339707492
480,5.26255706105349,7.374277825170891,-0.824705150393708,8.886190988346861,2.788418115461218,-7.483218569135481
481,-4.5266994332843264,2.4137569829280334,-6.082963876165004,-8.206745817338803,-9.125472960870427,-5.540997691342172
482,-6.831273048614635,0.062067706785447374,-5.465067664861235,-8.019409507412217,-10.24708242309381,-4.038001092272528
483,-4.838035891342478,-4.977012022870873,8.326975317063763,4.230971030558636,-5.103677871321372,-1.8845804476824832
484,4.6603007020433465,6.155392214358743,-2.1059119314445165,7.397464467036558,0.4802560133654773,-9.588950940658593
485,-6.921386653648624,-2.5836557230985218,6.964520253712073,4.054799177634764,-9.984102266051169,-1.8769423904967977
486,4.723351519801917,5.924076058667271,-1.9738532131846904,8.384902272447732,-0.4394819161198036,-11.392699556326281
487,-7.67157484319887,1.028969295304613,-3.7502936583397046,-10.538156772962317,-9.395879837690554,-3.781362920991036
488,6.319732051098794,3.7244169238044806,2.198444155659766,9.720621790618907,-1.020999402989963,-8.32694673845732
489,-6.635110361110384,-2.728020555164921,8.136457146789512,4.024765009075886,-8.347419056210342,-1.2073263764968525
490,-8.004511736978452,-0.06691476675807229,-5.0491467406029225,-7.332717626468021,-5.215885155333585,-4.472927738427988
491,-6.235198865126539,0.4350441981425893,-5.6682354996473245,-11.058243656729712,-9.546893701769068,-5.789867365030225
492,4.696812704217394,6.0858528164271295,-0.05879067078148503,10.116176375303848,-0.2441771155594457,-10.284688683965465
493,-4.68637064896844,-4.368393444807187,8.314187939131646,5.449392234470416,-8.680350702389024,-2.321710550277061
494,-6.268817392973738,-0.5256041214470657,-3.532712190402737,-7.878100917125344,-8.589371806425925,-2.7117300687115162
495,5.637017969073655,3.9996954551834154,-1.4473158278288039,8.95056134387076,0.39647757094274394,-9.211560264318372
496,2.885638386717341,7.430245306878783,-0.3489727147670736,10.198351435022632,0.295528989362279,-10.031010213796014
497,-8.053737909385216,4.896058783110512,-4.374053551647101,-10.30874203408066,-8.58788169991928,-4.423389851124851
498,-5.537378343305704,0.8586076940270628,-6.694191545007788,-10.06722512408567,-10.745290994035484,-1.2047633970549758
499,3.9994894624989783,4.261946448114937,-1.7660946517248544,13.1383931676032,-1.5894732449153954,-9.229660081736187
500,5.316882449798375,2.220280266544682,-0.527718985915937,10.845262922378327,-0.008427536910844524,-9.219168464976716
501,-3.6478029591177275,-3.8353725562077097,7.638451826144543,5.432087956148981,-10.661484581729743,-3.0940710865252994
502,5.221468822236433,7.857356889634265,1.0826767596298894,9.305944985685674,-0.21549627118399603,-8.2643924803429
503,-6.185456863822934,1.455316085431472,-8.214476093468999,-9.094108027320553,-9.061934457935397,-3.7968243858771626
504,-5.590619098437273,2.5181357900321,-6.167660245758784,-9.931609225758017,-9.659128314916657,-5.069447956700559
505,-1.7015207872922438,-4.663778622287136,8.196936961212307,3.5541342076062823,-3.55048068494176,-2.537896700969683
506,6.533726692742679,3.318923523013607,-1.903304259860958,8.087386186588134,1.184962190368452,-9.724478188442058
507,-4.432617402382126,-2.546091834820015,5.7046102487243875,2.00679046643374,-7.79017683171153,-2.397456259382817
508,5.277074136522362,4.635752360588304,1.2644249230386808,10.078927283552108,-0.9089198868381083,-6.582002515613473
509,-5.731770460698051,-3.6660905713626315,6.596275506693598,4.791783319348164,-7.811434475108643,-6.914316118069933
510,-4.009754045035645,-4.652078385199137,7.970558436221917,4.036738109846387,-7.54588746141544,-4.571419876206873
511,-5.254450409851114,-5.719425538246446,8.347387695230905,3.0578764624198325,-10.082487157026172,-2.160530431862087
512,-8.298423204713599,1.198267843696259,-5.541603183915015,-7.14452148198334,-6.492100120638442,-5.573417739612902
513,-7.220151606979906,0.42770116396270297,-4.17099543127557,-8.523761531519513,-10.40930656031342,-2.931973692568615
514,-8.57296442652294,1.7864279431138999,-7.689669256397847,-10.703451240802135,-8.012929392675238,-5.883588440855048
515,-7.7842185854255685,-2.754026642992029,-7.50608211369382,-9.139259121685262,-12.055956666764637,-7.103761767397904
516,-4.161773855703608,-2.985243622129161,6.912760128317116,4.369654248979606,-7.429628553414997,-0.23919953108154934
517,-4.318314250328704,-3.925670348266581,10.179352656280672,4.651894676629345,-7.666270120201019,0.32341562023494674
518,-4.47863710915686,-4.444140015958282,6.769714302524206,4.084021245703092,-8.115941825575252,0.0015031651946455504
519,6.4322898228892695,4.54553437780223,0.12892722975329646,8.603666787162489,-0.3725601334663624,-6.541286601103013
520,-8.024472626678023,2.95940496382853,-7.158330948992796,-9.935728048393177,-5.939809849134447,-4.686124777406412
521,-3.842879418710457,-1.3073319349675891,8.139471809785443,1.7378683842370242,-7.399562712536447,-5.201049081926708
522,1.9548116989485091,6.384214426317785,0.07806570502189314,10.211612103851932,0.2489480217794785,-7.267234223700183
523,-2.5376449892608055,-2.3152606701168255,5.247688863232957,3.641415445832794,-5.310593750966962,-3.906206559056459
524,4.9176362411266,4.424929013648402,-1.6064224917628602,7.9544619608528935,-1.6497937621969136,-10.644016355003835
525,5.273935910878641,6.319574418218071,2.4690317228550547,9.699664087401029,0.9516655320340837,-10.211050988322588
526,-5.182610666663893,-4.70056922424583,8.797978144173701,5.105469362502038,-7.638127184432172,-2.5915382236637936
527,5.679379138397445,6.426234213533112,1.7718805161971152,10.917921639233274,3.794970668080399,-6.562049469559113
528,-5.016561944822154,0.9643014712154206,-5.511336914548754,-10.109731363244618,-8.996182008712985,-5.615904504610462
529,3.0003286226862516,5.0444900312764664,-0.054779933318726215,11.326296701648698,-0.4511709157416278,-6.9408966281963425
530,-1.519164645368242,-5.590581437851696,7.735095586482835,3.926620190536575,-7.941181823122719,-5.172849281604991
531,4.101521755744752,6.5870118511129725,0.013353337681750843,11.119442953453472,-3.452096645305013,-10.335598335308628
532,6.048232495230376,2.27694904646594,0.5470230488513179,10.531843973837526,2.021580604098161,-7.4272585916358
533,-7.054295516470063,2.7947905559323276,-8.269009946112291,-10.600986925389424,-8.4418003096179,-1.0189397941087885
534,6.233260452737093,4.54149708493852,-0.014724550810260834,11.569929061075443,1.9580374089440515,-8.402884415722099
535,5.034874513720029,5.212053800470154,-0.8409722296787452,8.241774730580618,-2.5439085271828925,-11.045663374621746
536,-6.035541718519624,-1.5988506529478994,-4.269395306629393,-9.036898811550289,-10.169183732228873,-4.831345346007066
537,-8.478905418694971,3.1389324339811733,-7.794144395473502,-9.517126576584428,-9.955225734946268,-2.699516032511573
538,1.0298101694625497,7.065020985118693,-0.6464373047487613,10.934306519563338,3.413146273136974,-8.679243132447139
539,-4.332378533001828,-1.6228120030748854,7.01520327078973,1.8727016646810375,-5.433400109637509,0.6087166216712694
540,-2.7298390064478353,-2.046532220967991,9.770777745860558,3.430310535039874,-6.608440317775174,-1.2768625731116199
541,-4.568817248776634,-0.3081313836012327,-5.209124020293079,-11.482188009122648,-11.088648109897418,-4.917649315194842
542,-5.820984665118285,-4.556477664233783,6.605895770019978,8.260647237057444,-7.4019730643982315,-4.214271233076573
543,-2.928055377099229,-5.038822149886697,4.718982060255754,2.9800304567015408,-10.125584147336818,-0.8725820655181875
544,-6.522420184806281,-0.9865692182686301,-5.134254210818271,-11.39136650612517,-8.816364897731145,-4.134268930749981
545,0.47565726960504673,7.00224332740628,1.257126850487572,9.946255977370836,0.8299306968334395,-6.593586909927938
546,5.366529807253061,6.006854110606532,-0.9752090412840095,7.961815679400118,0.38871810180508093,-10.470538854361571
547,5.88121589998064,5.024558810394149,-0.5250463178131678,8.901557251754609,-2.782459597126117,-9.82874579043392
548,-5.425388110015382,-5.346339622771811,6.808202660032594,6.41557616524895,-6.828420213066635,-4.750166051207844
549,-5.877499204812478,0.7679064514413785,-8.665683206697334,-12.354279345056437,-12.362489661287846,-6.801467258392524
550,6.866385704213228,9.618070618325074,1.1709129470679902,11.22145737396954,2.3960743122006534,-10.57212085859174
551,-6.726149046062103,0.42203856313031907,-6.487072546673441,-8.104016703911075,-10.789775176727007,-6.160731313874012
552,-5.089317121185191,0.16977682638005032,8.547185921324838,2.799323688862833,-5.642620471002583,-3.4883068201480825
553,-3.845540397896322,-3.954290270999854,8.463863339076434,5.311890906781506,-5.509267396815568,-1.342584506044296
554,-6.858024405734752,1.8419285802089318,-7.066368621693631,-9.31488327373202,-9.626892159994819,-3.959296355517701
555,-9.189512298993563,-0.1584647903155616,-6.629802502679007,-10.809293282199867,-10.463606068692249,-4.538121860620282
556,-7.851147862164128,0.508519505606601,-6.555437526093812,-6.530825737391966,-5.809311147556084,-3.472526974261031
557,-6.713855970327302,-0.8894976110257615,-5.137263643592078,-10.740878384393046,-6.2905304728379186,-2.1011840624816607
558,3.895105643087595,4.646594198136951,2.0442438073044316,8.635543654393011,0.31771758785321325,-7.4726648969082134
559,-2.025611474366027,-5.3560511867263845,8.911544586687521,5.235575289634795,-7.305253198134917,-1.4170864284725915
560,3.765205193843915,2.8898005995780096,-0.16840940251903014,8.01817664746093,1.4797358993352603,-8.867047348191353
561,-2.7041544397418256,-4.707017627107743,4.560507264087303,3.7130876713036947,-8.485370540128601,-1.566728392214698
562,-9.400949395361254,3.2991025598865797,-7.904896113146358,-10.717927240041165,-10.002466860305413,-5.4950247104317365
563,-2.285201503164607,-3.8598407933877334,7.15242485996209,3.245469837889467,-4.929086121647546,-0.9913702727379237
564,-4.1590891838380735,1.5230424617012652,-6.96470257528518,-10.180322838049946,-9.38144750426536,-4.245231588545386
565,-6.305233049755637,2.99274881850408,-6.234500036195863,-11.066782248603444,-9.084517272475118,-3.858494046245219
566,-4.060576344034261,-4.740154125585221,9.57640853378556,4.07050141896374,-6.883840256594887,-2.0353137019283456
567,-2.885121537084239,-4.045893701577271,4.887440875621256,3.8834055437034993,-7.377840546130951,-2.881068832547767
568,8.37067139068068,4.627357062334027,0.19565985148402837,8.660160878700085,0.48681959436164757,-8.752696178311947
569,-1.8499599601911858,-4.308422133402042,7.102694219169349,2.9959627786369607,-7.801310907853518,-2.2158134396415314
570,-7.640289811125481,2.4226025715515833,-6.149405064993717,-9.573873575464079,-10.123093893719712,-3.3465415637297147
571,-6.989224495422653,-1.1202679062024479,-7.1676237194715124,-10.598679749361779,-11.49254574881594,-2.3691084302624565
572,-4.546978605662855,0.005998729703120542,-5.515700830851997,-11.151674316767252,-8.809296535115342,-8.461301120133358
573,5.9878858473287355,5.62794696313121,-1.5740567217369925,9.636857499725357,2.16212497036517,-7.046103056023982
574,-5.020663950845777,-3.768664398885207,11.023309980062606,5.60776617048728,-3.2127675643527174,-2.0484434006043464
575,-5.921796565959909,0.21090019467429677,-5.9900640189111005,-12.02087941290241,-10.662513335817756,-4.299108164384318
576,-6.737298583618243,1.4058751084563892,-6.289797200399399,-7.408189472189006,-9.839479617669781,-5.228805414288567
577,-5.094554475777633,0.6454871181954345,-5.630911645434808,-9.074788944394479,-7.780199860556338,-4.065362251728503
578,-5.431831388280867,-5.470982358999105,8.522470668836425,3.7866554439692193,-6.206495347611572,-2.5846023292605174
579,-6.187529945675837,0.5595882815544487,-6.195668684882153,-9.364038586164723,-9.419030737226583,-4.717649659807005
580,-9.738138147014928,0.6371964555094078,-4.461317224487962,-9.80036143842136,-8.798527328714453,-5.435756138296524
581,4.676952066643593,5.999222128573516,-1.0422069547131405,10.556281204642524,-1.6002623272045728,-10.095853368116881
582,-6.116118295296536,-4.582868798429533,6.145660936383275,3.0779348031886204,-8.11954446530433,-2.7666035321588778
583,-3.732843291910919,-8.696257435447597,6.124775705604814,4.2828919720944825,-8.55322334989519,-2.1297358609134998
584,5.519835712300624,2.5564343987101195,1.0693242800701332,6.390443362712975,1.1710045663309598,-10.00166309712239
585,-6.150794403874639,0.49173188389492695,-5.278433867628964,-8.775509088244272,-10.826451640521167,-2.3462269724596747
586,-7.56831565541836,-1.8238575963906811,-4.810962997792392,-8.929398237748055,-9.839851756837266,-3.7920160678867485
587,-2.0502417709523173,-4.344621475600735,8.240818488335696,4.888915122334817,-6.759044980542215,-2.0804578709433414
588,-5.519025428816808,-6.361266482771845,5.7264203422537605,5.64917992923902,-7.504567635481376,-1.992854570208194
589,-8.442452130634097,1.2638954279382046,-7.966140954952178,-9.833760012158773,-10.063017578848747,-3.7766170701518704
590,4.50130909473876,4.6333534794390925,0.10118005550282638,9.592449958707814,0.607655626419714,-8.582454244133073
591,4.807780455146101,4.617653163546627,1.1441141031466229,12.32336312194041,0.6102976505696184,-7.984818120074744
592,4.8244243924121974,7.684523723934871,0.3554724162477051,8.556970215738696,1.8673110600713554,-9.627983689179871
593,-4.351058390556609,-2.3004631838103005,7.681290953049658,3.8799959579754386,-8.285999881446445,-2.371517247921304
594,-5.4470984779254366,0.31249832110392717,-7.157062093264701,-8.115302840593031,-8.680799069647676,-4.3532518902272
595,2.727461532003473,3.504978528863762,0.5223807295380911,10.958965956771543,-1.9170386360945468,-7.406351545102449
596,4.9409378776823925,5.186120892954058,2.408176659130941,6.273091133355303,-2.6083594446083866,-8.084848732501396
597,5.618170525959247,4.50361778132329,-2.925538354620276,8.031189733269272,0.6749735732378256,-10.403172680847947
598,-9.344206408448503,4.112532207484875,-7.395825364575813,-9.957207002093002,-9.867509055810492,-3.4263666675235886
599,-7.221871985541365,0.9124733213030288,-6.817046901998468,-11.300965552263284,-10.638237469728107,-6.563208768614919
600,5.323385557065315,6.583756557942962,3.7316152833391065,9.722869194884186,-1.007834244315888,-10.473759534048058
601,3.8387777892327457,5.989865763596536,1.6480790909619798,7.80746503132789,-0.1445354314170947,-7.063201017370716
602,4.761328537227082,9.242799553341438,2.904614802126419,11.764688561374534,-0.7994375304396522,-10.191269464375853
603,-6.1888472911523955,-2.4808692225801385,6.170816139086923,2.79531245562511,-8.156873826307011,-3.19832200785582
604,3.948767510943457,5.084916062392259,-0.8036597025510988,9.226504995882571,0.5684970079101155,-8.085382357408768
605,-4.355333750299713,-7.919864643718996,7.277534998517169,3.4090691078925537,-5.499334286218486,0.48840512773768463
606,-2.960895885594343,-3.788648095937976,8.66941479937957,4.383593649364051,-8.128383212107664,-2.081951413484369
607,4.806383832867981,3.968385402863197,-1.4036721518445188,8.938189085192723,1.9143863681913542,-11.04696500454397
608,6.493357495936353,6.863859052107211,-1.3880493643838672,9.15551571242566,-0.2073123468544697,-9.467644455161834
609,-3.416772551535945,-3.724188096077601,9.045676736023083,5.590619847485389,-7.788182653066667,-1.8743286827822003
610,-4.752724950056388,-3.4002072095267226,7.6784020265946955,-1.235643515645375,-6.490679984792712,-1.8745519910524506
611,-6.173458786529803,-1.7127525979365688,-7.318515571181154,-12.884879013951569,-9.986125313454416,-5.370653252791398
612,-7.510565385130201,0.5677612170009286,-6.4821995981080915,-9.543223211103136,-10.630134117011412,-3.7318614036343893
613,-6.991975723047011,1.1178673271720951,-3.9938553562363674,-6.769491528179328,-9.353816508545169,-3.209832505422094
614,-8.332938156326128,3.35520749848914,-5.212970721995207,-8.617593234156619,-10.154379280134593,-3.237376497940346
615,-4.711105973427774,-5.3004510308330275,6.5691341163051975,3.0258908808044174,-6.01044849544448,-3.557953175038967
616,-3.7463255539187252,-5.284080660105257,7.411390030963146,3.325737401707401,-8.969577149818472,-1.5513288244251984
617,-9.743736371749431,0.3367743392884992,-9.38254954847155,-13.281010079009363,-9.02993399259065,-7.329237799500807
618,4.9393121607374875,7.037846092143724,2.2795696544463486,11.04754455530216,-0.47267334656360294,-7.779659876982765
619,-8.114665659031065,2.43928875346933,-6.4126774568831415,-9.020025359626512,-8.40613418571822,-2.8255916067290325
620,6.495737470411217,3.548409553704624,-0.3963361255187241,11.5938383021878,-1.0253631417714295,-7.925739827850625
